ID Loker,Posisi,Nama Perusahaan,Tanggal,Batas Lamaran,Lokasi,Jenis Kerja,Gaji
"1830796","Terapis Spa","Berseri Spa","2026-09-05","","KAB. BANDUNG","",""
"1830767","Capster / Terapis","Tewink Salon Muslimah","2026-09-05","","KAB. CIANJUR","Full-time",""
"1830743","Capster / Terapis","Tewink Salon Muslimah","2026-09-05","","KOTA DEPOK","Full-time",""
"1830732","Nail &amp; Lash Terapist","Lunare Beaute","2026-09-05","","KOTA TANGERANG SELATAN","Full-time",""
"1830434","Terapis Spa","Serasa Spa &amp; Massage","2026-09-05","","Bali","Full-time","4000000"
"1830394","Fisioterapis / Admin","Physioku","2026-09-05","","KOTA DENPASAR","",""
"1830292","Beautician &amp; Therapist / Terapis Spa &amp; Beautician","Jinar Beauty &amp; Wellness","2026-09-04","","KOTA DENPASAR","",""
"1830195","Terapis","Omah Spa &amp; Salon","2026-09-04","","KAB. PURWOREJO","",""
"1829534","Terapis Bekam / Terapis","Ar Rayaah","2026-09-02","","Sulawesi Tengah","Full-time","2500000"
"1829504","Terapis / Cleaning Service","Shunna Beauty","2026-09-02","","KAB. MUNA BARAT","Full-time",""
"1829496","Terapis Spa","NAFIARA","2026-09-02","","Aceh","Full-time","1000000"
"1829308","Terapis","LaVisha Spa","2026-09-01","","KOTA TANGERANG SELATAN","Full-time",""
"1829240","Terapis Facial","Skinfirst EXPRESS","2026-08-31","","KOTA TANGERANG SELATAN","Full-time",""
"1828894","Terapis","Momo Reflexology &amp;amp; Massage","2026-08-24","","DKI Jakarta","Full-time",""
"1828891","Terapis","Momo Reflexology &amp;amp; Massage","2026-08-24","","DKI Jakarta","Full-time",""
"1828885","Terapis Massage &amp;amp; Reflexology","Kamala Reflexology","2026-08-24","","KAB. KARAWANG","Full-time",""
"1828869","Terapis","Momo Reflexology &amp;amp; Massage","2026-08-24","","KAB. KARAWANG","Full-time",""
"1828850","Terapis","Aurra Women Spa","2026-08-24","","KAB. KARAWANG","Full-time",""
"1828829","Spa Therapist / Waitress","Mesari Hotel Ubud","2026-08-24","","Bali","Full-time",""
"1828804","Beauty Therapist / Terapis Kecantikan","Body Lab Aesthetic Clinic","2026-08-24","","Bali","Full-time",""
"1828757","Beauty Therapist / Terapis Kecantikan","Body Lab Aesthetic Clinic","2026-08-24","","KOTA DENPASAR","Full-time",""
"1828756","FISIOTERAPIST / Fisioterapis","OMHC","2026-08-24","","Bali","Full-time",""
"1828689","Terapis Pria","Penang Refleksi","2026-08-24","","Aceh","Full-time","2500000"
"1828594","Terapis","Ilo Thai Massage","2026-08-23","","KAB. SUKOHARJO","Full-time",""
"1828551","Terapis Massage &amp;amp; Beautician","deWAVE","2026-08-23","","KAB. KUDUS","Full-time",""
"1828484","Terapis Bekam","Asyifa Medika","2026-08-23","","Jawa Tengah","Full-time",""
"1828361","Terapist Eyelash, Nail, dan Admin Sosmed","Nadacyclashbdg","2026-08-23","","Jawa Barat","Full-time",""
"1828199","Terapis Eyelash","Ruhee","2026-08-22","","Sulawesi Selatan","Full-time",""
"1828130","Terapis Salon / Hair Stylist / Kasir","Unique Salon","2026-08-21","","Jawa Barat","Full-time",""
"1828120","Terapis Perilaku","Sanata Psychology and Stimulation Center","2026-08-21","","KAB. BANDUNG","Full-time",""
"1828115","Terapis Salon / Hair Stylist / Kasir","Unique Salon","2026-08-21","","Jawa Barat","Full-time",""
"1828090","Terapis Salon / Hair Stylist / Kasir","Unique Salon","2026-08-21","","Jawa Barat","Full-time",""
"1828088","Terapis Perilaku","Sanata Psychology and Stimulation Center","2026-08-21","","KAB. BANDUNG","Full-time",""
"1828003","Terapis &amp;amp; Kasir","Waxhaus","2026-08-21","","KOTA TANGERANG SELATAN","Full-time",""
"1827966","Terapis &amp;amp; Kasir","waxhaus","2026-08-21","","KOTA DEPOK","Full-time",""
"1827764","Beautician/Terapis","Tokyo Belle","2026-08-15","","KAB. TANGERANG","Full-time",""
"1827763","Beautician/Terapis","TOKYO BELLE","2026-08-15","","KAB. TANGERANG","Full-time",""
"1827762","Beautician / Terapis","Tokyo Belle","2026-08-15","","KAB. TANGERANG","Full-time",""
"1827761","Beautician / Terapis","Tokyo Belle","2026-08-15","","KOTA TANGERANG","Full-time",""
"1827708","Hatra/Terapis","Kayuputih Family Reflexology","2026-08-13","","KAB. TULUNGAGUNG","Full-time","3500000"
"1827616","Terapis Reflexology","Havanna Family Reflexology","2026-08-13","","KAB. SIDOARJO","Full-time",""
"1827612","Terapis Kesehatan","Nakamura Holistic Therapy","2026-08-13","","KAB. BANYUWANGI","Full-time",""
"1827502","Terapis Massage &amp;amp; Beautician","deWAVE Therapy &amp;amp; Reflexology","2026-08-13","","DI Yogyakarta","Full-time",""
"1827343","Terapist Spa","NATTA SPA","2026-08-12","","Bali","Full-time","3000000"
"1827216","Terapis Kesehatan Tradisional","Mahira Wellness Center","2026-08-11","","KAB. SRAGEN","Full-time",""
"1827107","Terapis Kuku &amp;amp; Lash Extension","Damilash","2026-08-11","","DKI Jakarta","Full-time",""
"1827062","Terapis Spa / Massage","GOLDEN FRESH GROUP","2026-08-11","","KAB. BLITAR","Full-time",""
"1827005","Terapis Home Spa","Ainsley Beauty &amp;amp; Spa","2026-08-11","","DI Yogyakarta","Full-time","3000000"
"1826664","Terapist Spa","NATTA SPA","2026-08-11","","Bali","Full-time","3000000"
"1826652","Terapist Spa","NATTA SPA","2026-08-11","","Bali","Full-time","3000000"
"1826597","Terapis Home Spa","Ainsley Beauty &amp;amp; Spa","2026-08-11","","DI Yogyakarta","Full-time","3000000"
"1826531","Terapist SPA","NATTA SPA","2026-08-10","","Bali","Full-time","3000000"
"1826515","Terapis Klinik Refleksi, Bekam, dan Kretek","S.A.R Holistik Terapi","2026-08-10","","KOTA BANJARMASIN","Full-time","2000000"
"1826510","Terapis Refleksi, Bekam &amp;amp; Kretek","S.A.R Holistik Terapi","2026-08-10","","KOTA BANJARMASIN","Full-time","2000000"
"1826459","Manicurist &amp;amp; Terapis Eyelash","Beauty Nest Studio","2026-08-10","","KOTA MAKASSAR","",""
"1826424","Terapis / Staff Salon Wanita","Naasalon Spa Banda Aceh","2026-08-10","","Aceh","",""
"1826274","Terapis Part time Laki-laki / Terapis Full time Perempuan","MERAYU SPA &amp;amp; BEAUTY","2026-08-10","","KAB. PURBALINGGA","Full-time / Part-time",""
"1826137","Terapis","VE Baby Spa","2026-08-10","","KOTA MADIUN","",""
"1826091","Terapist Spa","NATTA SPA","2026-08-10","","KAB. BANYUWANGI","Full-time","3000000"
"1825818","Terapis Home Service","Samantha Home Spa","2026-08-08","","KAB. BANYUMAS","",""
"1825787","Terapis Baby Spa","Jingga Mom Baby Care","2026-08-08","","KAB. PURWOREJO","Full-time",""
"1825623","Terapis Pijat","Jemari Massage","2026-08-08","","KOTA BANJARMASIN","Full-time",""
"1825550","Terapis Wellness","Oriana Wellness","2026-08-08","","Bali","",""
"1825448","Terapis Pria","Penang Refleksi","2026-08-08","","Aceh","Full-time","2500000"
"1825419","Terapis Kuku &amp;amp; Lash Extension","Damilash","2026-08-08","","DKI Jakarta","Full-time",""
"1825191","Terapist","KAMADEVA SPA &amp;amp; HEALTH CLUB","2026-08-08","","KOTA SURABAYA","Full-time","10000000"
"1824906","Spa Therapist","PT. BALI WANGITIRTA NUSANTARA","2026-08-07","","KAB. KLUNGKUNG","Full-time",""
"1824877","Terapis","BRHC - Klinik Terapi &amp;amp; Kesehatan","2026-08-07","","KAB. KENDAL","Full-time",""
"1824668","Terapis Eyelash, Nail Art, Salon Rambut","Vonny Lie Beauty Studio","2026-08-07","","Kalimantan Barat","Full-time",""
"1824628","Terapis Spa","SENSA SPA","2026-08-07","","KOTA SALATIGA","Full-time","10000000"
"1824579","Terapis Salon / Terapis Nail Art","Salon Rani Beauty &amp;amp; Hair Treatment","2026-08-07","","KAB. MUNA BARAT","Full-time",""
"1824569","Beautician","Bevone Express","2026-08-07","","KAB. MALANG","Full-time",""
"1824329","TERAPIS ANAK","YAMET PUSAT TUMBUH KEMBANG ANAK PURWAKARTA","2026-08-07","","KAB. PURWAKARTA","Full-time",""
"1824235","Fisioterapis &amp;amp; Nurse","Spina Medica","2026-08-07","","KAB. CIANJUR","",""
"1824104","Terapis Kuku &amp;amp; Lash Extension","Damilash","2026-08-07","","DKI Jakarta","Full-time",""
"1823831","Terapist Spa","Natta Spa","2026-08-06","","Bali","Full-time","3000000"
"1823749","Terapis Pria","Penang Refleksi","2026-08-06","","Aceh","Full-time","2500000"
"1823606","Beautican / Terapis Kecantikan","Widari Family Massage and Beauty","2026-08-06","","KOTA SOLO","",""
"1823533","Terapis Bidan","Wellness Care Center","2026-08-06","","KAB. KLATEN","Full-time",""
"1823258","Terapis Pijat Kesehatan dan Kecantikan","deWAVE Massage, Reflexology &amp;amp; Beauty Bar","2026-08-06","","KAB. KUNINGAN","",""
"1822949","Terapis","Browstudio Annida","2026-08-05","","KOTA BANJARMASIN","Full-time",""
"1822942","Terapis","Browstudio Annida","2026-08-05","","KOTA BANJARMASIN","Full-time",""
"1822887","Terapis Spa &amp;amp; Beautician Klinik Kecantikan","The MERCY","2026-08-05","","KAB. KUTAI KARTANEGARA","Full-time",""
"1822855","Terapis Pijat Kesehatan dan Kecantikan / Massage Therapist / Beautician","deWAVE Massage, Reflexology &amp;amp; Beauty Bar","2026-08-05","","KAB. KUNINGAN","Full-time",""
"1822480","Terapis Tradisional","Violets Reflexology","2026-08-04","","KOTA METRO","Full-time",""
"1822472","Terapis Kecantikan","Klinik Vinast Kei","2026-08-04","","KAB. JOMBANG","",""
"1822119","Terapis","DEWAH SPA CEMAGI","2026-08-04","","Bali","Full-time",""
"1822013","TERAPIS","Lelap Family Reflexology","2026-08-04","","Jambi","Full-time",""
"1822008","Terapis Pijat Kesehatan &amp;amp; Kecantikan","deWAVE","2026-08-03","","KAB. CIREBON","Full-time",""
"1821892","Terapis Bidan","Monhea Mom &amp;amp; Baby Care","2026-08-03","","KAB. PEKALONGAN","Full-time",""
"1821878","Hair Stylist, Nail Therapist, Eyelash Technician, Beautician / Terapis","WNM BEAUTY BAR","2026-08-03","","KAB. JEPARA","Full-time",""
"1821848","Beautician / Terapis Kecantikan","Widari Family Massage &amp;amp; Beauty","2026-08-03","","KAB. KARANGANYAR","",""
"1821812","Beautician","E2M Skincare by Griya Hajeng","2026-08-03","","Jawa Tengah","Full-time",""
"1821748","Kasir Wanita / Terapis Creambath / Cleaning Service / Content Creator","HOTMAN Barbershop","2026-08-03","","DI Yogyakarta","",""
"1821733","Beautician / Terapis","Rumah Sakit Khusus Bedah MITRA ARIVA","2026-08-03","","KAB. BANYUMAS","Full-time",""
"1821647","Terapis (Pijat)","NEXA FAMILY REFLEXOLOGY","2026-08-03","","KAB. BANYUWANGI","Full-time",""
"1821645","Terapis (Pijat)","NEXA FAMILY REFLEXOLOGY","2026-08-03","","KAB. BANYUWANGI","Full-time",""
"1821643","Terapis (Pijat)","NEXA FAMILY REFLEXOLOGY","2026-08-03","","KAB. BANYUWANGI","Full-time",""
"1821540","Fisioterapis / Bidan","Bunda Esti Fisioterapi Baby Spa","2026-08-03","","KAB. SIDOARJO","Full-time",""
"1821433","Terapis Pijat Kesehatan dan Kecantikan","deWAVE Massage, Reflexology &amp;amp; Beauty Bar","2026-08-03","","KAB. KUNINGAN","Pelatihan + Langsung Kerja",""
"1821359","Terapis Pijat Bayi &amp;amp; Akupresur Ibu dan Anak","Apressa","2026-08-03","","KAB. TANGERANG","Contract",""
"1821355","Terapis Pijat Bayi &amp;amp; Akupresur Ibu dan Anak","Apressa","2026-08-03","","KAB. TANGERANG","Contract",""
"1821177","Terapis Massage / Terapis Kecantikan / Terapis Eyelash / Terapis Nail Art / Terapis Rambut","Me Time (Salon and Spa)","2026-08-01","","KOTA BANJARMASIN","Full-time",""
"1821117","Full Time Beautician / Terapis","Kimaya Spa","2026-08-01","","Kalimantan Timur","Full-time",""
"1821038","Terapis Massage / Terapis Kecantikan / Terapis Nail Art / Terapis Eyelash / Terapis Rambut","Me Time Salon and Spa","2026-08-01","","Kalimantan Selatan","Full-time",""
"1820903","Terapis Kecantikan dan Spa","VIVEH SALON_BJM","2026-07-31","","KOTA BANJARMASIN","Full-time","800000"
"1820864","Terapis Spa / Pijat","Yara Wellness","2026-07-31","","Bali","",""
"1820835","Terapist Spa","NATTA SPA","2026-07-31","","Bali","Full-time","3000000"
"1820444","Fisioterapis","de Plastico","2026-07-30","","Sulawesi Tenggara","",""
"1820400","Terapis","BRHC - Klinik Terapi &amp;amp; Kesehatan","2026-07-30","","KOTA SALATIGA","",""
"1820358","Terapis Relaxology","Relaxology","2026-07-30","","KAB. MALANG","",""
"1820256","Massage Therapist / Terapis Pijat","Australian Remedial Massage Bali","2026-07-30","","KOTA DENPASAR","Full-time / Part-time",""
"1820194","Freelencer Terapis Spa","RUANG TENANG SPA &amp;amp; MASSAGE","2026-07-30","","KAB. NGANJUK","Freelance",""
"1820177","FISIOTERAPIS","FHC FISIOTERAPI MADIUN","2026-07-30","","KAB. PONOROGO","Full-time",""
"1819954","Terapis Relaxology","Relaxology Ecoplaza Citra Raya Tangerang","2026-07-30","","KAB. TANGERANG","Full-time",""
"1819941","Terapis Relaxology","Relaxology Ecoplaza Citra Raya Tangerang","2026-07-30","","KAB. TANGERANG","Full-time",""
"1819906","Dental Assistant","smile+ dental studio","2026-07-30","","DKI Jakarta","",""
"1819697","TERAPIST SPA","NATTA SPA","2026-07-29","","KOTA DENPASAR","Full-time",""
"1819556","Terapis Spa &amp;amp; Facial","KLINIK JESSE ESTETIKA &amp;amp; UMUM","2026-07-29","","KOTA PALANGKARAYA","",""
"1819494","TERAPIS SPA PUTRI","Gendhis","2026-07-29","","KAB. PURBALINGGA","Full-time",""
"1819446","Terapis Pria Muslim","BRHC - Klinik Terapi &amp;amp; Kesehatan","2026-07-29","","KOTA SALATIGA","Full-time",""
"1819444","Terapis Pijat Family","Keneae Family Massage","2026-07-29","","KOTA SOLO","Full-time","4000000"
"1819354","Terapist","LENCIR WELLNESS","2026-07-28","","KAB. KLATEN","",""
"1819346","Beauty Therapist","Derm&eacute;a Aesthetic &amp;amp; Beauty","2026-07-28","","Bali","Part-time",""
"1819339","Terapist Spa","NATTA SPA","2026-07-28","","Bali","Full-time","3000000"
"1819022","Terapis Pijat Keluarga","Yogyakarta Family Massage House","2026-07-28","","DI Yogyakarta","Full-time",""
"1818975","Terapis","Babyspa Sayang Bunda Mom Kids and Baby Care","2026-07-28","","KAB. MAJALENGKA","Full-time",""
"1818560","Beautician / Terapis Kecantikan","Widari Family Massage &amp;amp; Beauty","2026-07-27","","KOTA SOLO","Full-time",""
"1818531","Stylish / Hairdresser, Hair Therapis / Massage Treatment, Nail Stylist / Terapis Kuku, Barberman / Lady Barber","BOSHAIR (premium)","2026-07-27","","KOTA TEGAL","Full-time",""
"1818527","Stylist (Hairdresser) / Hair Therapis (Massage Treatment) / Nail Stylist (Terapis Kuku) / Barberman / Lady Barber","NEW BOSHAIR (premium)","2026-07-27","","KAB. TEGAL","",""
"1818471","Terapis / Cleaning Service","Pusat De Alma Spa Sempusari","2026-07-27","","KAB. JEMBER","Full-time",""
"1818454","FISIOTERAPIS","FHC FISOTERAPI MADIUN","2026-07-27","","KAB. PONOROGO","Full-time",""
"1818196","Hairdresser / Penata Rambut, Nail Technician / Terapis Kuku, Lash &amp;amp; Brow Artist / Terapis Eyelash &amp;amp; Alis","Dearluxe Beauty","2026-07-17","","Bali","",""
"1818051","Terapis Refleksi Accupressure","Wellness Therapy Hanny","2026-07-16","","Jawa Barat","Part-time",""
"1817837","Terapis Pria","Penang Refleksi","2026-07-16","","Aceh","",""
"1817719","Terapis Spa","Podiy Beauty Studio Samarinda","2026-07-15","","Kalimantan Timur","",""
"1817551","Terapis Pijat Kesehatan dan Kecantikan","deWAVE","2026-07-15","","Sulawesi Selatan","Full-time",""
"1817506","Terapis Spa","Revyra Aesthetic Clinic","2026-07-14","","KOTA BATAM","",""
"1817451","Terapis","flo","2026-07-14","","DI Yogyakarta","",""
"1817399","Terapis Salon Profesional","Corazon Beauty &amp;amp; Treatment","2026-07-14","","Sulawesi Utara","",""
"1817371","Terapis SPA","Luminary","2026-07-13","","KOTA BANJARMASIN","",""
"1817356","Terapis Home Spa","PT. Ainsley Citra Mandiri","2026-07-13","","KOTA PALANGKARAYA","Full-time",""
"1817319","Terapis","Calla Studio","2026-07-13","","KOTA SALATIGA","Full-time",""
"1817290","Bidan / Terapis Laktasi","ASIMAM","2026-07-13","","Bali","Full-time",""
"1817183","Terapis","Reborn Massage Reflexology Bali","2026-07-13","","Bali","",""
"1817148","Terapis Pria","Penang Refleksi","2026-07-12","","Aceh","",""
"1817019","Hair Stylist / Capster / Terapis","Lameera Beauty Salon","2026-07-11","","KAB. MOJOKERTO","",""
"1816971","Terapis Kecantikan Muslimah","Rumah Kecantikan Muslimah Sumayyah","2026-07-11","","KOTA BAU BAU","",""
"1816684","PIC Klinik - Klaten / Perawat / Terapist","Inusa Premiere","2026-07-10","","KAB. KLATEN","Full-time",""
"1816506","Terapis Kesehatan (Pijat)","Kartika Relaxation","2026-07-10","","KAB. BLITAR","Full-time","3000000"
"1816470","Stylist / Terapis Rambut","Nery Salon","2026-07-10","","KOTA BAU BAU","",""
"1816446","Perawat Terapis","PT. Calysta Prima Estetik (Calysta Skin Care)","2026-07-10","","KOTA CIMAHI","Full-time",""
"1816377","Beauty Therapist / Terapis Kecantikan","Gamerskin Aesthetic Clinic","2026-07-09","","KAB. SUKOHARJO","Full-time",""
"1816196","Terapis Pijat Wanita","HerMassage","2026-07-09","","DI Yogyakarta","Full-time",""
"1816180","Terapis Eyelash &amp;amp; Nailart","Kana Beaute Kendari","2026-07-09","","KAB. MUNA BARAT","Full-time","2000000"
"1816060","Terapis Wicara (TW) / Terapis Perilaku / Terapis Okupasi (OT) / Admin &amp;amp; Asisten","TUNAS AYANI","2026-07-09","","KAB. SOLOK","",""
"1816051","Supervisor / Resepsionis / Terapis","REBORN massage &bull; reflexology","2026-07-09","","Bali","Full-time",""
"1816050","Supervisor / Resepsionis / Terapis","REBORN massage &bull; reflexology","2026-07-09","","Bali","Full-time",""
"1816045","Terapis Nails / Eyelash","Linglash Studio","2026-07-09","","Bali","Full-time",""
"1815888","Hairstylist / Terapis","Emy Salon","2026-07-09","","Aceh","",""
"1815856","Terapis Kesehatan","Kamalaya Family Reflexology","2026-07-08","","KOTA SURABAYA","","3000000"
"1815777","Terapis BabySpa","Marumi Baby &amp;amp; Spa","2026-07-08","","KAB. KUDUS","",""
"1815693","Terapis Salon / Hair Stylist (Bisa Gunting) / Kasir","UNIQUE SALON","2026-07-08","","Jawa Barat","",""
"1815687","Terapis","LeLap Family Reflexology","2026-07-08","","Jambi","Full-time",""
"1815611","Kepala Cabang / Terapis Eyelash","SuperSkin Beauty Clinic","2026-07-08","","KAB. BANYUWANGI","Full-time",""
"1815445","Terapis Pijat Wanita","HerMassage","2026-07-07","","DI Yogyakarta","Full-time",""
"1815097","Beautician / Terapis Kecantikan","Mooi Brow, Lash &amp;amp; Beauty Studio","2026-07-04","","KAB. SUKABUMI","",""
"1815081","Terapis Reflexology","Havanna Family Reflexology","2026-07-04","","KAB. SIDOARJO","",""
"1815047","Terapis Baby Spa","Sabrina Baby Spa &amp;amp; Shop","2026-07-04","","KAB. MOJOKERTO","",""
"1814983","Terapis Smart ABA","KIDAABA Klinik Intervensi Dini Applied Behavior Analysis","2026-07-04","","DI Yogyakarta","Full-time",""
"1814820","Frontliner / Terapis Kesehatan","Nakamura Holistic Therapy","2026-07-03","","KAB. PATI","Full-time",""
"1814748","Terapis Pijat Wanita","HerMassage","2026-07-03","","DI Yogyakarta","Full-time",""
"1814709","Beautician / Terapis","Kimaya","2026-07-03","","KOTA ADM. JAKARTA BARAT","Full-time",""
"1814168","Terapis SPA Muslimah","CV AROMATHERAPY SPA INDONESIA","2026-06-26","","KAB. PROBOLINGGO","Full-time",""
"1813896","Terapist (Bidan/Perawat)","Rumah Baby Spa","2026-06-24","","KAB. BLITAR","",""
"1813750","Terapis","Fit Reflexology","2026-06-22","","KAB. BUNGO","",""
"1813720","Terapis","Browstudio Annida","2026-06-22","","Kalimantan Selatan","",""
"1813719","Terapis","Browstudio Annida","2026-06-22","","Kalimantan Selatan","",""
"1813657","Terapis Nail Art &amp;amp; Spa / Tukang Pijat","Solitaire Nailspa","2026-06-19","","KAB. TANAH LAUT","",""
"1813482","Trainer Terapis Pria/Wanita","Kanaka Reflexology","2026-06-19","","DI Yogyakarta","",""
"1813311","Terapis Eyelash Extensions","bellbrow.studio","2026-06-19","","KOTA CIMAHI","",""
"1813302","Terapist SPA","NATTA SPA","2026-06-19","","Bali","",""
"1813273","Beauty Therapist / Terapis Kecantikan","RGK Skincare","2026-06-19","","Kalimantan Selatan","",""
"1813181","Female Therapist / Terapis Wanita","Rudra Sahashrara Bali","2026-06-18","","Bali","",""
"1813176","Beautician / Terapis Kecantikan","L&eacute;nora Beauty Studio","2026-06-18","","Bali","",""
"1812990","Terapis Nail Art &amp;amp; Eyelash","Hola Nailss","2026-06-18","","DI Yogyakarta","",""
"1812937","Terapis Eyelash, Nailart, Hairstylist","Yuki Studio Jambi","2026-06-17","","Jambi","",""
"1812881","Terapis Spa","SERASA Spa &amp;amp; Massage","2026-06-17","","Bali","",""
"1812879","Terapis Wanita","Griya Pijat TBS","2026-06-17","","Bali","",""
"1812872","Terapist SPA","Natta Spa","2026-06-17","","Bali","",""
"1812768","Terapist Spa","Natta Spa","2026-06-16","","Bali","",""
"1812767","Terapist SPA","Natta Spa","2026-06-16","","Bali","",""
"1812722","Terapis Baby SPA","Sabrina Baby SPA and Shop","2026-06-16","","KAB. MOJOKERTO","",""
"1812625","Terapis Salon","Rani Beauty Salon Jambi","2026-06-15","","Jambi","",""
"1812346","Terapis Wicara","RS Medika Mulia Tuban","2026-06-14","","KAB. TUBAN","",""
"1812274","Beauty Therapist / Terapis Kecantikan","Ayu Water Spa &amp;amp; Wellness Management","2026-06-14","","KAB. KARANGANYAR","",""
"1812067","Terapis Eyelash &amp;amp; Nail / Beauty Therapist","Coastal Beauty &amp;amp; Co.","2026-06-14","","Bali","",""
"1812063","Terapis Nails / Eyelash","LingLash Studio","2026-06-14","","Bali","",""
"1811891","Full Terapis","BRHC (Bekam Ruqyah Herbal Center)","2026-06-13","","Jawa Barat","",""
"1811847","Beautician / Terapis Kecantikan","Wiyandra Beauty Skin","2026-06-13","","KAB. BUNGO","",""
"1811770","Terapis Spa","Natta Spa","2026-06-13","","Bali","",""
"1811753","Terapist Spa","Natta Spa","2026-06-13","","Bali","",""
"1811618","Beauty Therapist / Terapis Kecantikan","Ayu Water Spa &amp;amp; Wellness Management","2026-06-12","","KAB. KARANGANYAR","",""
"1811594","Terapis Salon / Terapis Nails","Kuman Padang","2026-06-12","","KOTA PADANG","",""
"1811561","Hair Stylist / Terapis Nail Art","LoveMe Beauty Studio","2026-06-12","","Maluku","",""
"1811448","Terapis Spa","Natta Spa","2026-06-12","","Bali","",""
"1811439","Terapis Spa","Natta Spa","2026-06-12","","Bali","",""
"1811436","Terapist Spa","Natta Spa","2026-06-12","","Bali","",""
"1811334","Terapis Pijat HomeSpa (Premium)","Pinhome Service","2026-06-12","","KAB. KARAWANG","",""
"1811193","Terapis Home Treatment","Physiora.Hometherapy","2026-06-12","","Nusa Tenggara Timur","",""
"1811150","Terapis Home Spa","Ainsley Beauty &amp;amp; Spa","2026-06-12","","KOTA BANJARMASIN","",""
"1811126","Terapis Baby Spa","Kirana Baby Spa","2026-06-11","","KAB. PACITAN","",""
"1811080","Terapis Pijat","SOULROOM Home Wellness","2026-06-11","","KOTA SURABAYA","",""
"1811076","Fisioterapis / Penjaga Toko","FLEX FOOT SOLUTION","2026-06-11","","KOTA DENPASAR","",""
"1811034","Beauty Therapist / Terapis Kecantikan","A LOVE BEAUTY CARE","2026-06-11","","KAB. TUBAN","",""
"1810919","Terapis Home Spa","Ainsley Beauty &amp;amp; Spa","2026-06-11","","DI Yogyakarta","",""
"1810863","Terapis &amp;amp; Hair Stylist","Spa 3 Dara","2026-06-11","","Bengkulu","",""
"1810812","Terapis Refleksi / Pijat","URU-URU Reflexology","2026-06-10","","Sulawesi Utara","",""
"1810805","Terapis Refleksi / Pijat","URU-URU Reflexology","2026-06-10","","Sulawesi Utara","",""
"1810801","Terapist SPA","Natta Spa","2026-06-10","","Bali","",""
"1810790","Terapist Spa","Natta Spa","2026-06-10","","Bali","",""
"1810566","Spa Therapist / Terapis Spa","Paddy Spa","2026-06-08","","Bali","",""
"1810565","Terapist Spa","Natta Spa","2026-06-08","","Bali","",""
"1810552","Terapist Spa","Natta Spa","2026-06-08","","KAB. BANYUWANGI","",""
"1809718","Terapis Home Spa","Ainsley Beauty &amp;amp; Spa","2026-06-04","","DI Yogyakarta","",""
"1809664","Terapis Pijat Kesehatan dan Kecantikan","deWAVE Family Massage, Reflexology &amp;amp; Beauty Bar","2026-06-04","","KAB. CILACAP","",""
"1809609","Female Therapist / Terapis Wanita","Rudra Sahashrara Bali","2026-06-04","","Bali","",""
"1809344","Spa Therapist / Terapis Wanita","T.B.S Griya Pijat","2026-05-29","","Bali","",""
"1809250","Terapis Eyelash &amp;amp; Nail Art","D&rsquo;BEAUTY_LASH &amp;amp; NAILS","2026-05-28","","KAB. TEGAL","",""
"1809182","Terapis Spa","Coral Spa","2026-05-28","","Sulawesi Utara","",""
"1809181","Terapis Spa","Marketing Highlands","2026-05-28","","Sulawesi Utara","",""
"1809087","Terapis Wicara / Terapis Perilaku","Tomodachi Therapy Center","2026-05-26","","KAB. MAJALENGKA","",""
"1808254","Terapis Eyelash &amp;amp; Nail Art","D'Beauty_Lash &amp;amp; Nails","2026-05-23","","KAB. TEGAL","",""
"1808248","Hattra/Terapis","KAYUPUTIH","2026-05-23","","Bali","",""
"1807940","Hair Stylist, Terapis Eyelash &amp;amp; Nail","Lavish Beauty Studio","2026-05-21","","KAB. MUNA BARAT","",""
"1807704","Beauty Terapis","Kirana Beauty Centre","2026-05-21","","KAB. PURWOREJO","",""
"1807665","Terapis Pijat Kesehatan dan Kecantikan","Next Wave Corp","2026-05-21","","KAB. BUNGO","",""
"1807444","Terapis Pijat Kesehatan dan Kecantikan","deWAVE","2026-05-21","","KOTA BANJAR","",""
"1807418","Terapis Pijat Refleksi","I-ZENTA","2026-05-21","","Nusa Tenggara Timur","",""
"1807406","Terapis Pijat Kesehatan dan Kecantikan / Massage Therapist dan Beautician","deWAVE","2026-05-21","","Maluku","",""
"1806820","Terapis Massage","Queen Massage","2026-05-06","","Nusa Tenggara Barat","",""
"1806812","Terapis Massage","Queen Massage","2026-05-06","","Nusa Tenggara Barat","",""
"1806807","Terapis Massage","Queen Massage","2026-05-06","","Nusa Tenggara Barat","",""
"1806567","TERAPIS SPA / TERAPIS SALON / ADMIN","Malindo Aesthetic Center","2026-05-05","","KAB. PURWOREJO","",""
"1806564","TERAPIS &amp;amp; BEAUTICIAN","deWAVE","2026-05-05","","KAB. PURWOREJO","",""
"1806562","LOWONGAN KERJA TERAPIS PART TIME / Terapis part time","Merayu Spa","2026-05-05","","KAB. BANYUMAS","",""
"1806525","TERAPIS BABY &amp;amp; MOM SPA","Chik Baby Spa","2026-05-05","","KAB. NGANJUK","",""
"1806522","LOWONGAN KERJA TERAPIS PART TIME / Terapis part time","Merayu Spa","2026-05-05","","KAB. PURBALINGGA","",""
"1806516","TERAPIS BABY &amp;amp; MOM SPA","CHIK BABY SPA","2026-05-05","","KAB. KEDIRI","",""
"1806458","TERAPIS SPA / TERAPIS SALON / ADMIN","Malindo Aesthetic Center","2026-05-05","","KAB. KEBUMEN","",""
"1806408","TERAPIS WANITA","Kalisha Refleksi Massage","2026-05-05","","KOTA SOLO","",""
"1806240","TERAPIS PIJAT KESEHATAN DAN KECANTIKAN","deWAVE","2026-05-05","","KOTA AMBON","",""
"1806236","NAIL TERAPIST","SUMMER LASH BEAUTY Studio","2026-05-05","","Sulawesi Tengah","",""
"1806235","NAIL TERAPIST","SUMMER LASH BEAUTY Studio","2026-05-05","","Sulawesi Tengah","",""
"1806200","TERAPIS KLINIK KECANTIKAN","Chrisstalie Derma Clinic","2026-05-05","","Nusa Tenggara Barat","",""
"1806148","Facial Therapist / Terapis Wajah","Lunera Skin","2026-05-04","","Kalimantan Selatan","",""
"1805992","Beauty Terapis","AR Beauty &amp;amp; Treatment","2026-05-04","","KAB. MOJOKERTO","",""
"1805882","TERAPIS WANITA","Kalisha Refleksi Massage","2026-05-04","","KOTA SOLO","",""
"1805526","TERAPIS BABY SPA","mutiara.babyspa","2026-05-04","","KAB. TULUNGAGUNG","",""
"1805502","TERAPIS &amp;amp; BEAUTICIAN","deWAVE","2026-05-04","","KAB. CILACAP","",""
"1805501","TERAPIS &amp;amp; BEAUTICIAN","deWAVE","2026-05-04","","KAB. CILACAP","",""
"1805467","TERAPIS WICARA","Mentari CDC","2026-05-04","","KAB. BOYOLALI","",""
"1805426","Terapist Lash &amp;amp; Nail","outre Beauty Bar","2026-05-04","","KOTA MAKASSAR","",""
"1805425","Terapist Lash &amp;amp; Nail","outre Beauty Bar","2026-05-04","","KOTA MAKASSAR","",""
"1805398","TERAPIS","Klinik Rezky Tiara","2026-05-04","","Sulawesi Selatan","",""
"1805397","TERAPIS","Klinik Rezky Tiara","2026-05-04","","Sulawesi Selatan","",""
"1804629","BEAUTICIAN / TERAPIS KECANTIKAN","Widari Family Massage &amp;amp; Beauty","2026-04-30","","KOTA SOLO","",""
"1804618","TERAPIS PIJAT REFLEXY","Reflexology Family NEXA","2026-04-30","","KAB. PROBOLINGGO","",""
"1804507","CAPSTER SALON PROFESIONAL &amp;amp; TERAPIST BODY SPA","Incess Beauty Salon","2026-04-30","","KAB. SRAGEN","",""
"1804403","Terapis Eyelash","Rossa Beauty Studio","2026-04-30","","Bali","",""
"1804402","Terapis Eyelash","Rossa Beauty Studio","2026-04-30","","Bali","",""
"1804366","TERAPIS SPA","Cquita Salon &amp;amp; Day Spa","2026-04-30","","KAB. KEBUMEN","",""
"1803973","TERAPIS WANITA","Kalisha Refleksi Massage","2026-04-29","","KOTA SOLO","",""
"1803971","TERAPIS PIJAT FAMILY","Keneae Family Massage","2026-04-29","","KOTA SOLO","",""
"1803778","TERAPIS SPA PUTRI","Gendhis Spa","2026-04-29","","KAB. PURBALINGGA","",""
"1803558","TERAPIS SPA PUTRI","Gendhis Spa","2026-04-29","","KAB. CILACAP","",""
"1803551","TERAPIST SPA","Fuchsia.Spa","2026-04-29","","KAB. BREBES","",""
"1803364","TERAPIS &amp;amp; BEAUTICIAN","deWAVE","2026-04-28","","KAB. CILACAP","",""
"1803275","CLEANING SERVICE / TERAPIS","De Alma Spa","2026-04-28","","KAB. JEMBER","",""
"1803264","FULL TERAPIS / PEKERJAAN","BRHC (Bekam Ruqyah Herbal Center)","2026-04-28","","KOTA SALATIGA","",""
"1803171","TERAPIS PIJAT REFLEXY","Reflexology Family NEXA","2026-04-28","","KAB. BANYUWANGI","",""
"1803128","Terapis Wanita","Healing Family Reflexology","2026-04-28","","KOTA SURABAYA","",""
"1803096","Terapis (TR)","deWAVE","2026-04-28","","KAB. KARANGANYAR","",""
"1802992","TERAPIS MASSAGE WANITA","Aqualily Spa","2026-04-27","","KAB. SIDOARJO","",""
"1802862","TERAPIS PEREMPUAN","relax REFLEXOLOGY &amp;amp; MASSAGE","2026-04-27","","KAB. BANYUWANGI","",""
"1802839","BEAUTY TERAPIS / HAIR STYLIST","Anggi Beauty Studio","2026-04-27","","KAB. BUNGO","",""
"1802819","TERAPIS WANITA","Kalisha Refleksi Massage","2026-04-27","","KOTA SOLO","",""
"1802769","Terapis","Bunda Esti Fisioterapi Baby Spa","2026-04-27","","KAB. PURWOREJO","",""
"1802745","Terapist","Nuansa Mom and Baby Spa","2026-04-27","","KAB. PURBALINGGA","",""
"1802705","TERAPIS KECANTIKAN / BEAUTY THERAPIST","Body Lab","2026-04-27","","Bali","",""
"1802704","TERAPIS KECANTIKAN / BEAUTY THERAPIST","Body Lab","2026-04-27","","Bali","",""
"1802703","TERAPIS","NATURAL CARE KLINIK","2026-04-27","","KAB. KLATEN","",""
"1802602","Terapis Wanita","NUMMA RUMAH CANTIK","2026-04-27","","KOTA BANJARMASIN","",""
"1802415","TERAPIS LAKI LAKI","Ayana Family Reflexology","2026-04-25","","KAB. BLITAR","",""
"1802157","TERAPIS PIPA KESEHATAN DAN KECANTIKAN","deWAVE","2026-04-25","","Maluku","",""
"1802127","TERAPIS SPA &amp;amp; EXTENSION","THE BEST AESTHETIC","2026-04-25","","Kalimantan Utara","",""
"1802080","NAIL TERAPIST","Summer Lash Beauty Studio","2026-04-25","","Sulawesi Tengah","",""
"1802079","NAIL TERAPIST","Summer Lash Beauty Studio","2026-04-25","","Sulawesi Tengah","",""
"1802078","NAIL TERAPIST","SUMMER LASH BEAUTY Studio","2026-04-25","","Sulawesi Tengah","",""
"1802077","NAIL TERAPIST","SUMMER LASH BEAUTY Studio","2026-04-25","","Sulawesi Tengah","",""
"1802070","Leader Terapis / Terapis","Pijat Keluarga Ningrat","2026-04-25","","KOTA BANJARMASIN","",""
"1802022","Leader Terapis / Terapis","Pijat Keluarga Ningrat","2026-04-25","","Kalimantan Selatan","",""
"1801991","Terapis Wicara","Rumah Terapi Wicara","2026-04-24","","KOTA SOLO","",""
"1801970","Staf Terapis Gigi dan Mulut / Staf Cashier &amp;amp; Billing","Rumah Sakit &amp;quot;JIH&amp;quot; SOLO","2026-04-24","","KAB. SUKOHARJO","",""
"1801969","Staf Terapis Gigi dan Mulut / Staf Cashier &amp;amp; Billing","Rumah Sakit &amp;quot;JIH&amp;quot; SOLO","2026-04-24","","KAB. SUKOHARJO","",""
"1801956","TERAPIS PIJAT REFLEKSI","I-ZENTA","2026-04-24","","KAB. SRAGEN","",""
"1801950","Staf Terapis Gigi dan Mulut / Staf Cashier &amp;amp; Billing","Rumah Sakit &amp;quot;JIH&amp;quot; SOLO","2026-04-24","","KAB. SRAGEN","",""
"1801552","Terapis Wanita - Home Spa","MOORA Beauty &amp;amp; Spa","2026-04-24","","KOTA BANJARMASIN","",""
"1801491","TERAPIS KECANTIKAN / (BEAUTY THERAPIST)","Body Lab","2026-04-24","","Bali","",""
"1801490","TERAPIS KECANTIKAN / (BEAUTY THERAPIST)","Body Lab","2026-04-24","","Bali","",""
"1801430","TERAPIS PIJAT KESEHATAN DAN KECANTIKAN","deWAVE","2026-04-24","","KAB. BUNGO","",""
"1801380","terapist pijat","On yu Wellness Therapy","2026-04-24","","KOTA CIMAHI","",""
"1801133","TERAPIS PIJAT KESEHATAN DAN KECANTIKAN","deWAVE Corp","2026-04-18","","KAB. PURWOREJO","",""
"1801065","Terapis","Healing Family Reflexology","2026-04-18","","KAB. MALANG","",""
"1801064","Terapis","Healing Family Reflexology","2026-04-18","","KAB. MALANG","",""
"1801031","Terapis","Healing Family Reflexology","2026-04-18","","KAB. GRESIK","",""
"1800944","Dokter Kecantikan, Perawat, Apoteker, Terapis atau Beautician","The Best Aesthetic","2026-04-18","","Kalimantan Utara","",""
"1800770","TERAPIS PIJAT KESEHATAN DAN KECANTIKAN","deWAVE","2026-04-17","","KAB. PEKALONGAN","",""
"1800726","TERAPIS PIJAT KESEHATAN DAN KECANTIKAN","deWAVE","2026-04-17","","KAB. TEGAL","",""
"1800720","TERAPIS WANITA","Kalisha Refleksi Massage","2026-04-17","","KOTA SOLO","",""
"1800680","Terapis Wanita - Home Spa","Moora Beauty &amp;amp; Spa","2026-04-17","","KOTA BANJARMASIN","",""
"1800551","TERAPIS PIJAT KESEHATAN / BEAUTICIAN","deWAVE","2026-04-17","","KAB. PURWOREJO","",""
"1800540","TERAPIS PIJAT KESEHATAN / BEAUTICIAN","NEXT WAVE CORP","2026-04-17","","KAB. BANYUMAS","",""
"1800438","TERAPIS","NATURAL CARE KLINIK","2026-04-17","","KAB. KLATEN","",""
"1800433","Terapis Home SPA","Ainsley","2026-04-17","","DI Yogyakarta","",""
"1800432","Terapis Home SPA","Ainsley","2026-04-17","","DI Yogyakarta","",""
"1800376","TERAPIS &amp;quot;SIDOARJO&amp;quot;","RESU MASSAGE","2026-04-17","","KAB. SIDOARJO","",""
"1800359","Terapis","Healing Family Reflexology","2026-04-17","","KOTA SURABAYA","",""
"1800268","Perawat/Bauty Terapis","Amares Skin Clinic","2026-04-17","","KOTA TANJUNG PINANG","",""
"1800261","NAILIST -HAIR STYLIST - TERAPIS SPA","DASMA BEAUTY STUDIO","2026-04-17","","Kepulauan Riau","",""
"1800230","LOWONGAN FISIOTERAPIST","KLINIK ASFIAH HUSADA","2026-04-16","","KAB. SUKOHARJO","",""
"1800147","TERAPIS SALON &amp;amp; SPA (WANITA)","GDM Salon &amp;amp; Spa","2026-04-16","","KAB. SUKABUMI","",""
"1800141","TENAGA TEKNIS KEFAARMASIAN (TTK) / AHLI TEKNOLOGI LABORATORIUM MEDIK (ATLM) / TERAPIS WICARA / OKUPASI TERAPIS / TIM IT","RSU Islam Cawas","2026-04-16","","KAB. SUKOHARJO","",""
"1800128","TERAPIS NAIL ART","Everylashes","2026-04-16","","KAB. MUNA BARAT","",""
"1799993","Terapis Home SPA ~ Ainsley ~ Yogyakarta","Ainsley Beauty &amp;amp; SPA","2026-04-16","","KOTA YOGYAKARTA","",""
"1799851","Terapis full time","Merayu Spa &amp;amp; Beauty","2026-04-16","","KAB. PURBALINGGA","",""
"1799844","Terapis Home SPA","Ainsley","2026-04-16","","Kalimantan Tengah","",""
"1799697","Terapis Skincare &amp;amp; Beautician skincare","Ncare Beauty Skincare &amp;amp; Salon","2026-04-16","","KAB. BOYOLALI","",""
"1799309","NAILIST / TERAPIS EYELASH / KAPSTER","Mamavin Beauty Studio","2026-04-15","","KOTA SEMARANG","",""
"1799292","TERAPIS","Ella","2026-04-15","","KOTA SALATIGA","",""
"1799117","Beautician / Terapis","SAYU BEAUTY","2026-04-15","","Bali","",""
"1799115","Beautician / Terapis","SAYU BEAUTY","2026-04-15","","Bali","",""
"1799078","Hattra/Terapis","Kayuputih","2026-04-15","","KAB. SIDOARJO","",""
"1798816","TERAPIS BABY &amp;amp; KID SPA","Queensha Mom &amp;amp; Baby SPA","2026-04-15","","KOTA BATU","",""
"1798747","Helper Cook / Terapis Reflexy","711 Eatery &amp;amp; Coffee","2026-04-14","","KAB. SIDOARJO","",""
"1798743","Hattra/Terapis","Kayuputih Spa","2026-04-14","","KAB. SIDOARJO","",""
"1798684","TERAPIST","Inusa Klinik Berbah","2026-04-14","","DI Yogyakarta","",""
"1798509","Terapis Wanita","AN HOME SPA Beauty","2026-04-14","","Sulawesi Selatan","",""
"1798508","Terapis Wanita","AN HOME SPA Beauty","2026-04-14","","Sulawesi Selatan","",""
"1798326","Terapis Reflexology","Havana Family Reflexology","2026-04-13","","KOTA TANGERANG SELATAN","",""
"1798207","terapis khusus wanita","De Plarit","2026-04-13","","KOTA TEGAL","",""
"1797800","Terapis SPA Home Service","SPA Muslimah By Seri","2026-04-13","","KOTA BANJARMASIN","",""
"1797770","TERAPIS REFLEKSI PRIA DAN WANITA","PT. PRIMA SEHAT ALAMI","2026-04-13","","Aceh","",""
"1797751","Professional therapist / Terapis Profesional","sel&eacute;sa","2026-04-13","","KOTA SEMARANG","",""
"1797747","Terapis SPA Home Service","SPA Muslimah By Seri","2026-04-13","","Kalimantan Selatan","",""
"1797745","Terapis SPA Home Service","SPA Muslimah By Seri","2026-04-13","","Kalimantan Selatan","",""
"1796617","Beautician / Terapis","Kimaya Spa","2026-04-10","","Kalimantan Timur","",""
"1796508","Terapis Cowok &amp;amp; Cewek","Griya Sehat Himawari","2026-04-10","","KAB. MADIUN","",""
"1796470","Kepala Cabang / Eyelash Terapis / Perawat","Super Skin Beauty Clinic","2026-04-10","","KAB. KUDUS","",""
"1796338","TERAPIST NAIL ART &amp;amp; EYELASH","Labella Nails","2026-04-10","","KOTA SALATIGA","",""
"1796292","Terapis","Mocha Family Massage &amp;amp; Reflexology","2026-04-09","","KOTA SURABAYA","",""
"1796054","terapis khusus wanita","Dr. PLARIT","2026-04-08","","KAB. TEGAL","",""
"1795991","TERAPIS SPA PUTRI","Gendhis Perawatan Putri","2026-04-08","","KAB. BANYUMAS","",""
"1795990","TERAPIS PIJAT KESEHATAN / BEAUTICIAN","deWAVE","2026-04-08","","KAB. BANYUMAS","",""
"1795969","TERAPIS","Momea (Mom Kds &amp;amp; Baby Care)","2026-04-08","","KAB. PEKALONGAN","",""
"1795922","TERAPIS SPA","Aluna Home Spa","2026-04-08","","KOTA SALATIGA","",""
"1795855","BEAUTICIAN/TERAPIS KECANTIKAN","Nisrina Skincare","2026-04-08","","DI Yogyakarta","",""
"1795736","TERAPIS WAJAH / TERAPIS KUKU / TERAPIS PIJAT / CONTENT EDITING","MERLYN OFFICIAL","2026-04-07","","KAB. KARAWANG","",""
"1795642","TERAPIS PIJAT","Spanesia Family Reflexology","2026-04-07","","KOTA CIMAHI","",""
"1795596","LOWONGAN KERJA TERAPIS","Mandalika Homespa Palu","2026-04-07","","Sulawesi Tengah","",""
"1795538","TERAPIS NAIL ART","Ruhee","2026-04-07","","Sulawesi Selatan","",""
"1795454","Admin &amp;amp; Marketing / Eyelash &amp;amp; Nail Terapish","Julia stevan Studio","2026-04-07","","KOTA SURABAYA","",""
"1795453","Admin &amp;amp; Marketing / Eyelash &amp;amp; Nail Terapish","Julia stevan Studio","2026-04-07","","KOTA SURABAYA","",""
"1795429","TERAPIS REFLEKSI / PIJAT","URU-URU REFLEXOLOGY","2026-04-07","","Sulawesi Utara","",""
"1795428","TERAPIS REFLEKSI / PIJAT","URU-URU REFLEXOLOGY","2026-04-07","","Sulawesi Utara","",""
"1795304","TERAPIS HOME SPA (WANITA)","Senaira Home Spa","2026-04-07","","Kepulauan Riau","",""
"1795227","TERAPIS","YOUFO Blossom Beauty Center","2026-04-07","","KAB. BANYUWANGI","",""
"1795226","TERAPIS","YOUFO Blossom Beauty Center","2026-04-07","","KAB. BANYUWANGI","",""
"1795074","TERAPIS SPA","Haymah Wellness &amp;amp; Spa","2026-04-06","","Nusa Tenggara Barat","",""
"1795033","TERAPIS &ndash; ASENA MASSAGE","Asena Massage","2026-04-06","","KAB. TASIKMALAYA","",""
"1794993","TERAPIS &ndash; ASENA MASSAGE","Asena Massage","2026-04-06","","KAB. MAJALENGKA","",""
"1794921","Home Assistant / Terapis Wanita","RECOV INDONESIA","2026-04-06","","KOTA CIMAHI","",""
"1794764","Terapis Salon","StarryBeautyStudio","2026-04-06","","Nusa Tenggara Barat","",""
"1794682","Staf Admin Manajemen / Spa Terapis","Prima Salon &amp;amp; Spa Reflexology","2026-04-06","","KAB. MUNA BARAT","",""
"1794681","Staf Admin Manajemen / Spa Terapis","Prima Salon &amp;amp; Spa Reflexology","2026-04-06","","KAB. MUNA BARAT","",""
"1794629","TERAPIS REFLEKSI / PIJAT","URU-URU REFLEXOLOGY","2026-04-06","","Sulawesi Utara","",""
"1794628","TERAPIS REFLEKSI / PIJAT","URU-URU REFLEXOLOGY","2026-04-06","","Sulawesi Utara","",""
"1794576","Dokter Umum / Dokter Gigi / Perawat Umum (Ranap &amp;amp; Rajal) / Perawat IGD / Perawat ICU / Perawat NICU / Perawat OK / Bidan / Apoteker / Tenaga Teknik Kefarmasian / Ahli Gizi / Fisioterapis / Radiografer / Analisis Kesehatan / ATLM / Admin &amp;amp; ","PT. Rolas Nusantara Medika","2026-04-06","","KAB. BANYUWANGI","",""
"1794346","TERAPIST SPA","NATTA SPA","2026-04-04","","Bali","",""
"1794307","Terapis Home Service / Home Service Massage","Lensa","2026-04-04","","KOTA DENPASAR","",""
"1794214","Terapis Pijat","Pijat Keluarga Circulo","2026-04-04","","KAB. KARAWANG","",""
"1794200","Terapist Lash &amp;amp; Nail","outre beauty bar","2026-04-04","","Sulawesi Selatan","",""
"1794197","TERAPIST ASENA MASSAGE / ADMIN CS &amp;amp; RESEPSIONIS","Asena","2026-04-04","","KAB. SUMEDANG","",""
"1794097","TEAM KITCHEN / WAITERS / TERAPIS FOHOWAY","Abuteke Steak &amp;amp; Ice Cream","2026-04-04","","KAB. PACITAN","",""
"1793944","TERAPIS SPA","SERASA Spa &amp;amp; Massage","2026-04-04","","KAB. KARANGANYAR","",""
"1793787","SPA TERAPIS","KOYA Spa Bali","2026-04-03","","Bali","",""
"1793736","TERAPIS PIJAT &amp;amp; BEAUTICIAN","deWAVE Massage, Reflexology &amp;amp; Beauty Bar","2026-04-03","","DI Yogyakarta","",""
"1793678","Terapis Relaxology","Relaxology","2026-04-03","","Sulawesi Tenggara","",""
"1793284","Spa terapis","HOMESPACIREBON","2026-04-02","","KAB. CIREBON","",""
"1793155","PROFESSIONAL FACIAL THERAPIST","LIANOFASKIN","2026-04-01","","KAB. TEGAL","",""
"1793065","TERAPIS WANITA","Rumah Cantik Rossa","2026-04-01","","KAB. BLITAR","",""
"1793040","DIBUTUHKAN TERAPIS WANITA","Spa Keluarga di Area Jember Kota","2026-04-01","","KAB. BONDOWOSO","",""
"1793032","TERAPIS","Arsyila Baby &amp;amp; Kids Spa","2026-04-01","","KAB. MAGETAN","",""
"1792973","TERAPIS","waxhaus","2026-04-01","","KOTA TANGERANG SELATAN","",""
"1792972","NAIL TERAPIS","Ylash","2026-04-01","","KOTA TANGERANG SELATAN","",""
"1792890","TERAPIS WANITA","Spa Keluarga di Area Jember Kota","2026-04-01","","KAB. LUMAJANG","",""
"1792837","Fisioterapi / Terapis / Consultant non medis","PT. EDELWEISS MANDIRI PERKASA","2026-04-01","","Jawa Barat","",""
"1792836","TERAPIS","green home spa","2026-04-01","","Jawa Barat","",""
"1792782","TERAPIS PIJAT KESEHATAN DAN KECANTIKAN","deWAVE","2026-04-01","","KOTA DEPOK","",""
"1792719","Home Assistant / Terapis Wanita","RECOV INDONESIA","2026-04-01","","KOTA CIMAHI","",""
"1792705","TERAPIS PIJAT KESEHATAN DAN KECANTIKAN","deWAVE","2026-04-01","","Sumatera Barat","",""
"1792704","Terapis Home SPA ~ Ainsley","Ainsley Beauty &amp;amp; SPA","2026-04-01","","KAB. PASER","",""
"1792568","TERAPIS PRIA / WANITA / RESEPSIONIS / KONTEN KREATOR","MORIS family reflexology &amp;amp; spa","2026-03-31","","Sumatera Selatan","",""
"1792567","TERAPIS PRIA / WANITA / RESEPSIONIS / KONTEN KREATOR","MORIS family reflexology &amp;amp; spa","2026-03-31","","Sumatera Selatan","",""
"1792506","TERAPIST NAIL ART &amp;amp; EYELASH","Hola Nailss","2026-03-31","","KAB. TANGERANG","",""
"1792356","TERAPIS PIJAT KESEHATAN DAN KECANTIKAN","deWAVE","2026-03-31","","KOTA CILEGON","",""
"1792338","TERAPIS PIJAT &amp;amp; REFLEKSI","The Healing Our","2026-03-31","","KAB. CIANJUR","",""
"1792205","PENGHUSA DA/TERAPIS KESEHATAN","Nakamura Holistic Therapy","2026-03-31","","KAB. GRESIK","",""
"1792172","TERAPIS WANITA","SPA KELUARGA","2026-03-31","","KAB. BANYUWANGI","",""
"1792144","Fisio Team Leader / Terapis Wanita","PT. RECOV INDONESIA","2026-03-31","","KOTA CIMAHI","",""
"1791955","NAIL TERAPIST / EYELASH TERAPIST","Summer Lash Beauty Studio","2026-03-30","","Sulawesi Tengah","",""
"1791954","NAIL TERAPIST / EYELASH TERAPIST","Summer Lash Beauty Studio","2026-03-30","","Sulawesi Tengah","",""
"1791838","TENAGA AHLI URUT / TERAPIS UNTUK KESEHATAN","PANTI SEHAT IBU BROTO","2026-03-30","","DKI Jakarta","",""
"1791792","HAIRSTYLIST / TERAPIS SALON","Windy Lie Salon","2026-03-30","","KAB. CIANJUR","",""
"1791781","HAIRSTYLIST / TERAPIS SALON","Windy Lie Salon","2026-03-30","","KAB. CIANJUR","",""
"1791775","HAIRSTYLIST / TERAPIS SALON","Windy Lie Salon","2026-03-30","","KAB. CIANJUR","",""
"1791766","HAIRSTYLIST / TERAPIS SALON","Windy Lie Salon","2026-03-30","","KAB. CIANJUR","",""
"1791645","TERAPIS WANITA","Kalisha Refleksi Massage","2026-03-29","","KOTA SOLO","",""
"1791644","TERAPIS WANITA","Kalisha Refleksi Massage","2026-03-29","","KOTA SOLO","",""
"1791586","TERAPIS SPA HOMECARE","Soleil Beauty Spa","2026-03-29","","KAB. TASIKMALAYA","",""
"1791574","Beautician / Terapis","Tokyo Belle","2026-03-29","","KAB. TANGERANG","",""
"1791571","Beautician / Terapis","Tokyo Belle","2026-03-29","","KAB. TANGERANG","",""
"1791547","TERAPIS","Pluspa","2026-03-29","","KAB. SUKOHARJO","",""
"1791518","TERAPIS PIJAT &amp;amp; BEAUTICIAN","deWAVE Massage, Reflexology &amp;amp; Beauty Bar","2026-03-29","","KAB. BANYUMAS","",""
"1791268","PENGHUSA DA/TERAPIS KESEHATAN","Nakamura","2026-03-28","","KAB. GRESIK","",""
"1791170","TERAPIS PIJAT &amp;amp; BEAUTICIAN","deWAVE Massage, Reflexology &amp;amp; Beauty Bar","2026-03-28","","KAB. PEKALONGAN","",""
"1791140","TERAPIST SPA","NATTA SPA","2026-03-28","","Bali","",""
"1791136","TERAPIST SPA","NATTA SPA","2026-03-28","","Bali","",""
"1791019","TERAPIST NAIL ART &amp;amp; EYELASH","Hola Nailss","2026-03-27","","DI Yogyakarta","",""
"1790919","TERAPIS REFLEXOLOGY PRIA","GUNTING NUSANTARA BARBERSHOP","2026-03-27","","Sulawesi Selatan","",""
"1790918","TERAPIS REFLEXOLOGY PRIA","GUNTING NUSANTARA BARBERSHOP","2026-03-27","","Sulawesi Selatan","",""
"1790774","TERAPIS WANITA","Kalisha Refleksi Massage","2026-03-26","","KOTA SOLO","",""
"1790744","NAIL TERAPIST EYELASH TERAPIST","SUMMER LASH BEAUTY Studio","2026-03-26","","Sulawesi Tengah","",""
"1790325","Terapis Home SPA ~ Ainsley","Ainsley","2026-03-25","","KAB. PASER","",""
"1790173","NAIL TERAPIST EYELASH TERAPIST","SUMMER LASH BEAUTY Studio","2026-03-25","","Sulawesi Tengah","",""
"1790172","NAIL TERAPIST EYELASH TERAPIST","SUMMER LASH BEAUTY Studio","2026-03-25","","Sulawesi Tengah","",""
"1790117","TERAPIS","Calma Family Massage &amp;amp; Reflexology","2026-03-25","","KAB. TANGERANG","",""
"1789959","TERAPIS NAILART &amp;amp; EYELASH / Terapis Rambut","lusy_beauty_studio","2026-03-24","","Sulawesi Tenggara","",""
"1789817","LOWONGAN PEKERJAAN TERAPIST MASSAGE","Asena Massage","2026-03-24","","KOTA CIMAHI","",""
"1789553","Lash Terapis / Nail Terapis","ELVHAS","2026-03-23","","Kalimantan Tengah","",""
"1789473","HAIRSTYLIST DAN TERAPIS","R. SETIO SALON BOJONEGORO","2026-03-23","","KAB. BOJONEGORO","",""
"1789398","TERAPIS &amp;amp; KASIR","OBELIX SALON &amp;amp; SPA","2026-03-23","","Kalimantan Selatan","",""
"1789391","TERAPIS &amp;amp; KASIR","OBELIX SALON &amp;amp; SPA","2026-03-23","","Kalimantan Selatan","",""
"1789364","TERAPIS PROFESIONAL","CIPAND Group","2026-03-18","","KAB. SIDOARJO","",""
"1789320","TERAPIS PIJAT KESEHATAN / BEAUTICIAN","deWAVE","2026-03-18","","KAB. SUBANG","",""
"1789010","Beautician / Terapis Eyelash Extension","Beauty Glamy","2026-03-18","","DKI Jakarta","",""
"1765712","TERAPIS KECANTIKAN / HAIR STYLIST / CLEANING SERVICE","RN Collection","2026-03-18","","KOTA BANJARMASIN","",""
"1765711","TERAPIS KECANTIKAN / HAIR STYLIST / CLEANING SERVICE","RN Collection","2026-03-18","","KOTA BANJARMASIN","",""
"1755291","TERAPIST SPA","NATTA SPA","2026-03-17","","Bali","",""
"1755161","Terapis/Guru","Cakra Autism Therapy","2026-03-16","","KOTA SURABAYA","",""
"1754770","TERAPIS KECANTIKAN / HAIR STYLIST / CLEANING SERVICE","RN Collection","2026-03-16","","Kalimantan Selatan","",""
"1754333","TERAPIS PIJAT","MARU WELLNESS","2026-03-14","","KAB. ASAHAN","",""
"1754332","TERAPIS PIJAT","MARU WELLNESS","2026-03-14","","KAB. ASAHAN","",""
"1754246","TERAPIS KESEHATAN (PIJAT)","Kartika Relaxation","2026-03-13","","KAB. BLITAR","",""
"1754094","TERAPIS","JemariSpa Sidoarjo","2026-03-13","","KAB. SIDOARJO","",""
"1754025","TERAPIST SPA","NATTA SPA","2026-03-13","","Bali","",""
"1754024","TERAPIST SPA","NATTA SPA","2026-03-13","","Bali","",""
"1753974","TERAPIS","Cquita","2026-03-13","","KAB. KEBUMEN","",""
"1753760","TERAPIST SPA","NATTA SPA","2026-03-12","","Bali","",""
"1753734","SUPERVISOR / ADMIN / HAIR STYLIST / TERAPIS KECANTIKAN","Bhinnian Salon &amp;amp; Body Treatment","2026-03-12","","KOTA BANJARMASIN","",""
"1753682","TERAPIS REFLEKSI &amp;amp; FAMILY MASSAGE","Wellnez by Kirei","2026-03-12","","KOTA TANGERANG SELATAN","",""
"1753577","Terapis Okupasi","RSU Ananda Purwokerto","2026-03-12","","KAB. BANYUMAS","",""
"1753576","Terapis Okupasi","RSU Ananda Purwokerto","2026-03-12","","KAB. BANYUMAS","",""
"1753124","Hair Therapist Salon &amp;amp; Spa / Terapis Rambut Salon &amp;amp; Spa","Malindo Aesthetic Center","2026-03-11","","KAB. BANYUMAS","",""
"1753068","TERAPIST SPA","NATTA SPA","2026-03-11","","Bali","",""
"1753067","TERAPIST SPA","NATTA SPA","2026-03-11","","Bali","",""
"1753023","STYLISTH, CAPSTER, TERAPIS PROFESIONAL, BEAUTICIAN PROFESIONAL","CMS Cquita Salon And Day Spa","2026-03-11","","KAB. KEBUMEN","",""
"1752659","STYLISTH, CAPSTER, TERAPIS PROFESIONAL, BEAUTICIAN PROFESIONAL","CV. COUITA MITRA SEJAHTERA","2026-03-10","","KAB. KEBUMEN","",""
"1752324","TERAPIS EYELASH DAN NAILS","Jovanca Studio","2026-03-09","","KOTA TANGERANG SELATAN","",""
"1752310","Terapis Reflexology","Havana Family Reflexology","2026-03-09","","KAB. TANGERANG","",""
"1752167","TERAPIS BANJARMASIN","Amanda Estetika","2026-03-09","","KOTA BANJARMASIN","",""
"1752119","TERAPIS SPA PUTRI PART TIME LEBARAN IDUL FITRI","Gendhis Spa","2026-03-09","","KAB. CIREBON","",""
"1752033","TERAPIS","Calma Family Massage &amp;amp; Reflexology","2026-03-09","","KAB. KARAWANG","",""
"1751859","MASSAGE THERAPIST &amp;amp; BEAUTICIAN / TERAPIS PIJAT &amp;amp; BEAUTICIAN","deWAVE Massage, Reflexology &amp;amp; Beauty Bar","2026-03-07","","KAB. KLATEN","",""
"1751801","TERAPIS / BEAUTICIAN","Purebliss Clinique","2026-03-07","","Banten","",""
"1751331","TERAPIS KESEHATAN DAN KECANTIKAN","deWAVE","2026-03-06","","KAB. KUNINGAN","",""
"1751297","TERAPIS / BEAUTICIAN","Purebliss Clinique","2026-03-06","","KAB. TANGERANG","",""
"1751274","TERAPIS BIDAN/PERAWAT","Rumah Baby Spa","2026-03-06","","KAB. BLITAR","",""
"1750766","TERAPIS BIDAN/PERAWAT","Rumah Baby Spa","2026-03-05","","KAB. BLITAR","",""
"1750709","TERAPIS KESEHATAN DAN KECANTIKAN","deWAVE","2026-03-05","","KAB. KUNINGAN","",""
"1750464","SPA TERAPIS","KOYA Spa Bali","2026-03-05","","Bali","",""
"1750281","Hairstylist / Nail Art / Terapis Eyelash / Terapis Spa","LUISANT","2026-03-04","","KOTA SURABAYA","",""
"1750263","Terapis / Beautician","Aesthetic Clinic","2026-03-04","","KOTA SERANG","",""
"1750262","Terapis / Beautician","Aesthetic Clinic","2026-03-04","","KOTA SERANG","",""
"1750242","Terapis Laki Laki","Ayana Family Reflexology","2026-03-04","","KAB. BLITAR","",""
"1750171","TERAPISH SALON","Adelsbeautykendari","2026-03-04","","KAB. MUNA BARAT","",""
"1749768","Beautician / Terapis","Kimaya Spa &amp;amp; Beauty Enrich","2026-03-03","","KOTA SURABAYA","",""
"1749543","Bidan/ Terapis/ perawat","Momina (Mom &amp;amp; Baby Care)","2026-03-03","","KOTA SEMARANG","",""
"1749495","TRAINER TERAPIS","Kanaka Reflexology","2026-03-03","","KOTA YOGYAKARTA","",""
"1749393","TERAPIS FISIK","Rumah Terapi Medical Hacking","2026-03-03","","KAB. KARAWANG","",""
"1749373","Terapis Salon &amp;amp; Spa","A.D.A Beauty","2026-03-03","","KAB. KUBU RAYA","",""
"1749372","Terapis Salon &amp;amp; Spa","A.D.A Beauty","2026-03-03","","KAB. KUBU RAYA","",""
"1748991","Terapis Kesehatan","Kartika Relaxation","2026-03-02","","KAB. BLITAR","",""
"1748984","Beautician / Terapis","Kimaya","2026-03-02","","KOTA DEPOK","",""
"1748947","Fisioterapis","Klinik Utama Mirabell","2026-03-02","","KAB. PASER","",""
"1748822","KASIR / TERAPIS KECANTIKAN","Yulia Muslimah Beauty","2026-03-02","","Kalimantan Selatan","",""
"1748500","Fisioterapis","RS Permata Kuningan","2026-02-28","","KAB. CIREBON","",""
"1748486","KASIR / TERAPIS KECANTIKAN","Yulia Muslimah Beauty","2026-02-28","","KOTA BANJARMASIN","",""
"1748475","TERAPIS PIJAT &amp;amp; BEAUTICIAN","deWAVE Massage, Reflexology &amp;amp; Beauty Bar","2026-02-28","","KAB. PEMALANG","",""
"1748300","Beautician / Terapis","Kimaya Spa &amp;amp; Beauty Experience","2026-02-28","","Kalimantan Timur","",""
"1748289","KASIR / TERAPIS KECANTIKAN","Yulia Muslimah Beauty","2026-02-28","","Kalimantan Selatan","",""
"1748263","TERAPIST NAILART DAN EYELASH","Leglamour Studio","2026-02-28","","KAB. NGANJUK","",""
"1748095","Terapis","KAYUPUTIH.GROUP","2026-02-27","","KOTA SURABAYA","",""
"1748085","TERAPIS","Pratama Kids &amp;amp; Baby Spa","2026-02-27","","KAB. BLITAR","",""
"1747954","TERAPIS PIJAT KESEHATAN DAN KECANTIKAN","deWAVE","2026-02-27","","KAB. INDRAMAYU","",""
"1747931","Guru Daycare / Caregiver / Terapis Perilaku (ABK)","Bunda Nayya Islamic School","2026-02-27","","KAB. TUBAN","",""
"1747675","TERAPIS NAIL ART","Luhee Eyelash Extension","2026-02-27","","Sulawesi Selatan","",""
"1747674","TERAPIS NAIL ART","Luhee Eyelash Extension","2026-02-27","","Sulawesi Selatan","",""
"1747376","TERAPIS","flaurent salon","2026-02-26","","DI Yogyakarta","",""
"1747373","TERAPIS PIJAT &amp;amp; BEAUTICIAN","deWAVE Massage, Reflexology &amp;amp; Beauty Bar","2026-02-26","","KOTA SOLO","",""
"1747364","TERAPIS PIJAT &amp;amp; BEAUTICIAN","deWAVE Massage, Reflexology &amp;amp; Beauty Bar","2026-02-26","","KOTA YOGYAKARTA","",""
"1747194","Mitra Terapis Wanita / We're Hiring!","Siena Royale Spa","2026-02-26","","KAB. PASER","",""
"1746742","Terapis","CALYSTA SKIN CLINIC","2026-02-25","","Banten","",""
"1746407","TERAPIS MASSAGE/REFLEKSI","Just relax","2026-02-24","","KOTA TANGERANG SELATAN","",""
"1746406","TERAPIS &amp;amp; KASIR","waxhaus","2026-02-24","","KOTA TANGERANG SELATAN","",""
"1746157","Bidan Terapist","HERNA BABY SPA","2026-02-24","","KAB. NGANJUK","",""
"1746102","TERAPIS PIJAT KESEHATAN DAN KECANTIKAN","deWAVE","2026-02-24","","Maluku","",""
"1745635","TERAPIS PIJAT SYARIAH (KHUSUS MEMIJAT WANITA)","Moju Massage","2026-02-23","","KAB. MAJALENGKA","",""
"1745630","TERAPIS FISIK","Rumah Terapi Medical Hacking","2026-02-23","","KAB. KARAWANG","",""
"1745626","TERAPIS SALON &amp;amp; SPA (WANITA)","GDM Salon &amp;amp; Spa","2026-02-23","","KAB. SUKABUMI","",""
"1745488","Terapis Pijat","sembusoon Family Massage","2026-02-23","","KOTA TANGERANG SELATAN","",""
"1745483","Terapis Pijat","sembusoon FAMILY MASSAGE","2026-02-23","","KAB. TANGERANG","",""
"1745437","TERAPIS EYELASH, NAIL ART, CAPSTER, CREAMBATH, MANICURE, PEDICURE DLL","AMEL BEAUTY SALON","2026-02-23","","Jambi","",""
"1745272","TERAPIS PIJAT KESEHATAN DAN KECANTIKAN","deWAVE","2026-02-23","","Maluku","",""
"1745224","TERAPIS","flaurent salon","2026-02-23","","DI Yogyakarta","",""
"1744837","Terapis Wanita","Ayana Family Reflexology","2026-02-21","","KAB. BLITAR","",""
"1744755","FISIOTERAPIS","Klinik Utama Bandung Pain Rehab Center","2026-02-21","","KOTA BANDUNG","",""
"1744628","DIBUTUHKAN TRAINER TERAPIS PRIA/WANITA","Kanaka Reflexology","2026-02-21","","KOTA YOGYAKARTA","",""
"1744190","TERAPIS","Polaris Platinum Reflexology","2026-02-20","","KOTA SURABAYA","",""
"1744186","Terapis","KAYUPUTIH.GROUP","2026-02-20","","KOTA SURABAYA","",""
"1744084","TERAPIS WELLNESS &amp;amp; BEAUTY CENTER","Rumah Sakit UNIMUS","2026-02-20","","Jawa Tengah","",""
"1744025","HAIR STYLIST, TERAPIS EYELASH &amp;amp; NAIL","LAVISH BEAUTY STUDIO","2026-02-20","","KAB. MUNA BARAT","",""
"1744024","HAIR STYLIST, TERAPIS EYELASH &amp;amp; NAIL","LAVISH BEAUTY STUDIO","2026-02-20","","KAB. MUNA BARAT","",""
"1743884","TERAPIS HOME SPA (WANITA)","Senaira Home Spa","2026-02-20","","Kepulauan Riau","",""
"1743506","Terapis dan Admin","Klinik Bekam Alexandria","2026-02-19","","Sulawesi Selatan","",""
"1743505","Terapis dan Admin","Klinik Bekam Alexandria","2026-02-19","","Sulawesi Selatan","",""
"1743330","TERAPIS PIJAT &amp;amp; REFLEKSI","The Healing Our.","2026-02-18","","KAB. CIANJUR","",""
"1743163","FULL TERAPIS","BRHC Bekam Ruqyah Herbal Center","2026-02-17","","KAB. TANGERANG","",""
"1743092","TERAPIS","Media Aesthetic Center x Payakumbuh Skin Center","2026-02-17","","KOTA PAYAKUMBUH","",""
"1743033","TERAPIST NAIL ART &amp;amp; EYELASH","Hola Nailss","2026-02-17","","Banten","",""
"1743020","TERAPIST SPA","Kiyo Group Creation","2026-02-17","","DKI Jakarta","",""
"1742605","TERAPIS NAIL &amp;amp; EYELASH","Heavenlashes Studio","2026-02-17","","KAB. BANYUWANGI","",""
"1742515","TERAPIS","Media Aesthetic Center x Payakumbuh Skin Center","2026-02-17","","KOTA PAYAKUMBUH","",""
"1742265","EYELASH TERAPIS","SuperSkin Beauty Clinic","2026-02-16","","KAB. GRESIK","",""
"1742023","EYELASH TERAPIS","SuperSkin Beauty Clinic","2026-02-16","","Jawa Tengah","",""
"1742016","FULL TERAPIS","BRHC Bekam Ruqyah Herbal Center","2026-02-16","","Jawa Barat","",""
"1741775","Terapis Pijat","Sahabat Sehat Indonesia","2026-02-14","","KAB. SIDOARJO","",""
"1741396","TERAPIS OKUPASI","EGO Psychology &amp;amp; Educational Services","2026-02-14","","Kalimantan Selatan","",""
"1741393","TERAPIS OKUPASI","EGO Psychology &amp;amp; Educational Services","2026-02-14","","Kalimantan Selatan","",""
"1741386","TERAPIS OKUPASI","EGO","2026-02-14","","Kalimantan Selatan","",""
"1741383","TERAPIS PERILAKU","EGO","2026-02-14","","Kalimantan Selatan","",""
"1741324","TERAPIS","Rabal","2026-02-14","","KOTA MAKASSAR","",""
"1741323","TERAPIS","Rabal","2026-02-14","","KOTA MAKASSAR","",""
"1741198","TERAPIS PERILAKU","EGO","2026-02-13","","Kalimantan Selatan","",""
"1741177","TERAPIS PERILAKU","EGO","2026-02-13","","Kalimantan Selatan","",""
"1740815","TERAPIS PIJAT &amp;amp; BEAUTICIAN","deWAVE Massage, Reflexology &amp;amp; Beauty Bar","2026-02-12","","KAB. TASIKMALAYA","",""
"1740813","TERAPIS PIJAT &amp;amp; BEAUTICIAN","deWAVE Massage, Reflexology &amp;amp; Beauty Bar","2026-02-12","","KAB. TASIKMALAYA","",""
"1740807","TERAPIS PIJAT &amp;amp; BEAUTICIAN","deWAVE Massage, Reflexology &amp;amp; Beauty Bar","2026-02-12","","KAB. TASIKMALAYA","",""
"1740782","TERAPIS PIJAT &amp;amp; BEAUTICIAN","deWAVE Massage, Reflexology &amp;amp; Beauty Bar","2026-02-12","","KAB. CIAMIS","",""
"1740754","Terapist pijat","urara","2026-02-12","","KAB. TANGERANG","",""
"1740747","Terapis Salon &ndash; Bintaro","rei beauty bar","2026-02-12","","KOTA TANGERANG SELATAN","",""
"1740652","Perawat &amp;amp; Terapis","Kim Beauty &amp;amp; Acupuncture","2026-02-12","","KAB. SUMEDANG","",""
"1740112","Front Office / Terapis Laki Laki / Terapis Perempuan / Cleaning Service","Ayana Family Reflexology","2026-02-11","","KAB. NGANJUK","",""
"1740037","PROFESI / PERAWAT ICU TERAPIS WICARA","PT ROLAS NUSANTARA MEDIKA","2026-02-11","","KAB. BANYUWANGI","",""
"1739082","Nail Art Terapis / Eyelash Terapis / Waxing Terapis","The Happynest","2026-02-07","","KOTA TANGERANG SELATAN","",""
"1738851","Nail Art Terapis / Eyelash Terapis / Waxing Terapis","The Happynest","2026-02-07","","KOTA TANGERANG SELATAN","",""
"1738372","TERAPIS SALON","Starry Beauty Studio","2026-02-06","","Nusa Tenggara Barat","",""
"1738371","TERAPIS SALON","Starry Beauty Studio","2026-02-06","","Nusa Tenggara Barat","",""
"1735517","TERAPIS SALON / HAIR STYLIST (BISA GUNTING)","UNIQUE SALON","2026-02-04","","Jawa Barat","",""
"1735507","TERAPIS SPA","Kimaya","2026-02-04","","Banten","",""
"1735462","TERAPIS PIJAT KESEHATAN DAN KECANTIKAN","deWAVE","2026-02-04","","KAB. BREBES","",""
"1735313","TERAPIS KESEHATAN","Nakamura Holistic Therapy","2026-02-04","","KAB. PACITAN","",""
"1735137","TERAPIS &amp;amp; BEAUTICIAN","deWAVE","2026-02-03","","KAB. BANYUMAS","",""
"1735133","Terapis Home Service","Samantha Home Spa","2026-02-03","","KAB. BANYUMAS","",""
"1734974","TERAPIS / RESEPSIONIS / ADMIN / STYLIST / SHAMPOOGIRL / BEAUTICIAN / OFFICEGIRL","CQUITASALON &amp;amp; DAYS PAGOMBONG","2026-02-03","","KAB. KEBUMEN","",""
"1734966","TERAPIS SPA","Kimaya","2026-02-03","","KAB. TANGERANG","",""
"1734960","FULL TERAPIS","BRHC","2026-02-03","","KAB. TANGERANG","",""
"1734956","Admin / Terapis Nails / Terapis Eyelash / Terapis Waxing","cherry blossom","2026-02-03","","KAB. KARANGANYAR","",""
"1734656","TERAPIS PIJAT &amp;amp; BEAUTICIAN","deWAVE Massage, Reflexology &amp;amp; Beauty Bar","2026-02-03","","KAB. PEKALONGAN","",""
"1734591","EYELASH TERAPIS","SuperSkin Beauty Clinic","2026-02-03","","KAB. PASURUAN","",""
"1734565","TERAPIS &amp;amp; BEAUTICIAN","deWAVE","2026-02-03","","KAB. CILACAP","",""
"1734516","Guru Private (Terapis)","Rumah Anak Special Banjarmasin","2026-02-03","","KOTA BANJARMASIN","",""
"1734360","Guru Private (Terapis)","Rumah Anak Special Banjarmasin","2026-02-03","","Kalimantan Selatan","",""
"1734135","TERAPIS PROFESIONAL","Salon Hayyin Telogo Mas Malang","2026-02-02","","KAB. MALANG","",""
"1734041","TERAPIST","Adeva Beauty Studio","2026-02-02","","Bali","",""
"1733863","ADMIN / HAIR STYLIST / TERAPIS KECANTIKAN","BHINNIAN SALON &amp;amp; BODY TREATMENT","2026-02-02","","Kalimantan Selatan","",""
"1733614","NAIL TERAPIS","Ylash","2026-01-31","","KOTA TANGERANG SELATAN","",""
"1733483","Terapis Salon","Bloom Beauty Salon","2026-01-31","","KAB. INDRAMAYU","",""
"1733269","Nail Terapist","Beauty Fairy","2026-01-31","","Sulawesi Tengah","",""
"1733074","TERAPIS WICARA (SPEECH THERAPIST)","Liliput","2026-01-31","","Kalimantan Timur","",""
"1732868","TERAPIS SPA","AMAZARA","2026-01-30","","KOTA BUKITTINGGI","",""
"1732100","TERAPIS WICARA &amp;amp; TERAPIS OKUPASI","INSAN MUTIARA MANDIRI","2026-01-29","","KAB. PONOROGO","",""
"1732030","TERAPIS SPA","AMAZARA","2026-01-29","","Lampung","",""
"1732025","TERAPIS SPA","AMAZARA","2026-01-29","","Lampung","",""
"1731888","TERAPIST SALON","essouira.salonbarbershop","2026-01-29","","Kalimantan Timur","",""
"1731581","NAIL TERAPIS","REN.NAILSTUDIO","2026-01-29","","Sumatera Selatan","",""
"1731369","TERAPIS SPA","AMAZARA","2026-01-28","","Lampung","",""
"1731368","TERAPIS SPA","AMAZARA","2026-01-28","","Lampung","",""
"1731353","TERAPIS SPA","AMAZARA","2026-01-28","","Lampung","",""
"1731287","TERAPIS PIJAT &amp;amp; BEAUTICIAN","deWAVE","2026-01-28","","KAB. BANYUWANGI","",""
"1731197","Kasir / Terapis Spa / Digital Marketing / Housekeeping / Cleaning Service","Romance Hotel &amp;amp; Spa / Dynasty Hotel &amp;amp; Spa","2026-01-28","","KAB. ASAHAN","",""
"1731137","TERAPIST SALON","CS Beauty","2026-01-28","","Sumatera Barat","",""
"1731133","TERAPIST SALON","CS Beauty","2026-01-28","","Sumatera Barat","",""
"1730505","TERAPIST SALON","GS Beauty","2026-01-27","","Sumatera Barat","",""
"1730502","TERAPIST SALON","GS Beauty","2026-01-27","","Sumatera Barat","",""
"1730425","2 THERAPIST / 2 TERAPIS","Dara Massage","2026-01-26","","DI Yogyakarta","",""
"1730424","2 THERAPIST / 2 TERAPIS","Dara Massage","2026-01-26","","DI Yogyakarta","",""
"1730416","2 THERAPIST / 2 TERAPIS","Dara Massage","2026-01-26","","KOTA YOGYAKARTA","",""
"1730299","TERAPIST","Adeva Beauty Studio","2026-01-26","","Bali","",""
"1729697","Terapis Gigi dan Mulut","RSGM UMY","2026-01-24","","DI Yogyakarta","",""
"1729694","Terapis Gigi dan Mulut","RSGM UMY","2026-01-24","","DI Yogyakarta","",""
"1729520","Terapis Home SPA","Ainsley Beauty &amp;amp; SPA","2026-01-24","","Kalimantan Tengah","",""
"1729349","FULL TERAPIS","BRHC Bekam Ruqyah Herbal Center","2026-01-24","","KAB. KARAWANG","",""
"1729316","TERAPIS SPA","LUMINARY SPA","2026-01-24","","KOTA BANJARMASIN","",""
"1729280","FULL TERAPIS","BRHC","2026-01-24","","KOTA DEPOK","",""
"1729136","Spa Therapist &amp;amp; Nail Artist / Terapis Spa &amp;amp; Nail Artist","Jhagat Spa Centre","2026-01-24","","Bali","",""
"1729096","Terapis Wicara","Beranda Teman Tumbuh","2026-01-24","","KOTA BUKITTINGGI","",""
"1729095","Terapis Wicara","Beranda Teman Tumbuh","2026-01-24","","KOTA BUKITTINGGI","",""
"1728393","TERAPIS WICARA","Beranda Teman Tumbuh","2026-01-23","","KOTA PADANG","",""
"1728367","Terapis Home SPA","Ainsley Beauty &amp;amp; SPA","2026-01-23","","KAB. PASER","",""
"1727814","TERAPIS SALON (PEREMPUAN)","Glowskin","2026-01-22","","Kalimantan Utara","",""
"1727806","TERAPIS SALON (PEREMPUAN)","Glowskin","2026-01-22","","Kalimantan Utara","",""
"1727686","DICARI TERAPIS SPA","Oaza Spa Canggu","2026-01-22","","Bali","",""
"1727665","TERAPIS ABK","ibfa Educare","2026-01-22","","Jambi","",""
"1727664","TERAPIS ABK","IBFA Educare","2026-01-22","","Jambi","",""
"1727596","TERAPISH EYELASH EXTENTION, NAILART DLL / TERAPISH SALON","byadkbeauty UNNES","2026-01-21","","KOTA SEMARANG","",""
"1727595","TERAPISH EYELASH EXTENTION, NAILART DLL / TERAPISH SALON","byadkbeauty UNNES","2026-01-21","","KOTA SEMARANG","",""
"1727004","FISIOTERAPIS","San Medical Center","2026-01-21","","KAB. PURWAKARTA","",""
"1726832","TERAPIS HOME SPA (WANITA)","Senaira Home Spa","2026-01-21","","Kepulauan Riau","",""
"1726268","Spa Therapist &amp;amp; Nail Artist / Terapis Spa &amp;amp; Nail Artist","Jhagat Spa Centre","2026-01-19","","Bali","",""
"1726140","TERAPIS / Admin","Nirmala Massage","2026-01-19","","KAB. MALANG","",""
"1726077","Terapis Medis","Post Beauty Kecantikan","2026-01-19","","KAB. MOJOKERTO","",""
"1713094","RECEPTION, BEAUTICIAN, SPA TERAPIST","Merlyn Official","2026-01-15","","DKI Jakarta","",""
"1713090","Terapis","CALYSTA SKIN CLINIC","2026-01-15","","DKI Jakarta","",""
"1712808","Terapis Home SPA","Ainsley","2026-01-14","","Kalimantan Tengah","",""
"1712618","Terapis Reflexology","Havana Family Reflexology","2026-01-14","","KAB. TANGERANG","",""
"1712612","Terapis Home SPA","Ainsley","2026-01-14","","KOTA BANJARMASIN","",""
"1712483","STAF &amp;amp; TERAPIS SALON KECANTIKAN","Prima Salon &amp;amp; Spa Reflexology","2026-01-14","","KAB. MUNA BARAT","",""
"1712035","TERAPIST","lunare.beaute","2026-01-13","","KAB. PASURUAN","",""
"1711866","Fisioterapis","Bunda Esti Fisioterapi Baby Spa","2026-01-13","","KAB. JOMBANG","",""
"1711457","Terapis Relaxology","Relaxology","2026-01-12","","KAB. INDRAMAYU","",""
"1711445","TERAPIS EYELASH","BULUEYES","2026-01-12","","KOTA TANGERANG SELATAN","",""
"1710988","TERAPIS","Priliy Rumah Lulur &amp;amp; Facial","2026-01-10","","KAB. BANGKALAN","",""
"1710935","TERAPIS PIJAT","Bhumi Family Reflexology","2026-01-10","","KAB. SIDOARJO","",""
"1710816","TERAPIS","LIDYA BEAUTY BAR","2026-01-10","","KAB. SOLOK","",""
"1710792","BEAUTICIAN/TERAPIS","SAYU BEAUTY","2026-01-10","","KOTA DENPASAR","",""
"1710500","TERAPIS PIJAT","Bhumi Family Reflexology","2026-01-09","","KAB. SIDOARJO","",""
"1710289","Terapis Anak","PT. Theta Medika Indonesia","2026-01-09","","DKI Jakarta","",""
"1709851","KESEPMATAN KERJA UNTUK PEREMPUAN (Terapis Pijat)","Sahabat Sehat Indonesia","2026-01-08","","KAB. SIDOARJO","",""
"1709818","TERAPIST SPA DEWASA","ILMIKHO WELLNESS SPA","2026-01-08","","KAB. MAGETAN","",""
"1709806","DIBUTUHKAN TERAPIS WANITA","Spa Keluarga","2026-01-08","","KAB. SITUBONDO","",""
"1709778","TERAPIS SALON WANITA","HAYYIN MASSAGE &amp;amp; SALON TREATMENT","2026-01-08","","KAB. MALANG","",""
"1709632","Konsultan Terapisi Herbal","PT. NATURINDO SURYA NIAGA","2026-01-08","","KAB. NGANJUK","",""
"1709465","Terapis Home SPA","Ainsley","2026-01-08","","KAB. TANAH LAUT","",""
"1709396","Terapis baby spa","Kirana Baby Spa","2026-01-08","","KAB. PACITAN","",""
"1709182","TERAPIST (uluwatu)","Carina Massage","2026-01-08","","Bali","",""
"1706426","","MIRA TERAPIS","2026-01-08","","Sulawesi Selatan","",""
"1709111","Terapis Relaxology","Relaxology","2026-01-07","","KAB. LAMPUNG SELATAN","",""
"1709099","Terapis","Mikaku Beauty Bar","2026-01-06","","KAB. JEPARA","",""
"1708860","KASIR &amp;amp; TERAPIS (WANITA)","Zenith Reflexology Center","2026-01-06","","KOTA SINGKAWANG","",""
"1708703","TERAPIS FISIK","Rumah Terapi Medical Hacking Holistikids","2026-01-06","","KAB. TANGERANG","",""
"1708668","Terapis Kecantikan","Obelix Salon &amp;amp; Spa","2026-01-06","","Kalimantan Tengah","",""
"1830312","Manager &amp; Staff","Lucky Terapi Balikpapan","2026-09-04","","KAB. KUTAI KARTANEGARA","",""
"1829490","Front Office / Admin, Perawat, Asisten Apoteker, dan Beauty Therapist","Sere Derma Clinic","2026-09-02","","Aceh","Full-time",""
"1828080","Manager &amp;amp; Staff","Lucky Terapi Bitung","2026-08-21","","Sulawesi Utara","Full-time",""
"1827860","Manager &amp;amp; Staff","Lucky Terapi Kendari","2026-08-19","","KAB. MUNA BARAT","Full-time",""
"1827346","Spa Therapist / Receptionist","Glory Massage Bali","2026-08-12","","Bali","Full-time",""
"1826836","Tenaga Terapi Wicara","RS Semen Gresik / Cipta Nirmala Group","2026-08-11","","KAB. GRESIK","",""
"1826701","Manager &amp;amp; Staff","Lucky Terapi Manado","2026-08-11","","Sulawesi Utara","Full-time",""
"1826628","Admin Frontdesk","Teman Physio","2026-08-11","","KOTA TANGERANG SELATAN","",""
"1825489","Housekeeping / Spa Therapist / Steward","GR&Uuml;N RESORTS ULUWATU","2026-08-08","","Bali","Contractor",""
"1825154","Manager &amp;amp; Staff","Lucky Terapi","2026-08-08","","Sulawesi Utara","Full-time",""
"1824719","Therapist","Ozen Reflexology","2026-08-07","","KOTA SALATIGA","Full-time",""
"1823751","FISIOTERAPI","JEUMPA HOSPITAL","2026-08-06","","Aceh","Full-time",""
"1823434","Guru pendamping anak berkebutuhan khusus (SHADOW TEACHER)","ABIRAMA Layanan Psikologi &amp;amp; Pusat Terapi Anak Berkebutuhan Khusus","2026-08-06","","KAB. MOJOKERTO","",""
"1823107","Dokter Aesthetic","Marfa Aesthetic","2026-08-05","","KAB. PASURUAN","",""
"1822725","Asisten Apoteker / Radiografer / Terapi Wicara","RS KURNIA CILEGON","2026-08-05","","KOTA SERANG","",""
"1822435","Manager &amp;amp; Staff","LUCKY TERAPI SAMARINDA","2026-08-04","","Kalimantan Timur","Full-time",""
"1822052","Bidan / Perawat / Fisioterapi","Srikandi Baby Spa","2026-08-04","","DI Yogyakarta","Full-time",""
"1822051","Bidan / Perawat / Fisioterapi","Srikandi Baby Spa","2026-08-04","","DI Yogyakarta","",""
"1820977","S1 Manajemen / Ekonomi","Rumah Terapi Stroke","2026-07-31","","KAB. KOTAWARINGIN BARAT","",""
"1820352","Perawat","Praktek Bersama Dokter &amp;amp; Psikolog, Rumah Terapi Manda, Rumah Khitan Dokter Ahmad","2026-07-30","","KAB. TULUNGAGUNG","",""
"1819230","Vokasi Farmasi / Perawat Gigi / Okupasi Terapi","RSU 'Aisyiyah Ponorogo","2026-07-28","","KOTA MADIUN","",""
"1816515","Content Creator / Host Live Edukasi","Sukoon Holistik Terapi","2026-07-10","","Sulawesi Selatan","Full-time",""
"1816332","Therapist &amp;amp; Beautician","deWAVE","2026-07-09","","KAB. PURBALINGGA","Full-time",""
"1816190","Therapist / Nail Artist / Content Creator","Be Coloured","2026-07-09","","DI Yogyakarta","Full-time",""
"1815419","Manager &amp;amp; Staff","LUCKY TERAPI JAMBI","2026-07-07","","KAB. BUNGO","Full-time",""
"1815046","Terapi Baby Spa","Sabrina Baby Spa &amp;amp; Shop","2026-07-04","","KAB. MOJOKERTO","",""
"1813765","Marketing Terapi Kesehatan","CV Tjahaya Sehat Abadi","2026-06-22","","KAB. KENDAL","",""
"1813696","Terapi Kecantikan / Beautician","NAWUL Salon N Spa","2026-06-20","","KOTA SALATIGA","",""
"1812072","Manager &amp;amp; Staff","LUCKY TERAPI TARAKAN","2026-06-14","","KAB. PASER","",""
"1811764","Terapi Spa","Natta Spa","2026-06-13","","Bali","",""
"1811756","Terapi Spa","Natta Spa","2026-06-13","","Bali","",""
"1811437","Terapi Bulu Mata &amp;amp; Kuku / Eyelash &amp;amp; Nail Treatment","Coastal Beauty &amp;amp; Co.","2026-06-12","","Bali","",""
"1811414","Terapi Spa","Natta Spa","2026-06-12","","Bali","",""
"1809617","Manager &amp;amp; Staff","Lucky Terapi Balikpapan","2026-06-04","","KAB. PASER","",""
"1806509","Perawat, Tenaga Vokasi Farmasi, Teknis, Ahli Elektromedis, Ahli Gizi, Tenaga Bank Darah, Ahli Tenaga Laboratorium Medik, Okupasi Terapi","RSI PKU Muhammadiyah Pekajangan","2026-05-05","","KAB. PEMALANG","",""
"1805656","Dokter Umum / Perawat (NERS) / ATLM / Pekarya Gizi / Gizi / Fisioterapi","Rumah Sakit Dian Harapan","2026-05-04","","Papua Barat","",""
"1804116","Staff Wanita / Staff Pria","LUCKY TERAPI JAMBI","2026-04-30","","KAB. BUNGO","",""
"1803716","Fisioterapi &amp;amp; Bidan","Echa Fisioterapi &amp;amp; Baby Spa","2026-04-29","","KAB. KEBUMEN","",""
"1803670","Bidan/Fisioterapi","IDES BABY SPA","2026-04-29","","KAB. KARANGANYAR","",""
"1803331","Asisten Perawat","Praktik Terapi Akupuntur Merry","2026-04-28","","KAB. LUMAJANG","",""
"1802791","FISIOTERAPI / Baby Spa Therapist","Griya Terapi Tiara","2026-04-27","","KAB. SUKOHARJO","",""
"1802766","Fisioterapi &amp;amp; Bidan","Echa Fisioterapi &amp;amp; Baby Spa","2026-04-27","","KAB. BANYUMAS","",""
"1802667","Fisioterapi &amp;amp; Bidan","Echa Fisioterapi &amp;amp; Baby Spa","2026-04-27","","KAB. KEBUMEN","",""
"1801755","Staff Wanita / Staff Pria","LUCKY TERAPI SEMARANG 2","2026-04-24","","KOTA SEMARANG","",""
"1801419","Radiografer / Apoteker / Okupasi Terapi / Pekarya Keperawatan / Teknisi Sarana &amp;amp; Prasarana","RS Islam Aisyiyah Malang","2026-04-24","","KOTA BATU","",""
"1796783","Staff Wanita / Staff Pria","LUCKY TERAPI JAMBI","2026-04-11","","KAB. BUNGO","",""
"1796779","Staff Wanita / Staff Pria","LUCKY TERAPI JAMBI","2026-04-11","","KAB. BUNGO","",""
"1794175","Staff Wanita / Staff Pria","LUCKY TERAPI BANDUNG","2026-04-04","","KOTA CIMAHI","",""
"1793901","Radiografer / Apoteker / Okupasi Terapi / Pekarya Keperawatan / Teknisi Sarana &amp;amp; Prasarana","RS Islam Aisyiyah Malang","2026-04-04","","KAB. MALANG","",""
"1754837","Perawat/ Ergoterapi / Physiotherapist / Teknis / Perhotelan, dll","Nusantara Global","2026-03-16","","Kalimantan Timur","",""
"1750911","BIDAN, PERAWAT, FISIOTERAPI/ SMK KESEHATAN","CV Dayahcare Holistik Indonesia","2026-03-06","","KAB. GRESIK","",""
"1750906","FISIOTERAPI","RSI Nyai Ageng Pinatih","2026-03-06","","KAB. GRESIK","",""
"1749992","BIDAN, PERAWAT, FISIOTERAPI/ SMK KESEHATAN","CV Dayahcare Holistik Indonesia","2026-03-04","","KAB. GRESIK","",""
"1749509","BIDAN, PERAWAT, FISIOTERAPI/ SMK KESEHATAN","CV Dayahcare Holistik Indonesia","2026-03-03","","KAB. GRESIK","",""
"1742173","(Outlet crew)","NG&sup2; MUT PISANG GORENG IMUT","2026-02-16","","KAB. TABANAN","",""
"1739830","CLINICAL SUPPORT","Beranda Teman Tumbuh","2026-02-10","","KOTA BUKITTINGGI","",""
"1738599","","Hipnoterapi Sidoarjo","2026-02-06","","KAB. SIDOARJO","",""
"1738420","","Hipnoterapi Sidoarjo","2026-02-06","","KAB. SIDOARJO","",""
"1735633","Bidan/Perawat/Fisioterapi/SMK Kesehatan","DAYACARE","2026-02-04","","Jawa Timur","",""
"1729693","DOKTER UMUM / FISIOTERAPI / SATPAM","Rumah Sakit Sakina Idaman","2026-01-24","","DI Yogyakarta","",""
"1729423","Therapist","Hipnoterapi Sidoarjo","2026-01-24","","KAB. SIDOARJO","",""
"1729212","Okupasi Terapi","Indonesia Healthcare Corporation","2026-01-24","","Jambi","",""
"1727546","Okupasi Terapi / Pramusaji","Rumah Sakit Umum Sakina Idaman","2026-01-21","","DI Yogyakarta","",""
"1727454","6 Staff Wanita / 4 Staff Pria","Lucky Terapi Dumai","2026-01-21","","KAB. PURWOREJO","",""
"1727259","Lowongan Pekerjaan","Mentari Hati Nabire","2026-01-21","","Papua Barat","",""
"1726581","FISIOTERAPI","Kantika Medika","2026-01-20","","Nusa Tenggara Barat","",""
"1726574","FISIOTERAPI","Kantika Medika","2026-01-20","","Nusa Tenggara Barat","",""
"1726557","FISIOTERAPI","Kantika Medika","2026-01-20","","Nusa Tenggara Barat","",""
"1726054","FISIOTERAPI","Kantika Medika","2026-01-19","","Nusa Tenggara Barat","",""
"1724858","","Bunda Esti Fisioterapi Baby Spa","2026-01-18","","KAB. JOMBANG","",""
"1719442","","Rumah Terapi Medical Hacking Holistikids","2026-01-17","","KAB. TANGERANG","",""
"1717995","","Rumah Terapi Medical Hacking Holistikids","2026-01-16","","KAB. TANGERANG","",""
"1707803","","LUCKY TERAPI KENDARI","2026-01-15","","KAB. MUNA BARAT","",""
"1704377","","LUCKY TERAPI TARAKAN","2026-01-15","","Kalimantan Timur","",""
"1704347","","LUCKY TERAPI SAMARINDA","2026-01-14","","Kalimantan Timur","",""
"1701956","","Rumah Terapi Stroke Pangkalan Bun","2026-01-14","","Kalimantan Tengah","",""
"1701946","","Rumah Terapi Stroke Pangkalan Bun","2026-01-14","","Kalimantan Tengah","",""
"1684540","","Rumoh Terapi Tabina","2026-01-14","","Aceh","",""
"1712078","Fisioterapi","Nara House of Therapy","2026-01-13","","KAB. BOYOLALI","",""
"1684398","","Rumoh Terapi Tabina","2026-01-13","","Aceh","",""
"1684397","","Rumoh Terapi Tabina","2026-01-13","","Aceh","",""
"1711721","OKUPASI TERAPI","Rumah Sakit Pertamina Cilacap","2026-01-12","","KAB. BANYUMAS","",""
"1711513","BIDAN, PERAWAT, FISIOTERAPI/ SMK KESEHATAN","CV Dayahcare Holistik Indonesia","2026-01-12","","Jawa Timur","",""
"1707652","","LUCKY TERAPI KENDARI","2026-01-12","","KAB. MUNA BARAT","",""
"1704046","","Lucky Terapi Tarakan","2026-01-12","","Kalimantan Timur","",""
"1693921","","Pusat Terapi Tumbuh Kembang Anak Anilo","2026-01-12","","Jawa Tengah","",""
"1684238","","Rumoh Terapi Tabina","2026-01-11","","KOTA BANDA ACEH","",""
"1697219","","Rumah Terapi Medical Hacking","2026-01-09","","KOTA TANGERANG SELATAN","",""
"1684039","","Rumoh Terapi Tabina","2026-01-09","","Aceh","",""
"1709256","Terapi Wicara / Terapi Perilaku / Fisioterapi / Admin","Nafaya Centre","2026-01-08","","KOTA BANJARMASIN","",""
"1707454","","LUCKY TERAPI KENDARI","2026-01-08","","KAB. MUNA BARAT","",""
"1703619","","LUCKY TERAPI TARAKAN","2026-01-08","","Kalimantan Timur","",""
"1701488","","Rumah Terapi Stroke Pangkalan Bun","2026-01-08","","KAB. KOTAWARINGIN BARAT","",""
"1683848","","Rumoh Terapi Tabina","2026-01-07","","Aceh","",""
"1701342","","Rumah Terapi Stroke Pangkalan Bun","2026-01-06","","Kalimantan Tengah","",""
"1686998","","LUCKY TERAPI DUMAI","2026-01-06","","KOTA DUMAI","",""
"1656502","","LUCKY TERAPI KENDARI","2026-01-06","","KAB. MUNA BARAT","",""
"1650273","","Lucky Terapi Palu","2026-01-06","","Sulawesi Utara","",""
"1608870","","Rumoh Terapi Tabina","2026-01-06","","KOTA BANDA ACEH","",""
"1703358","","LUCKY TERAPI SAMARINDA","2026-01-05","","Kalimantan Timur","",""
"1658915","","Rumoh Terapi Tabina","2026-01-05","","Aceh","",""
"1631074","","Bunda Esti Fisioterapi Baby Spa","2026-01-05","","DI Yogyakarta","",""
"1608742","","Rumoh Terapi Tabina","2026-01-05","","Aceh","",""
"1647778","","Lucky Terapi Samarinda","2026-01-04","","Kalimantan Timur","",""
"1614153","","LUCKY TERAPI DUMAI","2026-01-04","","KOTA DUMAI","",""
"1682494","","LUCKY TERAPI KENDARI","2026-01-03","","KAB. MUNA BARAT","",""
"1678834","","LUCKY TERAPI SAMARINDA","2026-01-03","","KAB. PASER","",""
"1678788","","Lucky Terapi Samarinda","2026-01-03","","Kalimantan Timur","",""
"1677532","","Bunda Esti Fisioterapi Baby Spa","2026-01-03","","Kalimantan Selatan","",""
"1655393","","LUCKY TERAPI KENDARI","2026-01-03","","KAB. MUNA BARAT","",""
"1648969","","Lucky Terapi Samarinda","2026-01-03","","Kalimantan Timur","",""
"1647612","","LUCKY TERAPI SAMARINDA","2026-01-03","","Kalimantan Timur","",""
"1647592","","LUCKY TERAPI SAMARINDA","2026-01-03","","Kalimantan Timur","",""
"1644789","","Rumah Terapi Stroke Pangkalan Bun","2026-01-03","","KAB. KOTAWARINGIN BARAT","",""
"1608484","","Rumoh Terapi Tabina","2026-01-03","","Aceh","",""
"1589032","","Bunda Esti Fisioterapi Baby Spa","2026-01-03","","DI Yogyakarta","",""
"1676380","","Rumah Terapi Stroke Pangkalan Bun","2026-01-02","","Kalimantan Tengah","",""
"1672023","","Rumah Terapi Medical Hacking","2026-01-02","","KOTA TANGERANG SELATAN","",""
"1644838","","Bunda Esti Fisioterapi Baby Spa","2026-01-02","","Kalimantan Selatan","",""
"1608262","","Rumoh Terapi Tabina","2026-01-02","","Aceh","",""
"1598928","","Lucky Terapi Palu","2026-01-02","","Sulawesi Utara","",""
"1597996","","Lucky Terapi Samarinda","2026-01-02","","Kalimantan Timur","",""
"1596797","","Bunda Esti Fisioterapi Baby Spa","2026-01-02","","Kalimantan Selatan","",""
"1595625","","Rumah Terapi Stroke Pangkalan Bun","2026-01-02","","Kalimantan Tengah","",""
"1577900","","Rumoh Terapi Tabina","2026-01-02","","Aceh","",""
"1577855","","Rumoh Terapi Tabina","2026-01-02","","Aceh","",""
"1577836","","Rumoh Terapi Tabina","2026-01-02","","Aceh","",""
"1658550","","Rumoh Terapi Tabina","2026-01-01","","Aceh","",""
"1656018","","LUCKY TERAPI KENDARI","2026-01-01","","KAB. MUNA BARAT","",""
"1655251","","LUCKY TERAPI KENDARI","2026-01-01","","KAB. MUNA BARAT","",""
"1648751","","Lucky Terapi Tarakan","2026-01-01","","Kalimantan Timur","",""
"1647320","","Lucky Terapi Tarakan","2026-01-01","","Kalimantan Timur","",""
"1644485","","Rumah Terapi Stroke Pangkalan Bun","2026-01-01","","Kalimantan Tengah","",""
"1642713","","Rumah Terapi Stroke Pangkalan Bun","2026-01-01","","Kalimantan Tengah","",""
"1634594","","Rumah Terapi Medical Hacking","2026-01-01","","KOTA TANGERANG SELATAN","",""
"1614884","","LUCKY TERAPI DUMAI","2026-01-01","","KOTA DUMAI","",""
"1607924","","Rumoh Terapi Tabina","2026-01-01","","KOTA BANDA ACEH","",""
"1607783","","Rumoh Terapi Tabina","2026-01-01","","Aceh","",""
"1595541","","Rumah Terapi Stroke Pangkalan Bun","2026-01-01","","Kalimantan Tengah","",""
"1595524","","Rumah Terapi Stroke Pangkalan Bun","2026-01-01","","KAB. KOTAWARINGIN BARAT","",""
"1824872","Salon Staff","BLOWBAR","2026-08-07","","Bali","Full-time",""
"1821304","Therapist","Bugar Refleksi","2026-08-03","","KAB. ACEH TENGAH","Full-time",""
"1815938","Massage Therapist &amp;amp; Reflexology / Spa Supervisor / Business Development","KAMMA Wellness","2026-07-09","","KOTA CIMAHI","",""
"1790558","THERAPIST REFLEXOLOGY &amp;amp; MASSAGE","Dewata Reflexology","2026-03-26","","KOTA DENPASAR","",""
"1748931","SPA THERAPIST / HAIR THERAPIST","Sensia Beauty Salon","2026-03-02","","Bali","",""
"1748912","SPA THERAPIST / HAIR THERAPIST","Sensia Beauty Salon","2026-03-02","","Bali","",""
"1732506","SPA THERAPIST","Waiwas Hostel","2026-01-30","","Nusa Tenggara Barat","",""
"1732504","SPA THERAPIST","Waiwas Hostel","2026-01-30","","Nusa Tenggara Barat","",""
"1732492","SPA THERAPIST","Waiwas Hostel","2026-01-30","","Nusa Tenggara Barat","",""
"1732489","SPA THERAPIST","Waiwas Hostel","2026-01-30","","Nusa Tenggara Barat","",""
"1691567","","PIJATIN-AJA","2026-01-13","","KOTA ADM. JAKARTA UTARA","",""
"1691372","","Pijatinaja","2026-01-11","","KOTA ADM. JAKARTA BARAT","",""
"1691011","","PIJATIN-AJA HOME CARE MASSAGE","2026-01-08","","DKI Jakarta","",""
"1690960","","Pijatin-Aja Home Care Massage","2026-01-07","","KOTA ADM. JAKARTA SELATAN","",""
"1666326","","PIJATIN-AJA HOME CARE MASSAGE","2026-01-05","","DKI Jakarta","",""
"1623788","","Pijatin-Aja Home Care Massage","2026-01-05","","KOTA ADM. JAKARTA SELATAN","",""
"1623173","","Pijatin-Aja Home Care Massage","2026-01-05","","KOTA ADM. JAKARTA SELATAN","",""
"1637654","","Griya Pijat TBS","2026-01-04","","Bali","",""
"1623555","","PIJATIN-AJA HOME CARE MASSAGE","2026-01-04","","DKI Jakarta","",""
"1623013","","PIJATIN-AJA","2026-01-03","","KOTA ADM. JAKARTA UTARA","",""
"1637172","","Griya Pijat TBS","2026-01-02","","Bali","",""
"1623232","","PIJATIN-AJA","2026-01-02","","KOTA ADM. JAKARTA UTARA","",""
"1637634","","Griya Pijat TBS","2026-01-01","","Bali","",""
"1830700","Nail Artist / Massage Therapist","Petals Nail Studio","2026-09-05","","DI Yogyakarta","",""
"1830431","Female Spa Therapist","Jhagat Spa Centre","2026-09-05","","Bali","",""
"1830265","Female Spa Therapist","Jhagat Spa Centre","2026-09-04","","Bali","",""
"1828992","Social Media and Graphic Specialist","filosofi FAMILY MASSAGE &amp;amp; REFLEXOLOGY","2026-08-25","","KAB. BANDUNG","Freelance",""
"1828968","Profesional Masseur","WOODS Family Massage and Reflexology","2026-08-25","","KOTA TANGERANG SELATAN","Full-time",""
"1828759","Therapist Massage","LYAG","2026-08-24","","KOTA DENPASAR","Full-time",""
"1828139","Front Office (FO)","Sore Family Massage &amp;amp; Reflexology","2026-08-22","","KOTA DEPOK","Full-time",""
"1827993","Front Office (FO)","SORE Family Massage &amp;amp; Reflexology","2026-08-21","","KOTA TANGERANG SELATAN","Full-time",""
"1826670","Therapist","LOTUS MASSAGE THERAPY CANGGU","2026-08-11","","Bali","Full-time","4000000"
"1825948","Massage Therapist / Beautician","deWAVE","2026-08-08","","Indonesia","Full-time",""
"1825791","Loker Spa Massage","SPASSION BALI","2026-08-08","","KAB. KUTAI KARTANEGARA","",""
"1825609","Therapist","ZOEN Family Massage &amp;amp; Reflexy","2026-08-08","","KAB. KLATEN","Full-time",""
"1825548","Female Therapist","Royal Ubud Massage","2026-08-08","","Bali","Full-time",""
"1825473","Spa Administrator / Spa Therapist","The Faces Wellness Spa","2026-08-08","","Bali","",""
"1824932","Spa Therapist &amp;amp; Nail Artist","JHAGAT Spa Centre","2026-08-07","","KAB. KLUNGKUNG","Full-time",""
"1824927","Spa Therapist","Solterra Spa and Wellness","2026-08-07","","Bali","Full-time",""
"1824692","Kasir Wanita","Zoen Family Massage &amp;amp; Reflexy","2026-08-07","","KOTA SEMARANG","Full-time",""
"1824506","Sport Massage Therapist / Masseur / Masseuse","Kunrama Sports Massage","2026-08-07","","KAB. JOMBANG","",""
"1823484","Spa &amp;amp; Nail Therapist","Laviebie Spa &amp;amp; Nail","2026-08-06","","KAB. JOMBANG","Full-time",""
"1823286","Admin/Resepsionis","wellnest massage studio","2026-08-06","","KAB. BOGOR","",""
"1823276","Admin/Resepsanis","wellnest massage studio","2026-08-06","","KAB. BOGOR","",""
"1823262","Admin/Resepsonis","wellnest massage studio","2026-08-06","","KAB. KARAWANG","Full-time",""
"1823026","Staff Salon","FA BEAUTY SALON","2026-08-05","","Sumatera Barat","",""
"1823000","Hair &amp;amp; Spa Therapist","NOIR BEAUTE","2026-08-05","","KAB. SIDOARJO","Full-time",""
"1822775","Spa Therapist &amp;amp; Nail Artist","JHAGAT Spa Centre","2026-08-05","","Bali","Full-time",""
"1822218","Hair &amp;amp; Spa Therapist","NOIR BEAUTE","2026-08-04","","KOTA SURABAYA","",""
"1822133","Admin/Resepsonis","wellnest massage studio","2026-08-04","","KAB. KARAWANG","",""
"1821918","Massage Therapist","Your Esscentials","2026-08-03","","DKI Jakarta","Full-time","3500000"
"1821835","Therapist Mom Spa","Kartini Mom Spa","2026-08-03","","KAB. KEBUMEN","Full-time",""
"1821771","Therapist (Nailart, Eyelash, Hair Stylist, Spa)","Kimberly beauty house","2026-08-03","","Jambi","Full-time","2000000"
"1821049","Spa Massage","SPASION BALI","2026-08-01","","Bali","Full-time",""
"1820853","Junior Accounting / Spa Therapist","Alex Villas Management","2026-07-31","","Bali","",""
"1820806","Spa Therapist / Nailist","JHAGAT Spa Centre","2026-07-31","","Bali","",""
"1820122","Spa Therapist","Treatme Spa","2026-07-30","","Bali","",""
"1820072","SPA Therapist","BALI USADA WELLNESS","2026-07-30","","Bali","Full-time",""
"1819344","Massage Therapist / Facial Therapist / Makeup Artist / Nail Artist / Eyelash Artist / Hairdresser","Violacea Beauty Studio","2026-07-28","","KAB. KLUNGKUNG","Freelance",""
"1819270","Massage Therapist / Nailist","Bisera Wellness &amp;amp; Beauty Studio","2026-07-28","","KAB. BANYUWANGI","",""
"1819211","Lash Therapist / SPA Therapist","Matalentikku_","2026-07-28","","KAB. MOJOKERTO","",""
"1818738","Receptionist","Chi Massage &amp;amp; Luxury Spa","2026-07-28","","KAB. KLUNGKUNG","Full-time",""
"1817857","Nail Art Specialist / Spa Therapist","MAGIA DE UMA HERITAGE HOTEL","2026-07-16","","Bali","",""
"1817802","Beautician / Therapist","deWAVE Family Massage Reflexology &amp;amp; Beauty Bar","2026-07-15","","KOTA TEGAL","Full-time",""
"1817218","Admin Kasir","Filosofi Family Massage &amp;amp; Reflexology","2026-07-13","","KAB. BANDUNG","",""
"1817163","Nail Artist / Hair Stylist / Freelance Hair Stylist / Freelance Massage Therapist","UPGRADE Beauty Center","2026-07-12","","Bali","Freelance",""
"1816785","Professional Massage Therapist","Bisera Wellness &amp;amp; Beauty Studio","2026-07-11","","KAB. BANYUWANGI","Full-time",""
"1816707","Staff Salon","Dunia Beauty Salon","2026-07-10","","Nusa Tenggara Barat","",""
"1816560","Therapist Massage &amp;amp; Refleksi","Lotus Salon &amp;amp; Spa","2026-07-10","","Kalimantan Timur","Full-time","1200000"
"1816097","Therapist / Nail Therapist / Eyelash Therapist","Joo Beauty Studio","2026-07-09","","KOTA DEPOK","Full-time",""
"1815995","Spa Therapist","LokerUbud","2026-07-09","","Bali","Full-time","4500000"
"1815690","Massage Therapist / Beautician","deWAVE","2026-07-08","","Jambi","Full-time",""
"1814911","Massage Therapist","Wellnest Massage Studio","2026-07-04","","KAB. KARAWANG","Full-time",""
"1814081","Therapist Spa","Therapist Spa","2026-06-26","","KAB. BOJONEGORO","",""
"1814078","Therapist Perempuan","AZELLA Family Reflexology","2026-06-26","","KAB. BLITAR","",""
"1813278","Spa Therapist &amp;amp; Nail Artist","Jhagat Spa Centre","2026-06-19","","Bali","",""
"1813236","Massage Therapist / Family Massage / Wellness","The Slowlance","2026-06-18","","KAB. BANTUL","",""
"1813235","Massage Therapist / Family Massage / Wellness","The Slowlance","2026-06-18","","KAB. KULON PROGO","",""
"1813170","Massage Therapist","Teplo Concept","2026-06-18","","Bali","",""
"1813166","Spa Therapist &amp;amp; Nail Artist","Jhagat Spa Centre","2026-06-18","","Bali","",""
"1813144","Therapist &amp;amp; Beautician / Nailist / Capster / Waxer / Lash Artist","deWAVE Family Massage, Reflexology &amp;amp; Beauty Bar","2026-06-18","","KAB. SUBANG","",""
"1813142","Therapist / Client Care","ERHA Clinic Tegal","2026-06-18","","KAB. TEGAL","",""
"1813073","Therapist / Client Care","ERHA Clinic Tegal","2026-06-18","","KAB. BREBES","",""
"1812613","Admin &amp;amp; Resepsionis","Spot Massage","2026-06-15","","Bali","",""
"1812153","SPA Therapist","Bali Taman Beach Resort &amp;amp; Spa","2026-06-14","","KAB. BANGLI","",""
"1812066","Cleaners / Receptionists / Massage Therapists","The Faces Ubud","2026-06-14","","Bali","",""
"1811938","Therapist Wanita / Kemitraan","Sukses Massage Kediri","2026-06-13","","KAB. NGANJUK","",""
"1811751","Massage Therapist / Cashier Administrator","Teplo Concept","2026-06-13","","Bali","",""
"1811410","Receptionist / SPA Therapist / Hair Stylist / Cleaning Service","Bali Ayu Beauty House","2026-06-12","","Bali","",""
"1808969","Spa Trainer","Nirvana Bali","2026-05-25","","Bali","",""
"1808953","Staff Salon &amp;amp; SPA","Pudaksari Beauty Salon &amp;amp; SPA","2026-05-25","","Bali","",""
"1808173","Receptionist","Reborn Massage Reflexology","2026-05-22","","KAB. KUTAI KARTANEGARA","",""
"1806675","THERAPIST","Cimory Dairyland","2026-05-05","","KAB. PASURUAN","",""
"1806121","Beautician","clickcantik.id","2026-05-04","","KAB. TANGERANG","",""
"1804525","MASSAGE THERAPIST","Dhyana Spa","2026-04-30","","KAB. MALANG","",""
"1804460","Beauty Therapist","MYL","2026-04-30","","KAB. TANAH BUMBU","",""
"1804059","Salon Spa Therapist / Nail Therapist","The Bumi Spa","2026-04-29","","KOTA TANGERANG SELATAN","",""
"1803446","Massage Therapist","Bali Yoga Studio","2026-04-28","","Bali","",""
"1803445","Massage Therapist","Bali Yoga Studio","2026-04-28","","Bali","",""
"1802640","HOUSEKEEPING RECEPTIONIST","Perdanaku Massage &amp;amp; Reflexology","2026-04-27","","KAB. KUBU RAYA","",""
"1802049","Beautician / Therapist","deWAVE","2026-04-25","","KOTA BANJARMASIN","",""
"1801980","FRONT OFFICE","Papioo Healthy Spa &amp;amp; Massage","2026-04-24","","KOTA SOLO","",""
"1801923","Therapist Profesional","Kamadeva spa","2026-04-24","","KOTA SURABAYA","",""
"1801656","THERAPIST BABY, KIDS &amp;amp; MOMS MASSAGE","Ofelia Baby Spa","2026-04-24","","KAB. NGANJUK","",""
"1801655","THERAPIST BABY, KIDS &amp;amp; MOMS MASSAGE","Ofelia Baby Spa","2026-04-24","","KAB. NGANJUK","",""
"1800508","Massage Therapist","deWAVE Massage &amp;amp; Beauty Bar","2026-04-17","","KOTA TANGERANG SELATAN","",""
"1800335","Massage Therapist","deWAVE Massage, Reflexology &amp;amp; Beauty Bar","2026-04-17","","KAB. TUBAN","",""
"1799480","Massage Therapist","Savaya","2026-04-15","","KAB. BOYOLALI","",""
"1799454","Experienced Therapists","Firefly Laser &amp;amp; Wellness Bali","2026-04-15","","Bali","",""
"1796485","Massage Therapist","deWAVE","2026-04-10","","KAB. PEMALANG","",""
"1796458","Massage Therapist &amp;amp; Beautician","deWAVE","2026-04-10","","KAB. KENDAL","",""
"1796141","Massage Therapist","Bali Yoga Studio","2026-04-09","","Bali","",""
"1795924","OPERATOR FRONT OFFICE","Akar Jiwa Spa, Massage &amp;amp; Reflexy","2026-04-08","","KAB. LUMAJANG","",""
"1795570","Massage Therapist / Beautician","deWAVE","2026-04-07","","KAB. SRAGEN","",""
"1795069","Therapist","Trend Global","2026-04-06","","Bali","",""
"1795068","Therapist","Trend Global","2026-04-06","","Bali","",""
"1794893","THERAPIST / HAIRSTYLIST","ELMARJAN BEAUTY SALON","2026-04-06","","DI Yogyakarta","",""
"1794052","Massage Therapist","Cozy House Family Reflexology","2026-04-04","","KAB. NGANJUK","",""
"1793725","Frontliner / Beautician / Content Creator / Pharmacist Assistant / Massage Therapist / Skin Care Therapist / Japanese SPA Therapist / Lymphatic Massage Therapist","Skinbars Technology &amp;amp; Beauty Clinic","2026-04-03","","KAB. KARANGANYAR","",""
"1793288","Nurse / Perawat","Aethernic Skin and Aesthetic Clinic","2026-04-02","","KOTA CIREBON","",""
"1792286","Massage Therapist","deWAVE Massage, Beauty Bar","2026-03-31","","KAB. LAMONGAN","",""
"1791767","Beauty Therapist","her.matchaspa","2026-03-30","","KAB. CIANJUR","",""
"1791758","Massage Therapist","wellnest massage studio","2026-03-30","","KAB. BEKASI","",""
"1791308","MASSAGE THERAPIST","SADU Family Massage &amp;amp; Reflexology","2026-03-28","","Jawa Barat","",""
"1781197","","Massage Lab Aveva","2026-03-25","","Bali","",""
"1769348","","COZY KOFIE &amp;amp; MASSAGE","2026-03-25","","DKI Jakarta","",""
"1781196","","Massage Lab Aveva","2026-03-24","","Bali","",""
"1769347","","COZY KOFIE &amp;amp; MASSAGE","2026-03-24","","DKI Jakarta","",""
"1781195","","Massage Lab Aveva","2026-03-23","","Bali","",""
"1769346","","COZY KOFIE &amp;amp; MASSAGE","2026-03-23","","DKI Jakarta","",""
"1781194","","Massage Lab Aveva","2026-03-22","","Bali","",""
"1769345","","COZY KOFIE &amp;amp; MASSAGE","2026-03-22","","DKI Jakarta","",""
"1781193","","Massage Lab Aveva","2026-03-21","","Bali","",""
"1769344","","COZY KOFIE &amp;amp; MASSAGE","2026-03-21","","DKI Jakarta","",""
"1781192","","Massage Lab Aveva","2026-03-20","","Bali","",""
"1769343","","COZY KOFIE &amp;amp; MASSAGE","2026-03-20","","DKI Jakarta","",""
"1781191","","Massage Lab Aveva","2026-03-19","","Bali","",""
"1769342","","COZY KOFIE &amp;amp; MASSAGE","2026-03-19","","DKI Jakarta","",""
"1781190","","Massage Lab Aveva","2026-03-18","","Bali","",""
"1769341","","COZY KOFIE &amp;amp; MASSAGE","2026-03-18","","DKI Jakarta","",""
"1754820","CLEANING SERVICE","COZY KOFIE &amp;amp; MASSAGE","2026-03-16","","DKI Jakarta","",""
"1754062","MASSAGE THERAPIST &amp;amp; BEAUTICIAN","deWAVE","2026-03-13","","KAB. CIREBON","",""
"1752890","MASSAGE THERAPIST &amp;amp; BEAUTICIAN","deWAVE","2026-03-10","","KAB. SUKOHARJO","",""
"1752880","MASSAGE THERAPIST &amp;amp; BEAUTICIAN","deWAVE","2026-03-10","","KAB. SUKOHARJO","",""
"1752699","MASSAGE THERAPIST &amp;amp; BEAUTICIAN","deWAVE Massage, Reflexology &amp;amp; Beauty Bar","2026-03-10","","KAB. KLATEN","",""
"1752698","MASSAGE THERAPIST &amp;amp; BEAUTICIAN","deWAVE Massage, Reflexology &amp;amp; Beauty Bar","2026-03-10","","KAB. KLATEN","",""
"1752612","PROFESIONAL MASSEUR / BUSINESS DEVELOPMENT","WOODS","2026-03-10","","KOTA TANGERANG SELATAN","",""
"1752402","THERAPIST","Ratu Sehat Traditional Massage","2026-03-10","","KOTA CIMAHI","",""
"1752055","Massage Therapist","Massage Lab Aveva","2026-03-09","","Bali","",""
"1751387","Massage Therapist","deWAVE Massage, Reflexology &amp;amp; Beauty Bar","2026-03-06","","KAB. PURBALINGGA","",""
"1751353","SUPERVISOR / THERAPIST","La Lot Skin","2026-03-06","","KAB. JOMBANG","",""
"1751333","MASSAGE THERAPIST &amp;amp; BEAUTICIAN","deWAVE","2026-03-06","","KAB. KLATEN","",""
"1751306","NAILIST","Boenga Nails &amp;amp; Relax","2026-03-06","","KOTA TANGERANG SELATAN","",""
"1750836","Massage Therapist / Beautician","deWAVE","2026-03-06","","KAB. KLATEN","",""
"1750291","LOWONGAN KERJA MASSAGE THERAPIST &amp;amp; BEAUTICIAN","deWAVE","2026-03-04","","KAB. TASIKMALAYA","",""
"1749907","MASSAGE THERAPIST","deWAVE Massage, Reflexology &amp;amp; Beauty Bar","2026-03-04","","KAB. MAGELANG","",""
"1749446","Lowongan Kerja Massage Therapist &amp;amp; Beautician","deWAVE","2026-03-03","","KAB. CIAMIS","",""
"1749390","LOWONGAN KERJA MASSAGE THERAPIST &amp;amp; BEAUTICIAN","deWAVE","2026-03-03","","KAB. BEKASI","",""
"1749248","Massage Therapist / Barista / Housekeeping","The Ark","2026-03-03","","Bali","",""
"1749104","PROFESIONAL MASSEUR / BUSINESS DEVELOPMENT","WOODS","2026-03-02","","KOTA TANGERANG SELATAN","",""
"1748487","Therapist","Sentuhan Tangan","2026-02-28","","KOTA BANJARMASIN","",""
"1748059","MASSAGE THERAPIST &amp;amp; BEAUTICIAN","deWAVE","2026-02-27","","KAB. SUKOHARJO","",""
"1747842","FRONT OFFICE","deWAVE Massage, Reflexology &amp;amp; Beauty Bar","2026-02-27","","KAB. KLATEN","",""
"1747791","WE ARE HIRING","IRESSE Salon","2026-02-27","","Nusa Tenggara Barat","",""
"1747789","WE ARE HIRING","IRESSE Salon","2026-02-27","","Nusa Tenggara Barat","",""
"1747735","MASSAGE THERAPIST &amp;amp; BEAUTICIAN","deWAVE","2026-02-27","","Jawa Tengah","",""
"1747681","Massage Therapist / Beautician","deWAVE","2026-02-27","","KAB. PEKALONGAN","",""
"1747554","MASSAGE THERAPIST &amp;amp; BEAUTICIAN","deWAVE","2026-02-26","","KAB. SOLOK","",""
"1747233","Spa Instructor &amp;amp; Methodology Trainer","Asoka Bali Ayu","2026-02-26","","Bali","",""
"1746753","MASSAGE THERAPIST &amp;amp; BEAUTICIAN","deWAVE","2026-02-25","","KAB. KUNINGAN","",""
"1746449","MASSAGE THERAPIST &amp;amp; BEAUTICIAN","deWAVE","2026-02-24","","KAB. KUNINGAN","",""
"1746418","Beauty Therapist","Elite Skin","2026-02-24","","KAB. TANGERANG","",""
"1746392","Massage Therapist / Beautician","deWAVE","2026-02-24","","KOTA PADANG","",""
"1746049","Lowongan Kerja Massage Therapist &amp;amp; Beautician","deWAVE","2026-02-24","","KAB. NGANJUK","",""
"1745679","Therapist Salon","Jasmine Reflexology","2026-02-23","","KAB. LAMPUNG SELATAN","",""
"1745316","MASSAGE THERAPIST &amp;amp; BEAUTICIAN","deWAVE","2026-02-23","","KOTA BANDAR LAMPUNG","",""
"1745049","MASSAGE THERAPIST","deWAVE Massage, Reflexology &amp;amp; Beauty Bar","2026-02-21","","KAB. PURWOREJO","",""
"1744793","THERAPIST (Pria &amp;amp; Wanita) RECEPTIONIST (Wanita) HOUSEKEEPING (Pria)","SHIBUYU FAMILY MASSAGE &amp;amp; REFLEXOLOGY","2026-02-21","","KAB. KUBU RAYA","",""
"1744792","THERAPIST (Pria &amp;amp; Wanita) RECEPTIONIST (Wanita) HOUSEKEEPING (Pria)","SHIBUYU FAMILY MASSAGE &amp;amp; REFLEXOLOGY","2026-02-21","","KAB. KUBU RAYA","",""
"1744790","THERAPIST ( Pria &amp;amp; Wanita ) RECEPTIONIST ( Wanita ) HOUSEKEEPING ( Pria )","SHIBUYU FAMILY MASSAGE &amp;amp; REFLEXOLOGY","2026-02-21","","KAB. KUBU RAYA","",""
"1744095","SALON STAFF","Shasaa Salon &amp;amp; Makeup","2026-02-20","","KAB. LUMAJANG","",""
"1744022","MASSAGE THERAPIST &amp;amp; BEAUTICIAN","deWAVE","2026-02-20","","KOTA BANDAR LAMPUNG","",""
"1743901","BEAUTY SALON &amp;amp; SPA THERAPIST","Wub Skin Beauty","2026-02-20","","Bali","",""
"1743336","Massage Therapist / Beautician","deWAVE","2026-02-18","","KAB. CILACAP","",""
"1742768","ACCOUNTING STAFF","deWAVE Massage, Reflexology &amp;amp; Beauty Bar","2026-02-17","","DI Yogyakarta","",""
"1742613","Beautician","Klinik Sudirman Medical Centre (SMC)","2026-02-17","","Bali","",""
"1740810","Therapist Body Massage &amp;amp; Reflexy","filosofi FAMILY MASSAGE &amp;amp; REFLEXOLOGY","2026-02-12","","KAB. TASIKMALAYA","",""
"1740368","MASSAGE THERAPIST &amp;amp; BEAUTICIAN","deWAVE","2026-02-12","","KAB. MALANG","",""
"1739954","LOWONGAN KERJA MASSAGE THERAPIST &amp;amp; BEAUTICIAN","deWAVE","2026-02-10","","KAB. TANGERANG","",""
"1739678","Massage Therapist / Facial &amp;amp; Body Therapist / Nail Technician / Spa Attendant / Receptionist","CONCEPT SPA","2026-02-09","","KAB. BADUNG","",""
"1739677","Massage Therapist / Facial &amp;amp; Body Therapist / Nail Technician / Spa Attendant / Receptionist","CONCEPT SPA","2026-02-09","","KAB. BADUNG","",""
"1739110","LOWONGAN KERJA MASSAGE THERAPIST &amp;amp; BEAUTICIAN","deWAVE","2026-02-07","","KAB. TANGERANG","",""
"1738795","Admin/Resepsionis","wellnest massage studio","2026-02-07","","KAB. BEKASI","",""
"1735851","","YOUNGJI Family Massage &amp;amp; Reflexology","2026-02-05","","DKI Jakarta","",""
"1735432","Karyawan Salon / Nail Artist","VI Beauty Bar","2026-02-04","","KOTA CIMAHI","",""
"1735411","BEAUTY THERAPIST","Dermaesthetics Group","2026-02-04","","DKI Jakarta","",""
"1735369","Massage Therapist / Beautician","deWAVE","2026-02-04","","KOTA BANDAR LAMPUNG","",""
"1734949","MASSAGE THERAPIST","S&oslash;re Family Massage &amp;amp; Reflexology","2026-02-03","","KOTA TANGERANG SELATAN","",""
"1734826","MASSAGE THERAPIST","deWAVE","2026-02-03","","KAB. PURWAKARTA","",""
"1734542","Hair Stylist / Therapist Body &amp;amp; Hair Treatment","Tsabita salon &amp;amp; spa","2026-02-03","","Banten","",""
"1734309","MASSAGE THERAPIST &amp;amp; BEAUTICIAN","deWAVE","2026-02-02","","KAB. KUNINGAN","",""
"1733837","","Be-Fresh Spa &amp;amp; Family Massage","2026-02-01","","KOTA SOLO","",""
"1733745","","Be-Fresh Spa &amp;amp; Family Massage","2026-02-01","","KOTA SOLO","",""
"1733532","Massage Therapist","deWAVE Massage, Reflexology &amp;amp; Beauty Bar","2026-01-31","","KAB. PURWAKARTA","",""
"1733531","Massage Therapist","deWAVE Massage, Reflexology &amp;amp; Beauty Bar","2026-01-31","","KAB. PURWAKARTA","",""
"1733234","LEADER SPA / SPV","Kin Plumi&egrave;re SPA","2026-01-31","","Bali","",""
"1733233","LEADER SPA / SPV","Kin Plumi&egrave;re SPA","2026-01-31","","Bali","",""
"1733144","Beauty Therapist","Lot Skin","2026-01-31","","KAB. MOJOKERTO","",""
"1732741","Beauty Therapist","Lotus Skin","2026-01-30","","KAB. JOMBANG","",""
"1732668","MASSAGE THERAPIST &amp;amp; BEAUTICIAN","deWAVE","2026-01-30","","KOTA BANDAR LAMPUNG","",""
"1732028","MASSAGE THERAPIST &amp;amp; BEAUTICIAN","deWAVE","2026-01-29","","KOTA BANDAR LAMPUNG","",""
"1729844","Spa Therapist","Be-Fresh Spa &amp;amp; Family Massage","2026-01-24","","KOTA SOLO","",""
"1729470","MASSAGE THERAPIST &amp;amp; BEAUTICIAN","deWAVE","2026-01-24","","KAB. KUNINGAN","",""
"1729068","Karyawan Wanita","SARAH BEAUTY","2026-01-24","","KOTA PADANG","",""
"1728456","BEAUTY &amp;amp; MASSAGE THERAPIST / HAIRDRESSER","Kin Plumi&egrave;re SPA","2026-01-23","","Bali","",""
"1727462","TEKNISI","flo Spa &amp;amp; Massage","2026-01-21","","KAB. SRAGEN","",""
"1727390","Massage Therapist / Beautician","deWAVE","2026-01-21","","KAB. PATI","",""
"1726818","Massage Therapist / Beautician","deWAVE","2026-01-21","","KOTA BUKITTINGGI","",""
"1726635","Massage Therapist / Beautician","deWAVE","2026-01-20","","KAB. BEKASI","",""
"1726116","PROFESIONAL MASSEUR","Woods Family Massage and Reflexology","2026-01-19","","KOTA TANGERANG SELATAN","",""
"1725547","","Carina Massage","2026-01-18","","Bali","",""
"1723703","","YOUNGJI Family Massage &amp;amp; Reflexology","2026-01-18","","DKI Jakarta","",""
"1723639","","YOUNGJI Family Massage &amp;amp; Reflexology","2026-01-18","","DKI Jakarta","",""
"1723574","","YOUNGJI Family Massage &amp;amp; Reflexology","2026-01-18","","DKI Jakarta","",""
"1723230","","Dara Massage","2026-01-18","","DI Yogyakarta","",""
"1723021","","deWAVE Massage, Reflexology &amp;amp; Beauty Bar","2026-01-18","","KAB. PURBALINGGA","",""
"1722833","","flo Spa &amp;amp; Massage","2026-01-18","","KAB. SUKOHARJO","",""
"1722742","MASSAGE THERAPIST &amp;amp; BEAUTICIAN","deWAVE","2026-01-17","","KAB. TEGAL","",""
"1722695","MASSAGE THERAPIST &amp;amp; BEAUTICIAN","deWAVE Massage, Reflexology &amp;amp; Beauty Bar","2026-01-17","","KAB. PURBALINGGA","",""
"1722684","TEKNISI","flo Spa &amp;amp; Massage","2026-01-17","","KAB. SUKOHARJO","",""
"1722672","Nail Art &amp;amp; Therapist Spa","Edenia Head Spa","2026-01-17","","KAB. SRAGEN","",""
"1722505","","Dara Massage","2026-01-17","","DI Yogyakarta","",""
"1719356","","SHIBUYU FAMILY MASSAGE &amp;amp; REFLEXOLOGY","2026-01-17","","KAB. KUBU RAYA","",""
"1716732","","YOUNGJI Family Massage &amp;amp; Reflexology","2026-01-17","","DKI Jakarta","",""
"1716569","","YOUNGJI Family Massage &amp;amp; Reflexology","2026-01-17","","DKI Jakarta","",""
"1715660","","YOUNGJI Family Massage &amp;amp; Reflexology","2026-01-17","","DKI Jakarta","",""
"1715629","","YOUNGJI Family Massage &amp;amp; Reflexology","2026-01-17","","DKI Jakarta","",""
"1720792","","SHIBUYU FAMILY MASSAGE &amp;amp; REFLEXOLOGY","2026-01-16","","KAB. KUBU RAYA","",""
"1719410","","Gangnam Massage &amp;amp; Reflexology","2026-01-16","","KAB. PANDEGLANG","",""
"1719338","","Sore Family Massage &amp;amp; Reflexology","2026-01-16","","KOTA TANGERANG SELATAN","",""
"1718026","","YOUNGJI Family Massage &amp;amp; Reflexology","2026-01-16","","KAB. TANGERANG","",""
"1718005","","Sore Family Massage &amp;amp; Reflexology","2026-01-16","","KOTA TANGERANG SELATAN","",""
"1717455","","HAYYIN MASSAGE &amp;amp; SALON TREATMENT","2026-01-16","","KAB. MALANG","",""
"1716553","","YOUNGJI Family Massage &amp;amp; Reflexology","2026-01-16","","DKI Jakarta","",""
"1722445","","deWAVE Massage, Reflexology &amp;amp; Beauty Bar","2026-01-15","","Maluku","",""
"1721767","","deWAVE Massage, Reflexology &amp;amp; Beauty Bar","2026-01-15","","Maluku","",""
"1719174","","YOUNGJI Family Massage &amp;amp; Reflexology","2026-01-15","","KAB. TANGERANG","",""
"1718073","","Dara Massage","2026-01-15","","DI Yogyakarta","",""
"1717928","","Gangnam Massage &amp;amp; Reflexology","2026-01-15","","KAB. PANDEGLANG","",""
"1716878","","Dara Massage","2026-01-15","","DI Yogyakarta","",""
"1715426","","YOUNGJI Family Massage &amp;amp; Reflexology","2026-01-15","","DKI Jakarta","",""
"1713508","Spa Manager / Spa Therapist","Hotel Joglo Ageng Guci","2026-01-15","","Jawa Barat","",""
"1713481","Kasir (Receptionist)","Gangnam Massage &amp;amp; Reflexology","2026-01-15","","KAB. PANDEGLANG","",""
"1713457","CLEANING SERVICE","YOUNGJI Family Massage &amp;amp; Reflexology","2026-01-15","","KAB. TANGERANG","",""
"1713435","MASSAGE THERAPIST &amp;amp; BEAUTICIAN","deWAVE","2026-01-15","","Lampung","",""
"1713334","THERAPIST RECEPTIONIST HOUSEKEEPING","SHIBUYU FAMILY MASSAGE &amp;amp; REFLEXOLOGY","2026-01-15","","KAB. KUBU RAYA","",""
"1713137","CLEANING SERVICE","YOUNGJI Family Massage &amp;amp; Reflexology","2026-01-15","","DKI Jakarta","",""
"1697865","","Oriental Spa &amp;amp; Massage","2026-01-15","","KAB. TANGERANG","",""
"1693024","","Family Massage","2026-01-15","","KOTA CIMAHI","",""
"1688437","","deWAVE Massage, Reflexology &amp;amp; Beauty Bar","2026-01-15","","Jambi","",""
"1712677","MASSAGE THERAPIST &amp;amp; BEAUTICIAN","deWAVE","2026-01-14","","KAB. INDRAMAYU","",""
"1711862","BEAUTY &amp;amp; MASSAGE THERAPIST / HAIRDRESSER","Kin Plumi&egrave;re SPA","2026-01-13","","Bali","",""
"1697635","","SOMA Massage &amp;amp; Reflexology","2026-01-13","","Banten","",""
"1697631","","WOODS FAMILY MASSAGE AND REFLEXOLOGY","2026-01-13","","KOTA TANGERANG SELATAN","",""
"1697616","","SOMA Massage &amp;amp; Reflexology","2026-01-13","","KAB. TANGERANG","",""
"1696453","","Forest Reflexology &amp;amp; Family Massage","2026-01-13","","KAB. NGANJUK","",""
"1692859","","deWAVE Massage, Reflexology &amp;amp; Beauty Bar","2026-01-13","","KAB. SUKABUMI","",""
"1691602","","Re-lax-ing Massage &amp;amp; Reflexology","2026-01-13","","DKI Jakarta","",""
"1690532","","D'GREEN MASSAGE &amp;amp; SPA","2026-01-13","","KOTA TANJUNG PINANG","",""
"1711179","CLEANING SERVICE","YOUNGJI Family Massage &amp;amp; Reflexology","2026-01-12","","DKI Jakarta","",""
"1697468","","SORE Family Massage &amp;amp; Reflexology","2026-01-11","","KAB. TANGERANG","",""
"1695044","","Calma Family Massage &amp;amp; Reflexology","2026-01-11","","DI Yogyakarta","",""
"1691430","","MAYOMI Family Massage &amp;amp; Wellness","2026-01-11","","DKI Jakarta","",""
"1697265","","SORE FAMILY MASSAGE &amp;amp; REFLEXOLOGY","2026-01-10","","KOTA TANGERANG SELATAN","",""
"1687209","","Laze Massage and Spa","2026-01-10","","Riau","",""
"1710220","ADMIN &amp;amp; SOCIAL MEDIA SPECIALIST","YOUNGJI Family Massage &amp;amp; Reflexology","2026-01-09","","DKI Jakarta","",""
"1710215","Spa Therapist &amp;amp; Nail Artist","Jhagat Spa Centre","2026-01-09","","Bali","",""
"1710048","","Carina Massage","2026-01-09","","Bali","",""
"1693621","","New-X Massage","2026-01-09","","KAB. SUKOHARJO","",""
"1709903","HEAD THERAPIST","Lunara Wellness Hub","2026-01-08","","Jawa Barat","",""
"1709826","Massage Therapist","Sore Family Massage &amp;amp; Reflexology","2026-01-08","","KOTA TANGERANG SELATAN","",""
"1709747","Karyawati","Adelia Hair &amp;amp; Beauty Salon","2026-01-08","","KAB. TULUNGAGUNG","",""
"1708046","","deWAVE Massage, Reflexology &amp;amp; Beauty Bar","2026-01-08","","Maluku","",""
"1693482","","New-X Massage","2026-01-08","","KAB. BOYOLALI","",""
"1709118","2 Therapist","Dara Massage","2026-01-07","","DI Yogyakarta","",""
"1696999","","Re-lax-ing Massage &amp;amp; Reflexology","2026-01-07","","KAB. TANGERANG","",""
"1696995","","WOODS FAMILY MASSAGE AND REFLEXOLOGY","2026-01-07","","KOTA TANGERANG SELATAN","",""
"1708830","Therapist Massage dan Reflexology","FRIEDEN SPA AND REFLEXOLOGY","2026-01-06","","KAB. PONOROGO","",""
"1708624","BEAUTY THERAPIST","MAHARANI BEAUTY STUDIO","2026-01-06","","KAB. KLUNGKUNG","",""
"1703394","","Glory Massage Bali","2026-01-06","","KAB. KUTAI KARTANEGARA","",""
"1701396","","Moori Family Massage","2026-01-06","","KAB. KOTAWARINGIN BARAT","",""
"1700354","","PRIVILEGE RELAXATION &amp;amp; BODY MASSAGE","2026-01-06","","KAB. KUPANG","",""
"1696832","","Calma Family Massage &amp;amp; Reflexology","2026-01-06","","Banten","",""
"1693250","","Oriental Spa &amp;amp; Massage","2026-01-06","","KOTA SEMARANG","",""
"1672565","","WOODS FAMILY MASSAGE AND REFLEXOLOGY","2026-01-06","","KOTA TANGERANG SELATAN","",""
"1672481","","WOODS FAMILY MASSAGE AND REFLEXOLOGY","2026-01-06","","KOTA TANGERANG SELATAN","",""
"1671283","","SERAYU Spa &amp;amp; massage","2026-01-06","","KAB. JEMBER","",""
"1665268","","D'GREEN MASSAGE &amp;amp; SPA","2026-01-06","","KOTA TANJUNG PINANG","",""
"1637819","","REBORN massage &bull; reflexology","2026-01-06","","Bali","",""
"1635973","","WOODS FAMILY MASSAGE AND REFLEXOLOGY","2026-01-06","","KOTA TANGERANG SELATAN","",""
"1628528","","flo Spa &amp;amp; Massage","2026-01-06","","KAB. SRAGEN","",""
"1628481","","New-X Massage","2026-01-06","","KAB. SRAGEN","",""
"1625787","","VIXEN SPA N MASSAGE","2026-01-06","","KOTA CIMAHI","",""
"1616500","","deWAVE Massage, Reflexology &amp;amp; Beauty Bar","2026-01-06","","Jambi","",""
"1696722","","SORE FAMILY MASSAGE &amp;amp; REFLEXOLOGY","2026-01-05","","KAB. TANGERANG","",""
"1668757","","deWave Family Massage, Reflexology and Beauty Bar","2026-01-05","","KAB. KARANGANYAR","",""
"1631010","","Calma Family Massage &amp;amp; Reflexology","2026-01-05","","DI Yogyakarta","",""
"1623282","","MAYOMI Family Massage &amp;amp; Wellness","2026-01-05","","DKI Jakarta","",""
"1623210","","Re-lax-ing Massage &amp;amp; Reflexology","2026-01-05","","DKI Jakarta","",""
"1614163","","Laze Massage and Spa","2026-01-05","","Riau","",""
"1672262","","Oriental Spa &amp;amp; Massage","2026-01-04","","KAB. TANGERANG","",""
"1669923","","Calma Family Massage &amp;amp; Reflexology","2026-01-04","","KAB. SLEMAN","",""
"1666289","","MAYOMI Family Massage &amp;amp; Wellness","2026-01-04","","DKI Jakarta","",""
"1644883","","Moori Family Massage","2026-01-04","","KAB. KOTAWARINGIN BARAT","",""
"1643141","","Moori Family Massage","2026-01-04","","KAB. KOTAWARINGIN BARAT","",""
"1635402","","SORE FAMILY MASSAGE &amp;amp; REFLEXOLOGY","2026-01-04","","KOTA TANGERANG SELATAN","",""
"1633380","","RESU MASSAGE","2026-01-04","","KAB. GRESIK","",""
"1621179","","D'GREEN MASSAGE &amp;amp; SPA","2026-01-04","","KOTA TANJUNG PINANG","",""
"1668534","","Oriental Spa &amp;amp; Massage","2026-01-03","","KOTA SEMARANG","",""
"1666132","","MAYOMI Family Massage &amp;amp; Wellness","2026-01-03","","DKI Jakarta","",""
"1641892","","PRIVILEGE RELAXATION &amp;amp; BODY MASSAGE","2026-01-03","","KAB. KUPANG","",""
"1635417","","WOODS FAMILY MASSAGE AND REFLEXOLOGY","2026-01-03","","KAB. TANGERANG","",""
"1635070","","WOODS FAMILY MASSAGE AND REFLEXOLOGY","2026-01-03","","KOTA TANGERANG SELATAN","",""
"1616753","","deWAVE Massage, Reflexology &amp;amp; Beauty Bar","2026-01-03","","Jambi","",""
"1590315","","Forest Reflexology &amp;amp; Family Massage","2026-01-03","","KAB. NGANJUK","",""
"1587863","","flo Spa &amp;amp; Massage","2026-01-03","","KAB. SRAGEN","",""
"1587847","","New-X Massage","2026-01-03","","KAB. BOYOLALI","",""
"1682921","","deWAVE Massage, Reflexology &amp;amp; Beauty Bar","2026-01-02","","Maluku","",""
"1676421","","Moori Family Massage","2026-01-02","","KAB. KOTAWARINGIN BARAT","",""
"1672096","","Calma Family Massage &amp;amp; Reflexology","2026-01-02","","Banten","",""
"1672032","","WOODS FAMILY MASSAGE AND REFLEXOLOGY","2026-01-02","","KAB. TANGERANG","",""
"1667263","","VIXEN SPA N MASSAGE","2026-01-02","","KAB. KARAWANG","",""
"1657148","","deWAVE Massage, Reflexology &amp;amp; Beauty Bar","2026-01-02","","Maluku","",""
"1635213","","Oriental Spa &amp;amp; Massage","2026-01-02","","KAB. TANGERANG","",""
"1625887","","VIXEN SPA N MASSAGE","2026-01-02","","KOTA CIMAHI","",""
"1602736","","HAPPY HEALTHY Reflexology &amp;amp; Family Massage","2026-01-02","","DKI Jakarta","",""
"1595613","","Moori Family Massage","2026-01-02","","KAB. KOTAWARINGIN BARAT","",""
"1585329","","Re-lax-ing Massage &amp;amp; Reflexology","2026-01-02","","DKI Jakarta","",""
"1585274","","MAYOMI Family Massage &amp;amp; Wellness","2026-01-02","","DKI Jakarta","",""
"1671996","","SOMA Massage &amp;amp; Reflexology","2026-01-01","","KAB. TANGERANG","",""
"1669538","","Calma Family Massage &amp;amp; Reflexology","2026-01-01","","KAB. SLEMAN","",""
"1661720","","Laze Massage and Spa","2026-01-01","","Riau","",""
"1634926","","Calma Family Massage &amp;amp; Reflexology","2026-01-01","","Banten","",""
"1634650","","Oriental Spa &amp;amp; Massage","2026-01-01","","KAB. TANGERANG","",""
"1634585","","SOMA Massage &amp;amp; Reflexology","2026-01-01","","Banten","",""
"1591317","","SORE FAMILY MASSAGE &amp;amp; REFLEXOLOGY","2026-01-01","","KOTA TANGERANG SELATAN","",""
"1591277","","Re-lax-ing Massage &amp;amp; Reflexology","2026-01-01","","KAB. TANGERANG","",""
"1586378","","VIXEN SPA N MASSAGE","2026-01-01","","KOTA CIMAHI","",""
"1584148","","D'GREEN MASSAGE &amp;amp; SPA","2026-01-01","","KOTA TANJUNG PINANG","",""
"1580836","","Laze Massage and Spa","2026-01-01","","Riau","",""
"1831105","Admin","Me Time! (Salon and Spa)","2026-09-05","","Kalimantan Selatan","",""
"1831089","","Aluna Home Spa","2026-09-05","","KOTA SEMARANG","",""
"1831078","Cashier / Server / Kitchen","Locker Space","2026-09-05","","KOTA SURABAYA","",""
"1830997","Kasir","Aola Co-Working Space","2026-09-05","","KAB. TUBAN","",""
"1830921","Part Staff","Honda Bintang Madiun","2026-09-05","","KAB. MOJOKERTO","",""
"1830917","Manager","Omorfia Hair Spa Beauty","2026-09-05","","KAB. BANYUWANGI","",""
"1830830","Head Kitchen","Stetig Space Cafe","2026-09-05","","KAB. PURWAKARTA","",""
"1830789","Kasir Bengkel / Live &amp; Content Creator / Mekanik / Admin Sparepart / Admin Sepeda","Dealer Viar &amp; Sepeda Listrik Tasik","2026-09-05","","Jawa Barat","Full-time",""
"1830778","Personal Assistant (PA)","Master Trust Law Firm","2026-09-05","","KOTA DEPOK","",""
"1830757","Game Center Crew","Arcana Gaming Space &amp; Fun","2026-09-05","","KAB. BANDUNG","Part-time",""
"1830677","Admin HR Internship","Batik Benang Raja","2026-09-05","","Jawa Tengah","Internship",""
"1830610","Crew Operator VR","Action VR Gaming Space","2026-09-05","","KAB. BATU BARA","",""
"1830606","Kitchen Staff / Koki / Barista / Waiters","Nemu Space","2026-09-05","","KAB. KLATEN","",""
"1830598","Sales Counter / Mekanik","Vespa Kharisma Motor Kudus","2026-09-05","","KAB. KUDUS","",""
"1830566","Sales Executive","PT. Hailai Citra Boga","2026-09-05","","KOTA SEMARANG","Full-time","9000000"
"1830446","Admin","Little Jo Montessori Studio","2026-09-05","","Bali","Full-time",""
"1830317","Staff Gudang / Staff Penjualan","Delta Auto Parts","2026-09-04","","KAB. BERAU","",""
"1830304","Admin Cabang Banjarmasin","WIN Motorcycle Parts","2026-09-04","","KOTA BANJARMASIN","",""
"1830238","Spa Supervisor","Jaens Spa","2026-09-04","","KAB. BADUNG","",""
"1830223","Admin","Binar Kalbu Psikologi","2026-09-04","","Jawa Tengah","",""
"1830221","Finance Staff / Admin Keuangan","CV. Luzie Berkah Mandiri (Luzie Group)","2026-09-04","","KAB. BANYUMAS","",""
"1830104","Finance Staff / Admin Keuangan","Luzie Group","2026-09-04","","KAB. KEBUMEN","",""
"1830087","Karyawan Toko Sparepart Motor","Aris Motor Bangsri","2026-09-04","","KAB. JEPARA","",""
"1830075","Finance Staff / Admin Keuangan","Luzie Group","2026-09-04","","KAB. KEBUMEN","",""
"1829696","Admin &amp;amp; Marketing","PT Elenoir Skin Indonesia","2026-09-02","","Jawa Tengah","Full-time",""
"1829642","Therapist","baheera Spa","2026-09-02","","KAB. BANDUNG","Full-time",""
"1829641","Brand &amp;amp; Social Media Specialist","SENDIKA GROUP","2026-09-02","","KAB. BANDUNG","Full-time",""
"1829620","Therapist","Baheera Spa","2026-09-02","","KAB. BANDUNG","",""
"1829450","Admin Gudang / Staf Purchasing / Barista Kopi / Staf Kitchen / Cook","Atmospace Cafe","2026-09-01","","KOTA DEPOK","Full-time",""
"1829365","Barista","B Space","2026-09-01","","KAB. BOGOR","Full-time",""
"1829359","Kitchen Crew","Larut Coffee &amp;amp; Space","2026-09-01","","KAB. SOPPENG","Full-time",""
"1829290","Admin","Milala Auto Service","2026-09-01","","KAB. KARAWANG","Full-time",""
"1829254","Therapist Headspa","Juan Juan Beauty Salon &amp;amp; Headspa","2026-08-31","","KOTA TANGERANG SELATAN","Full-time",""
"1829224","Supervisor Sparepart / OB Serabutan / Supir / Sales Counter","Yamaha Bisma Sentral","2026-08-29","","KAB. KUTAI KARTANEGARA","Full-time",""
"1829214","Crew Sparepart Motor","Henjelina Motor","2026-08-29","","KAB. KUTAI KARTANEGARA","Full-time",""
"1829063","Staff Pengelola Barang","Tritama Jaya","2026-08-28","","Kalimantan Barat","Full-time","3200000"
"1828994","Nailist","be Bless","2026-08-25","","Jawa Barat","Full-time",""
"1828966","Barista","B Space","2026-08-25","","KAB. BOGOR","Full-time",""
"1828908","SPV Finance","Fayez Group","2026-08-24","","Jawa Barat","Full-time",""
"1828902","Barista / Floor","RUANGNAMU COFFEE &amp;amp; SPACE","2026-08-24","","KOTA DEPOK","Full-time",""
"1828797","Administrator","LU SPA","2026-08-24","","KOTA DENPASAR","Full-time",""
"1828627","Admin Boardgame &amp;amp; Mahjong","Luckydays Boardgame Space","2026-08-23","","KAB. SUKOHARJO","Full-time","2500000"
"1828597","Front Office","PLAYSPA","2026-08-23","","KAB. SUKOHARJO","Full-time","2500000"
"1828576","Business Consultant (Sales Agronomist)","PT. SPANGAN MULTI AGRO","2026-08-23","","KAB. BLORA","Full-time",""
"1828540","Karyawan Toko","Jojo Cell Sparepart","2026-08-23","","KAB. KENDAL","Full-time","2250000"
"1828510","Sales Sparepart Mobil","Mitar Sentosa","2026-08-23","","KAB. BLORA","Full-time",""
"1828509","Admin sppg","SPPG","2026-08-23","","KOTA SALATIGA","Full-time",""
"1828346","Business Operations Assistant","one dream architects","2026-08-22","","KOTA TANGERANG","Full-time",""
"1828312","After Sales Consultant","GM Tractors","2026-08-22","","KAB. MOROWALI","Full-time",""
"1828040","Teknisi Detailer","Mastercare Moto Spa","2026-08-21","","KOTA TANGERANG","",""
"1828018","Teknisi Detailer","Mastercare Moto Spa","2026-08-21","","KOTA TANGERANG","",""
"1827996","Teknisi Detailer","Mastercare Moto Spa","2026-08-21","","KOTA TANGERANG","Full-time",""
"1827980","Staff Konter","DC Sparepart HP","2026-08-21","","DI Yogyakarta","","1800000"
"1827948","Office Boy/Girl","MJ Hair &amp;amp; Spa","2026-08-20","","KAB. CIANJUR","Full-time",""
"1827924","Live Host for TikTok","Sparkcast Entertainment","2026-08-20","","KOTA ADM. JAKARTA TIMUR","Part-time","3"
"1827893","Training Manager / Bar Manager / Asst. Restaurant Manager / Cost Control / Restaurant Supervisor / Restaurant Cashier / Linen Supervisor / Linen Runner / Engineering ME / Recreation / Beach Cleaner / Gardener / Order Taker Housekeeping","Griya Santrian a Beach Resort &amp;amp; Spa","2026-08-19","","Bali","Full-time",""
"1827879","Floor Supervisor","Atamendra Resort","2026-08-19","","Bali","Full-time",""
"1827841","SPA / Hair Therapist, Experienced Hair Stylist, Experienced Front Desk / Office Staff, SPA Manager","SOLVE SANA HAIR &amp;amp; SCALP SPA","2026-08-19","","KAB. KUTAI KARTANEGARA","Full-time",""
"1827743","Sales / Marketing","PT HITEC ASIA INDONESIA","2026-08-15","","DKI Jakarta","Full-time",""
"1827688","Barista / Kitchen / Server","Maroone &amp;amp; Navi Coffee &amp;amp; Space / Inti Merah Group","2026-08-13","","KAB. JOMBANG","",""
"1827506","Fasilitator Anak","Wuffy Space","2026-08-13","","DI Yogyakarta","Full-time",""
"1827368","Engineering Supervisor / Belldrigger Staff / Spa Therapist Staff","Dijiwa Sanctuaries","2026-08-12","","Bali","Full-time",""
"1827340","Public Relation + Event","Mata Berawa","2026-08-12","","Bali","",""
"1827288","Housekeeping / Spa Therapist / Steward","Gr&uuml;n","2026-08-12","","Bali","Daily Worker",""
"1827272","Manager","KOYA SPA","2026-08-12","","Bali","Full-time",""
"1827116","Salesman Sparepart","UD. Jatayu Sakti","2026-08-11","","DKI Jakarta","Full-time",""
"1826906","Toko Sparepart","Toko Sparepart Mitra Motor","2026-08-11","","KOTA PALANGKARAYA","Full-time",""
"1826747","Sales Alsintan / Agriculture Business Development / Mekanik Alsintan / Sparepart &amp;amp; After-Sales Officer / Content Creator","Tridjaya Tani","2026-08-11","","KAB. INDRAMAYU","Full-time",""
"1826677","Pramuniaga","Raden Sparepart Hp Solutions","2026-08-11","","KAB. SUBANG","Full-time",""
"1826608","Cafe &amp;amp; Playspace Crew","OSDAY Space","2026-08-11","","Sulawesi Tengah","Full-time",""
"1826576","Business Development Officer","Truffle Belly","2026-08-11","","DKI Jakarta","Full-time",""
"1826533","Baker Assistant","BUTTER.DELI","2026-08-10","","Bali","Full-time",""
"1826502","Supervisor / Social Media Admin / Front Office / Perawat / Spa Therapist / Dokter","Hevi","2026-08-10","","Kalimantan Barat","",""
"1826399","Operational","Hartawan Group","2026-08-10","","KAB. BLITAR","Full-time",""
"1826283","Admin Gudang Online Shop","Gudang Sparepart Motor Mitra Anda","2026-08-10","","KAB. KUDUS","",""
"1826211","Sales Counter / Mekanik","VESPA KHARISMA MOTOR SOLO","2026-08-10","","KAB. SUKOHARJO","Full-time",""
"1826162","Gudang Sparepart / Electrical Engineer / Mechanical Engineer","PT. INDOMULTI JAYASTEEL","2026-08-10","","KAB. GRESIK","Full-time",""
"1826156","Kitchen","Manta Coffee &amp;amp; Space","2026-08-10","","KAB. JOMBANG","Full-time",""
"1826117","Bidan","Praktik Mandiri dr. Lintang &amp;amp; Bidan Henny","2026-08-10","","KAB. PONOROGO","Full-time",""
"1826108","Bidan","Praktik Mandiri dr. Lintang &amp;amp; Bidan Henny","2026-08-10","","KAB. PONOROGO","Full-time",""
"1826013","Sales Alsintan / Agriculture Business Development / Mekanik Alsintan / Sparepart &amp;amp; After-Sales Officer / Content Creator","Tridjaya Tani","2026-08-10","","KAB. SUBANG","Full-time",""
"1825916","Barista","SEVEN NINETY SIX COFFEE SPACE","2026-08-08","","KAB. JEPARA","Full-time",""
"1825913","Lowongan Pekerjaan Khusus SPA DEWASA","BIDAN EKA MOM, KIDS &amp;amp; BABY SPA","2026-08-08","","KAB. JEPARA","Full-time",""
"1825863","Content Creator / Editor","Nat2.Space","2026-08-08","","KOTA PALANGKARAYA","",""
"1825781","DIBUTUHKAN SEGERA: Karyawan Toko Sparepart Mobil","Sekawan Motor Purworejo","2026-08-08","","KAB. PURWOREJO","Full-time",""
"1825728","Supervisor / Social Media Admin / Front Office / Perawat / Spa Therapist","HEVI","2026-08-08","","Kalimantan Barat","",""
"1825662","Receptionist","Batatu Resort / Eden Villas Lombok","2026-08-08","","Nusa Tenggara Barat","Full-time",""
"1825577","Kasir / Waiter / Waitress","SORAA COFFEE AND SPACE","2026-08-08","","Kalimantan Timur","Full-time",""
"1825503","FRONT OFFICE","The Kul Kul Farm","2026-08-08","","Bali","Full-time",""
"1825502","Front Office","The Kul Kul Farm","2026-08-08","","Bali","Full-time",""
"1825497","Staff Salon","Dewi Salon &amp;amp; Spa","2026-08-08","","Bali","",""
"1825479","Spa Therapist / Nailist","THE SAS BALI","2026-08-08","","Bali","Full-time",""
"1825456","Admin ElevaU","Cetta.com / Life at Cetta","2026-08-08","","KAB. HULU SUNGAI TENGAH","Full-time",""
"1825291","Karyawati","Toko Nasional Maospati","2026-08-08","","KAB. MAGETAN","Full-time",""
"1825195","Finance Staff / Admin Staff","PT Tuan Energi Indonesia","2026-08-08","","KOTA SURABAYA","Full-time",""
"1825098","Head Finance Accounting / Admin Sparepart","PT. SALUYU GATSU MOTOR","2026-08-08","","Jawa Barat","Full-time",""
"1825008","Receptionist","BATATU RESORT / EDEN VILLAS LOMBOK","2026-08-07","","Nusa Tenggara Barat","Full-time",""
"1824993","Therapist SPA / Front Office","Parina Spa","2026-08-07","","Bali","Full-time",""
"1824972","Receptionist / Spa Therapist","ZAHRA SPA","2026-08-07","","Bali","Full-time","7000000"
"1824933","Cook (DW) / GSA (DW) / SPA Therapist","Hideaway Villas Bali","2026-08-07","","KAB. KLUNGKUNG","Full-time",""
"1824922","Project Coordinator Marketing / Live Streamer / Employer Branding &amp;amp; Partnership Officer / Customer Service B2B / Admin Finance / Affiliate Account Manager","PT. DIGIZECAL VITA GUNA","2026-08-07","","KAB. KARANGANYAR","Full-time",""
"1824887","Therapist Women Spa","Kartini Mom Spa","2026-08-07","","KAB. KEBUMEN","Full-time",""
"1824869","Nail Therapist","Xin Spa &amp;amp; Beauty","2026-08-07","","Bali","",""
"1824858","Front Office / Waitress / Accounting / Therapist SPA","Airis Villas &amp;amp; Spa","2026-08-07","","Bali","Full-time",""
"1824744","Digital Marketing","PT. Yospar Grawista Tama","2026-08-07","","KOTA SOLO","",""
"1824630","Mekanik","Ken's Garage","2026-08-07","","KOTA SALATIGA","Full-time",""
"1824596","Hair Stylish / Nailist / Eyelash","Kania Beauty Space","2026-08-07","","KAB. KLATEN","Full-time",""
"1824523","Technician Supervisor / Production Technician / HR Generalist / Admin Sparepart / Processing Operator / Packing Operator / Packer / Outbound Supervisor","MOMOGI GROUP","2026-08-07","","KAB. GRESIK","Full-time",""
"1824263","Kasir","VALOR PRIVATE SPACE &amp;amp; BAR","2026-08-07","","KOTA SURABAYA","Full-time",""
"1824223","Sales Executive","Meetly Co-Working Space","2026-08-07","","KAB. KARAWANG","Full-time",""
"1824178","Cook / Kitchen Crew / Barista Kopi","ATOMSPACE","2026-08-07","","KOTA TANGERANG SELATAN","Full-time",""
"1824165","Branch Manager","Bosowa Berlin Auto","2026-08-07","","Papua Barat","Full-time",""
"1824160","Cook / Kitchen Crew / Barista Kopi","ATMOSPACE","2026-08-07","","KOTA TANGERANG SELATAN","Full-time",""
"1824119","Barista / Cook Helper","Strada Coffee","2026-08-07","","KAB. TANGERANG","Full-time",""
"1823994","Therapist","SPASION BALI","2026-08-06","","KAB. KUTAI KARTANEGARA","Full-time",""
"1823946","Hair Stylist / Body Spa / Skin Face / SPV","Yulia Muslimah Beauty &amp;amp; Spa","2026-08-06","","KOTA BANJARMASIN","Full-time",""
"1823901","Staff Purchasing","PT. Hadi Berkat Jaya","2026-08-06","","KAB. KUTAI KARTANEGARA","Full-time",""
"1823893","Cashier / Barista / Waiters / Kitchen","EMPAT COFFEE AND SPACE","2026-08-06","","KAB. PANDEGLANG","Part-time",""
"1823858","Cook (DW) / GSA (DW) / SPA Therapist","Hideaway Villas Bali","2026-08-06","","KAB. BADUNG","",""
"1823840","Visa Documentation &amp;amp; Operations Specialist","PT Alpha Visa Agency","2026-08-06","","Bali","Full-time",""
"1823828","Spa Receptionist / Spa Therapist","Crown Day Spa","2026-08-06","","Bali","Full-time",""
"1823820","SPA THERAPIST","Jaens Spa","2026-08-06","","KAB. BADUNG","",""
"1823819","Engineering / Spa Therapist","Maca Group","2026-08-06","","KAB. BADUNG","",""
"1823809","SOCMED PLANNER","Outlet 23","2026-08-06","","Bali","",""
"1823661","Staff Procurement","PT. MEKAR GEMILANG SEMESTA","2026-08-06","","KAB. PURBALINGGA","Full-time",""
"1823648","Staff Procurement","PT. MEKAR GEMILANG SEMESTA","2026-08-06","","KAB. BANYUMAS","Full-time",""
"1823558","Sales Counter / Driver Pengiriman / Mekanik","Vespa Kharisma","2026-08-06","","KOTA TEGAL","Full-time",""
"1823412","Karyawan Toko","Ateng Sparepart","2026-08-06","","KAB. NGANJUK","Full-time","1750000"
"1823405","Admin - ELevaU","CETTA ONLINE SCHOOL","2026-08-06","","KAB. TRENGGALEK","Full-time",""
"1823356","Admin Gudang","Sewa Alat Berat Surabaya","2026-08-06","","KOTA SURABAYA","Full-time",""
"1823312","Admin Marketing","SEAO","2026-08-06","","KAB. SIDOARJO","Full-time",""
"1823288","Marketing","THE GREY SPACE","2026-08-06","","KAB. BANDUNG","Full-time",""
"1823268","Marketing","THE GREY SPACE","2026-08-06","","KAB. BANDUNG","",""
"1823232","Inventory Control","GOLQI","2026-08-06","","Sulawesi Selatan","",""
"1823140","Checker, Packing, Penyusun","Distributor Sparepart Handphone","2026-08-06","","DKI Jakarta","",""
"1823134","SPA THERAPIST","Matalentik Lash Brow SPA","2026-08-05","","KAB. MOJOKERTO","Full-time",""
"1823039","Karyawan","Kartika Accessories &amp;amp; Sparepart","2026-08-05","","KAB. MADIUN","Full-time",""
"1822885","Administration Officer","Ceremony Bali","2026-08-05","","Bali","",""
"1822844","Manager","KOYA SPA","2026-08-05","","Bali","",""
"1822838","Manager KTV &amp;amp; Billiard / Supervisor SPA / HR Staff / Cashier / Driver / Engineering / Supervisor Restaurant / Accounting / Security","Kopindo Jaya Group","2026-08-05","","Bali","",""
"1822812","Manager / Manajer","KOYA SPA","2026-08-05","","Bali","Full-time",""
"1822766","Engineering / Spa Therapist","Maca Group","2026-08-05","","KAB. KLUNGKUNG","",""
"1822744","Digital Marketing / Sales Marketing","PT. Atlass International Indonesia","2026-08-05","","DKI Jakarta","Full-time",""
"1822598","Sales Consultant Handphone","Ocean Space","2026-08-04","","KAB. CILACAP","",""
"1822498","Karyawan Salon Kecantikan","Salon VIKEA BEAUTY &amp;amp; SPA","2026-08-04","","KAB. GRESIK","Full-time",""
"1822408","Server Staff, Hostess Staff, Spa Therapist, dan Lainnya","Tropical Temptation Beach Club","2026-08-04","","Bali","Full-time",""
"1822404","Therapist / Admin","Face Therapy Spa","2026-08-04","","Bali","Full-time",""
"1822281","SPA Supervisor / Gardener Staff / Bartender Staff / Server DW / Cook Sushi DW / Welcome Ambassador / Spa Therapist","Sini Vie Resort &amp;amp; Spa Seminyak","2026-08-04","","Bali","",""
"1822273","Spa Therapist / Waiter / Waitress / Luxury Sales &amp;amp; Business Development Manager","Magia de Uma Heritage Hotel","2026-08-04","","Bali","Full-time",""
"1822268","Staff Salon Kecantikan","Dewi Salon &amp;amp; Spa","2026-08-04","","Bali","Full-time","5000000"
"1822135","Therapist","Rumah Wangi Beauty Salon &amp;amp; Spa","2026-08-04","","KAB. SUBANG","Kontrak",""
"1822003","Admin Kantor","abitour travel umroh &amp;amp; haji","2026-08-03","","KOTA SURABAYA","",""
"1821938","Staff Outlet","NOKU SPACE","2026-08-03","","KOTA BUKITTINGGI","",""
"1821901","Creative &amp;amp; Brand Development","heejo coffee &amp;amp; space","2026-08-03","","KOTA BANDAR LAMPUNG","Full-time",""
"1821841","Beautician / Beauty Therapist","ALMEERA Beauty","2026-08-03","","KAB. BANYUWANGI","",""
"1821751","Karyawan Toko","MAMAN ELECTRONIC","2026-08-03","","KAB. PURBALINGGA","Full-time",""
"1821732","Karyawan Toko","Maman Electronic","2026-08-03","","KAB. BANYUMAS","Full-time",""
"1821700","Staf Gudang / Senior Mekanik / Asisten Mekanik","VESPA STATION","2026-08-03","","KOTA SOLO","Full-time",""
"1821615","Pramuniaga (Karyawati)","Toko Rasa Jaya Motor (Oli &amp;amp; Sparepart Motor)","2026-08-03","","KAB. LUMAJANG","Full-time",""
"1821485","Helper Produksi Roti","gokugroupworkspace","2026-08-03","","KAB. KUBU RAYA","",""
"1821159","Crew Store","RIA_SPAREPART","2026-08-01","","KAB. KUTAI KARTANEGARA","Full-time","2000000"
"1821119","CREW STORE","RIA SPAREPART","2026-08-01","","KAB. KUTAI KARTANEGARA","Full-time","2000000"
"1821104","Sales Sparepart (Kanvas &amp;amp; TO)","SAS AUTOPARTS","2026-08-01","","Bali","Full-time",""
"1821079","Front Office","SPARCO GYM","2026-08-01","","KAB. KLUNGKUNG","",""
"1821065","Manager KTV &amp;amp; Billiard, Supervisor SPA, HR Staff, Cashier, Driver, Engineering, Supervisor Restaurant, Accounting, Security","KOPINDO JAYA GROUP","2026-08-01","","Bali","Full-time",""
"1820955","Therapis Eyelash &amp;amp; Nail Art","L-BEAUTY &amp;amp; SPA","2026-07-31","","Nusa Tenggara Barat","Full-time",""
"1820880","Sales Executive","PT Aneka","2026-07-31","","KAB. KUTAI KARTANEGARA","Full-time",""
"1820778","Junior Visa Consultant","Sunset Visa Agency","2026-07-31","","Bali","Full-time",""
"1820771","Sales Counter / Sparepart Counter / Accounting","YAMAHA BISMA GATSU","2026-07-31","","Bali","",""
"1820770","OB Serabutan / Supir SIM A / B1 / Admin Sparepart Gudang / Asisten Manager Sparepart (IT/S1 Ekonomi)","YAMAHA Bisma Sentral","2026-07-31","","Bali","",""
"1820735","Area Operational Supervisor","healfit","2026-07-31","","DKI Jakarta","",""
"1820702","Therapist spa","Kendedes Beauty &amp;amp; Spa","2026-07-31","","KAB. BANYUWANGI","",""
"1820688","CS ADMIN MUA","Dewi Griya Pengantin","2026-07-31","","DI Yogyakarta","Full-time",""
"1820679","Assistant &amp;amp; Admin to Owner","PAK ALOLO","2026-07-31","","KAB. TANGERANG","",""
"1820571","Sortation Center Team Lead","SPX Express","2026-07-30","","KOTA BANJAR","Full-time",""
"1820493","Staf Gudang / Senior Mekanik / Asisten Mekanik","Vespa Station","2026-07-30","","KOTA SOLO","",""
"1820449","Head Chef Kitchen","KOEL Bakery - Cafe - Coffee Space","2026-07-30","","Sulawesi Utara","Full-time",""
"1820445","Kasir + Live TikTok","Kopi Tuju Coffee &amp;amp; Space","2026-07-30","","Sulawesi Tenggara","",""
"1820423","Sales Taking Order","CV. Savanna Timur Jaya","2026-07-30","","Sulawesi Utara","",""
"1820171","Sales Executive","PT ANEKA","2026-07-30","","KAB. KUTAI KARTANEGARA","Full-time",""
"1820118","Spa Receptionist / Spa Therapist","Crown Day Spa","2026-07-30","","Bali","Full-time",""
"1820090","Manager KTV &amp;amp; Billiard / Supervisor Spa / HR Staff / Cashier / Driver / Engineering / Supervisor Restaurant / Accounting / Security","Kopindo Jaya Group","2026-07-30","","Bali","Full-time",""
"1820082","Junior Visa Consultant","Sunset Visa Agency","2026-07-30","","Bali","Full-time",""
"1820042","Admin Operasional","PUTRA PETIR","2026-07-30","","KAB. KLUNGKUNG","Full-time",""
"1820026","OB Serabutan / Supir / Admin Sparepart Gudang / Asisten Manager Sparepart","YAMAHA BISMA SENTRAL","2026-07-30","","Bali","",""
"1820025","SPA THERAPIST","Jaens Spa","2026-07-30","","KAB. BADUNG","",""
"1819923","Business Development Manager","Ana Salt Bread","2026-07-30","","DKI Jakarta","",""
"1819879","Marketplace and Social Media Specialist","Omah Obah Creative Space","2026-07-29","","KOTA SEMARANG","",""
"1819839","Hairstylist / Chapster / Nail / Eyelash Therapist / Spa Facial Therapist / Admin Salon","KetEra beauty salon","2026-07-29","","Bali","",""
"1819765","SPA THERAPIST","Treatme Spa","2026-07-29","","Bali","Freelance",""
"1819764","OB Serabutan / Supir SIM A / B1 / Admin Sparepart Gudang / Asisten Manager Sparepart (IT/S1 Ekonomi)","YAMAHA BISM SENTRAL","2026-07-29","","Bali","",""
"1819756","Apprentice Program (Guest Relations / Front Office / Security / F&amp;amp;B / SPA)","The Mulia, Mulia Resort &amp;amp; Villas","2026-07-29","","KAB. BANGLI","Internship",""
"1819754","Reservation","Jaens Spa","2026-07-29","","KAB. BADUNG","Full-time",""
"1819720","Art Educator &amp;amp; Studio Assistant","Kalana Art Space","2026-07-29","","Aceh","Full-time",""
"1819629","HR dan Finance Staff","PT. GOLDEN NETWORK NUSANTARA","2026-07-29","","KAB. KARANGANYAR","Full-time",""
"1819557","Bidan","BabySpaPalangkaraya","2026-07-29","","KOTA PALANGKARAYA","Contract",""
"1819550","Customer Service","PT. Kasyfa","2026-07-29","","KAB. KLATEN","Full-time",""
"1819525","Marketing Communication (Markom)","Dirty Mind x Surya Dental","2026-07-29","","KAB. MAGELANG","Full-time",""
"1819522","HRD / Koki / Admin Online / Konten Kreator","Rajoklana Resort - Resto - Spa","2026-07-29","","KAB. MAGELANG","",""
"1819498","Perawat / Beautician / Front Office","PR&Eacute;MONA CLINIQUE GLOW","2026-07-29","","KAB. PEMALANG","Full-time",""
"1819350","Marketing Communication (Markom)","Dirty Mind &amp;amp; Surya Dental","2026-07-28","","KOTA SALATIGA","",""
"1819349","Marketing Communication (Markom)","Dirty Mind x Surya Dental","2026-07-28","","KAB. WONOSOBO","",""
"1819333","Admin Digital Marketing","Kayuputih Family Reflexology","2026-07-28","","KOTA MALANG","Full-time",""
"1819252","KASIR TOKO","iSPACE REPAIR","2026-07-28","","KAB. JOMBANG","Full-time",""
"1819209","Teknisi Kendaraan","PT. Efran Berkat Aditama","2026-07-28","","KAB. MOJOKERTO","",""
"1819207","Front Office","Gigigo Dental","2026-07-28","","KAB. MOJOKERTO","Full-time",""
"1819154","Front Office","GIGIGO DENTAL","2026-07-28","","KAB. PONOROGO","",""
"1819153","Front Office","GIGIGO DENTAL","2026-07-28","","KAB. PONOROGO","",""
"1819112","Kasir","Aola Co-Working Space","2026-07-28","","KAB. TUBAN","Full-time",""
"1819071","Showroom Experience Executive","Lantekayu","2026-07-28","","KOTA SURABAYA","",""
"1818980","Admin / Marketing","Kidz Potentia","2026-07-28","","Jawa Barat","",""
"1818915","HRD / Koki / Admin Online / Konten Kreator","Rajaklana Resort - Resto - Spa","2026-07-28","","DI Yogyakarta","",""
"1818911","Online Home Spa Therapist","Your Esscentials","2026-07-28","","DKI Jakarta","",""
"1818854","COOK","Octo Wellness Hotel &amp;amp; Spa Jambi","2026-07-28","","KAB. BUNGO","Full-time",""
"1818831","Nailart / Eyelash / Hair Stylist / Spa","Kimberly beauty house","2026-07-28","","Jambi","",""
"1818787","Junior Barista / Kitchen Staff","GORA SOCIAL SPACE","2026-07-28","","Bali","Full-time",""
"1818785","Hair Stylist / Spa Therapist","Lemani Salon","2026-07-28","","Bali","",""
"1818769","Spa Receptionist, Spa Reservation, Housekeeping, Bookkeeper","TS Group","2026-07-28","","Bali","",""
"1818751","OB Serabutan / Supir SIM A / B1 / Admin Sparepart Gudang / Asisten Manager Sparepart (IT/S1 Ekonomi)","YAMAHA BISMA SENTRAL","2026-07-28","","Bali","",""
"1818746","Junior Barista","GORA SOCIAL SPACE","2026-07-28","","KAB. KLUNGKUNG","",""
"1818712","Junior Barista / Kitchen","GORA SOCIAL SPACE","2026-07-28","","Bali","",""
"1818675","Kitchen Staff / Barista","Mini A'Long Space","2026-07-28","","Kalimantan Selatan","",""
"1818661","Kitchen Staff / Barista","Mini A'long Space Banjarbaru","2026-07-28","","Kalimantan Selatan","Full-time",""
"1818600","Kitchen","Olaa Social Space","2026-07-27","","KAB. KUDUS","Full-time",""
"1818450","Admin Sales &amp;amp; CS","JAPANKA Japanese Academy","2026-07-27","","KAB. NGANJUK","Full-time",""
"1818447","Admin Sales &amp;amp; CS","JAPANKA","2026-07-27","","KAB. NGANJUK","Full-time",""
"1818442","Admin Sales &amp;amp; CS","JAPANKA Japanese Academy","2026-07-27","","KAB. NGANJUK","Full-time",""
"1818376","Outlet Manager / Head Of Floor / Finance Officer / Cook / Head Of Kitchen / Cook Helper","QUARTER SPACE co.","2026-07-27","","KAB. PANDEGLANG","",""
"1818375","Outlet Manager / Head Of Floor / Head Of Kitchen / Finance Officer / Cook / Cook Helper","Quarter Space","2026-07-27","","KAB. PANDEGLANG","",""
"1818371","Personal Assistant (PA) / Sekretaris","CV DARI YAKIN KUTEGUH","2026-07-27","","DKI Jakarta","Full-time",""
"1818253","Accounting &amp;amp; Tax Staff","PT Challanhan Brilliant Journey","2026-07-17","","DI Yogyakarta","",""
"1818252","Tour Coordinator - Korea Inbound","PT Challanhan Brilliant Journey","2026-07-17","","DI Yogyakarta","Full-time",""
"1818251","Staff - Kasir, Nail Art, SPA","Cinderella Nail Show","2026-07-17","","DI Yogyakarta","",""
"1818213","Therapist Spa","Tirta Spa","2026-07-17","","Bali","",""
"1818170","Steward","Kayu Mama Resort and Spa","2026-07-17","","KAB. KLUNGKUNG","",""
"1818159","Sales Bahan Bangunan Retail / Project","PT. Total Abadi Sukses","2026-07-17","","KAB. TANGERANG","Full-time",""
"1817892","Therapist Spa","Tirta Spa","2026-07-16","","Bali","",""
"1817891","Crew","The Clicks Co Working Space","2026-07-16","","KOTA BANDAR LAMPUNG","Full-time",""
"1817884","Duty Engineering / HK Leader / Bell Driver / Spa Therapist / DW Gardener / DW Steward / DW Engineering / DW Pool Attendant","Alaya Suites Ubud","2026-07-16","","Bali","Full-time",""
"1817883","Mekanik / Store Keeper / Barista","Piko Shop Vespa","2026-07-16","","Bali","",""
"1817863","Socmed Planner","Outlet23","2026-07-16","","Bali","",""
"1817836","Sales Konsultan","Vespa 88","2026-07-16","","Aceh","",""
"1817827","Therapist","Sasmaya Home Spa","2026-07-15","","KAB. KARANGANYAR","",""
"1817627","Crew","The Clicks Co Working Space","2026-07-15","","Lampung","Full-time",""
"1817617","Spa Therapist","The Tirta Sari Villas","2026-07-15","","Bali","",""
"1817609","Receptionist Wanita","Family Spa","2026-07-15","","Bali","Full-time",""
"1817410","Terapeuta SPA / Spa Housekeeping / Front Office","Parina Spa","2026-07-14","","Bali","Full-time",""
"1817318","Staff Sparepart","PT KMJ","2026-07-13","","KOTA SALATIGA","Full-time",""
"1817228","Crew &amp;amp; Therapist 88","88 Salon &amp;amp; Spa","2026-07-13","","KAB. BANYUWANGI","",""
"1817192","Marketing Sales","PT. Cassandra Makmur Sejahtera Textile","2026-07-13","","KOTA CIMAHI","Full-time",""
"1817061","Pramuniaga","Nisa Sparepart Hp &amp;amp; Distributor Sparepart Hp","2026-07-11","","KAB. GROBOGAN","",""
"1817048","Koordinator Lapangan","PT Ketahanan Aspal Nasional","2026-07-11","","KAB. PASURUAN","",""
"1816896","Open Recruitment","Fortis Health &amp;amp; Spa","2026-07-11","","KAB. KEBUMEN","",""
"1816874","Therapist","Rumah Wangi Beauty Spa &amp;amp; Salon","2026-07-11","","KAB. SUBANG","",""
"1816814","Cook","Lolita Bali Spanish Bar","2026-07-11","","Bali","",""
"1816770","Customer Service &amp;amp; Cashier","SPA Center Kota Banda Aceh","2026-07-11","","KAB. ACEH JAYA","",""
"1816737","Kitchen Staff / Pastry / Steward","Magnolia Coffee &amp;amp; Space","2026-07-10","","KAB. LUMAJANG","Full-time",""
"1816717","Driver","Crunch Labs","2026-07-10","","Nusa Tenggara Barat","","2800000"
"1816716","Korean Speaker","PT RPLAY GROUP INDONESIA","2026-07-10","","Nusa Tenggara Barat","",""
"1816690","Teknisi Elektronika","Funworld","2026-07-10","","KAB. KLATEN","Full-time",""
"1816678","Beauty &amp;amp; Spa Therapist / Hair Therapist","FAHOVE Beauty &bull; Spa &bull; Studio","2026-07-10","","KAB. KLATEN","Full-time",""
"1816471","Chef / Koki","Yayasan Puspa Makmur Bersama","2026-07-10","","KAB. MUNA BARAT","",""
"1816457","Bar Manager / SPV/Head Bar / SPV ME / Social Media/Digital Marketing","VALOR PRIVATE SPACE &amp;amp; BAR","2026-07-10","","KAB. MALANG","Full-time",""
"1816378","Admin Gudang / Operasional","Culinary Perkasa","2026-07-09","","KAB. SUKOHARJO","Full-time",""
"1816242","Karyawan Toko Sparepart Motor","Bintang Motor","2026-07-09","","KOTA SALATIGA","",""
"1816218","Staf Administrasi","Herda Cake Kencong","2026-07-09","","KAB. JEMBER","Full-time",""
"1816192","Admin Gudang / Security","PT. Abpindo","2026-07-09","","DI Yogyakarta","Full-time",""
"1816098","Staff Human Capital Intern","The Bolu Rampah","2026-07-09","","Sulawesi Selatan","Internship",""
"1816035","Koordinator Outlet / Guru Baca Tulis","Anemone Boyolali","2026-07-09","","KAB. BOYOLALI","Full-time",""
"1816033","Staf HRD","Lila Group","2026-07-09","","KAB. BOJONEGORO","",""
"1815957","WASPANG","idPLAY Supercorridor","2026-07-09","","KAB. PEKALONGAN","",""
"1815882","Account Management","Grab","2026-07-08","","KAB. BATANGHARI","",""
"1815816","Sales Counter","Vespa Kharisma Motor Purwokerto","2026-07-08","","KAB. BANYUMAS","Full-time",""
"1815756","Operations Coordinator","ANNJAS SEMARANG","2026-07-08","","KOTA SALATIGA","Full-time",""
"1815733","Admin","Mom &amp;amp; Baby Spa Gayatri","2026-07-08","","KAB. NGANJUK","",""
"1815698","Server","Ry's Coffee and Space","2026-07-08","","KAB. JEPARA","Full-time",""
"1815596","Engineering / Spa Therapist / Trainee","K-Club Ubud","2026-07-08","","Bali","Full-time",""
"1815526","Kasir / Barista / Head Kitchen","Sora Coffee Space","2026-07-08","","KAB. PATI","",""
"1815430","Spa Manager / Spa Supervisor / Spa Therapist / Guest Relation Officer Manager / Guest Relation Officer","Amora Ubud Boutique Villa","2026-07-07","","KAB. GIANYAR","",""
"1815394","Lead Development Officer","Astra Motor Sangsit","2026-07-07","","KAB. BANGLI","Full-time",""
"1815351","Admin Account Executive","Deal Group","2026-07-07","","KOTA CIMAHI","Full-time",""
"1815336","SPA Manager / SPA Supervisor / SPA Therapist / Social Media Admin / Guest Relation Officer Manager / Guest Relation Officer / Daily Worker Engineering","Amora Ubud Boutique Villas","2026-07-07","","Bali","",""
"1815327","Spa &amp;amp; Salon Administrator","Akasa Spa","2026-07-07","","Bali","Full-time",""
"1815242","Barista Fulltime / Kitchen Crew","Titik Tengah Coffee &amp;amp; Space","2026-07-06","","KAB. KLATEN","Full-time",""
"1815139","Spa Therapist / Nailist","Zahra Spa","2026-07-06","","Bali","","7000000"
"1814987","Kitchen Crew","Mandawa Space","2026-07-04","","DI Yogyakarta","",""
"1814824","Pegawai Toko","INTI MOTOR","2026-07-03","","KAB. PONOROGO","Full-time",""
"1814752","Front Office","Nadilla Salon &amp;amp; Spa","2026-07-03","","DI Yogyakarta","Full-time","1850000"
"1814720","Admin Spare Part (GW)","PT. Malindo Feedmill, Tbk","2026-07-03","","DKI Jakarta","Full-time",""
"1814489","Head of Marketing","Quarter Space","2026-07-02","","KAB. PANDEGLANG","Full-time",""
"1814484","Staff HRD / HRGA","Altafood","2026-07-02","","KAB. BUNGO","",""
"1814422","Guest Communication Coordinator","Bambu Indah","2026-07-02","","Bali","Full-time",""
"1814307","Sales Consultant Handphone","Complete Selular &amp;amp; Ocean Space","2026-06-30","","KAB. CILACAP","",""
"1813926","Therapist","The Vie Spa &amp;amp; Studio","2026-06-25","","Bali","",""
"1813811","Operator Assistant","Atmosphere Gamespace","2026-06-24","","KOTA DEPOK","",""
"1813779","Kasir / Tenaga SPA / Beautician","Hermin Salon Facial - SPA - Wellness","2026-06-22","","Sulawesi Selatan","",""
"1813766","Manager","Gravity &amp;amp; Space","2026-06-22","","Sulawesi Tenggara","",""
"1813751","Lowongan SPA Therapist Freelance","Treatme Spa","2026-06-22","","KOTA DENPASAR","",""
"1813661","Team Advertising / Administrator","Ruang Rumah Tumbler","2026-06-19","","KAB. TANGERANG","",""
"1813647","Pekerja Lepas Harian (Pocokan)","Puspa Asri Florist","2026-06-19","","KAB. SRAGEN","",""
"1813603","Barista","Lowkey Coffee Space (Luas Indah Kuliner)","2026-06-19","","KAB. PEMALANG","",""
"1813602","Barista","Lowkey Space Pemalang","2026-06-19","","KAB. PEMALANG","",""
"1813555","Petugas SPA","Lina Spa &amp;amp; Wellness","2026-06-19","","Nusa Tenggara Barat","",""
"1813247","Staff Teknis","Trans Harum Nusantara","2026-06-19","","Gorontalo","",""
"1812962","Cashier","Check Point Compound Space","2026-06-17","","KOTA PADANG","",""
"1812884","Administrator (admin)","PT Mega Central Finance (MCF)","2026-06-17","","Lampung","",""
"1812856","Server / Pet Groomer","Le Gareca Space","2026-06-17","","DI Yogyakarta","",""
"1812854","Crew Waroeng Food Truck","PT. Waroeng Steak Indonesia","2026-06-17","","DI Yogyakarta","",""
"1812679","Asst. Headstore / Sales Force","PT. Semeru Tekindo Lestari","2026-06-16","","Sulawesi Utara","",""
"1812665","Admin Sosmed &amp;amp; Marketplace","The Sparepart Club","2026-06-16","","Sulawesi Selatan","",""
"1812632","Lowongan Kerja Admin Advertising / Admin Finance","Gidae Bagstore (Rumah Tas Bandung)","2026-06-15","","Jawa Barat","",""
"1812393","Kasir / Pramuniaga","RJA Store","2026-06-14","","Sulawesi Selatan","",""
"1812317","Personal Assistant","Architect Hair Studio","2026-06-14","","KAB. KLATEN","",""
"1812230","Project Engineer","PT. Regi Jaya","2026-06-14","","Jawa Timur","",""
"1812016","Spa Receptionist","Koa Boutique Spa","2026-06-14","","Bali","",""
"1811975","Admin Umum / Admin Sales / Digital Marketing / Content Creator / Sales Lapangan / Kurir","Kana Group","2026-06-13","","KOTA SURABAYA","",""
"1811912","Full Time Barista","Manta Coffee &amp;amp; Space","2026-06-13","","KAB. JOMBANG","",""
"1811806","Interior Designer","Icon Creative Design &amp;amp; Build","2026-06-13","","Bengkulu","",""
"1811785","Vaporista","Odeon Vape","2026-06-13","","KAB. MUNA BARAT","",""
"1811771","Supir SIM A/B1 / Asisten Kepala Toko / Staf Sparepart / Asisten Manager Sparepart","Yamaha Bisma Sentral","2026-06-13","","Bali","",""
"1811763","Spa Therapist / Daily Worker","Paddy Spa","2026-06-13","","Bali","",""
"1811619","Tenaga Packing / Host Live","Navila","2026-06-12","","KAB. KARANGANYAR","",""
"1811408","Captain Restaurant","THE SPACE RESTO","2026-06-12","","Bali","",""
"1811346","SPV Ekspansi","Gadai Sakti","2026-06-12","","KAB. CIANJUR","",""
"1811342","PIC Gadai / SPV Ekspansi","Gadai Sakti Nusantara","2026-06-12","","KAB. KUDUS","",""
"1811327","Bar / Waiter/Waitress / Cook / Cook Helper / Steward","Campo Saga Cafe &amp;amp; City Space","2026-06-12","","KAB. KLATEN","",""
"1811312","SPV Operasional Spa","Fortis Health &amp;amp; Spa","2026-06-12","","KOTA SALATIGA","",""
"1811049","Sales Executive / Makassar","Tigalapan Indonesia","2026-06-11","","Sulawesi Selatan","",""
"1810915","Internship Staff Arsip","Alif's Bakery and Cookies","2026-06-11","","DI Yogyakarta","",""
"1810840","Sales Counter / Toko Sparepart Mobil dan Alat Teknik","CV. Haji Usnan","2026-06-11","","KAB. HULU SUNGAI SELATAN","",""
"1810743","Lowongan Kerja - Campo Saga Cafe &amp;amp; City Space","Campo Saga Cafe &amp;amp; City Space","2026-06-10","","KAB. KLATEN","",""
"1810633","Kitchen/Produksi &amp;amp; Barista","Spatial Coffee and Classic Bread","2026-06-08","","KOTA PADANG","",""
"1810632","Spa Therapist","Lina Spa &amp;amp; Wellness","2026-06-08","","Nusa Tenggara Barat","",""
"1810364","","Ainsley Beauty &amp;amp; Spa","2026-06-07","","DI Yogyakarta","",""
"1810254","","RETRO GAMING SPACE","2026-06-07","","KAB. BANGLI","",""
"1810363","","Ainsley Beauty &amp;amp; Spa","2026-06-06","","DI Yogyakarta","",""
"1810253","","RETRO GAMING SPACE","2026-06-06","","KAB. BANGLI","",""
"1809912","Tenaga Cuci Motor &amp;amp; Mobil","ADI MOTOR CAR SPA","2026-06-06","","KAB. KENDAL","",""
"1809909","Lowongan Kerja - Therapist Spa / Nail Art / Eyelash / Kapster Salon","Selesa Salon Spa","2026-06-06","","KOTA SALATIGA","",""
"1809749","Barista","Frangipani Coffee &amp;amp; Space","2026-06-04","","KAB. KLATEN","",""
"1809724","Salesman","Morodadi","2026-06-04","","KAB. KARANGANYAR","",""
"1809723","Cook Helper - DW","Astagina Resort Villa &amp;amp; Spa","2026-06-04","","KAB. KUTAI KARTANEGARA","",""
"1809677","Front Desk Administrator","Times Square Padel","2026-06-04","","DKI Jakarta","",""
"1809643","Teknisi Handphone / Mekanik HP","88PART Sparepart &amp;amp; Service","2026-06-04","","KAB. BLITAR","",""
"1809633","Barista / Kitchen / Waiter / Cashier","NT Coffee Space","2026-06-04","","KAB. BANYUWANGI","",""
"1809594","Manager KTV and Billiard / Supervisor SPA / Admin Accounting / Content Creator / Admin Store / Server Billiard / House-Keeping SPA / Admin Ecommerce","Kopindo Jaya Group","2026-06-04","","Bali","",""
"1809568","Mekanik/Helper / Manajemen Barang","Dua Saudara Motor Viar","2026-06-03","","KAB. INDRAMAYU","",""
"1809521","Salesman","Morodadi","2026-06-03","","KAB. PEKALONGAN","",""
"1809397","Karyawan Toko / Sales","Diamond Sparepart HP","2026-06-02","","Sulawesi Utara","",""
"1809315","SPA Receptionist","AMO WORLD","2026-05-29","","Bali","",""
"1809262","Staff Rental Playstation","RETRO GAMING SPACE","2026-05-28","","KAB. BANGLI","",""
"1809092","Junior Manager","NYDY Clothing","2026-05-26","","Sumatera Barat","",""
"1808849","","Insom Coffee and Space","2026-05-24","","KOTA BANJAR","",""
"1808590","","Cumi-cumi Men's Health Spa","2026-05-24","","Bengkulu","",""
"1808586","","TOKO SEKAR SPAREPART HP","2026-05-24","","Bengkulu","",""
"1808589","","Cumi-cumi Men's Health Spa","2026-05-23","","Bengkulu","",""
"1808585","","TOKO SEKAR SPAREPART HP","2026-05-23","","Bengkulu","",""
"1808263","Barista","Manta Coffee &amp;amp; Space","2026-05-23","","KAB. JOMBANG","",""
"1808208","Nailist / Foot SPA Therapist","NW Beauty Studio","2026-05-22","","KAB. KUBU RAYA","",""
"1808145","Accounting &amp;amp; Tax / Akuntansi dan Pajak","Aspa Group","2026-05-22","","KOTA SALATIGA","",""
"1808047","Therapist Nail/Lashes/Hairspa","Honest Beauty Bali","2026-05-22","","KOTA DENPASAR","",""
"1807989","Admin CS","Hansarang Korean Academy","2026-05-22","","KAB. NGANJUK","",""
"1807944","Lowongan Kerja NW Beauty Studio","NW Beauty Studio","2026-05-21","","KAB. KUBU RAYA","",""
"1807884","Sales &amp;amp; Marketing Supervisor","CV. Chazilla Nutri Innovation (Catapaw Official)","2026-05-21","","KOTA SOLO","",""
"1807700","Staff Gudang Sparepart","PT. Harapan Jaya Anugerah","2026-05-21","","KAB. BANYUMAS","",""
"1807624","Kasir - CSO / GRO","Cumi-cumi Men's Health Spa","2026-05-21","","Bengkulu","",""
"1807615","Admin CS","Hansarang Korean Academy","2026-05-21","","KAB. NGANJUK","",""
"1807597","Admin Service","PT. SPAA","2026-05-21","","KAB. PEMALANG","",""
"1807522","Sales &amp;amp; Marketing Supervisor","CV. Chazilla Nutri Innovation","2026-05-21","","KAB. KARANGANYAR","",""
"1807407","Bartender / Cook","Vayam Boutique Resort &amp;amp; Spa","2026-05-21","","Nusa Tenggara Barat","",""
"1807356","","TOKO SEKAR SPAREPART HP","2026-05-10","","Bengkulu","",""
"1806987","","KAYU MAMA RESORT AND SPA","2026-05-10","","Bali","",""
"1806977","","Lumi&egrave;re SPA","2026-05-10","","Bali","",""
"1806917","","SPA Center Kota Banda Aceh","2026-05-10","","KAB. ACEH JAYA","",""
"1807355","","TOKO SEKAR SPAREPART HP","2026-05-09","","Bengkulu","",""
"1806986","","KAYU MAMA RESORT AND SPA","2026-05-09","","Bali","",""
"1806976","","Lumi&egrave;re SPA","2026-05-09","","Bali","",""
"1806916","","SPA Center Kota Banda Aceh","2026-05-09","","KAB. ACEH JAYA","",""
"1806768","Admin Sales","Nyonya Ndaru Catering","2026-05-06","","KAB. GRESIK","",""
"1806747","Salon Therapist, Nail &amp;amp; Spa Therapist, Beautician, Lash &amp;amp; Brow Specialist","NV Beauty Studio","2026-05-05","","KAB. KUBU RAYA","",""
"1806742","Karyawan Laki-laki","TOKO SPAREPART MOTOR","2026-05-05","","KAB. KUBU RAYA","",""
"1806618","ADMIN E-COMMERCE","HANDYANI HERBAL","2026-05-05","","KAB. WONOGIRI","",""
"1806544","DEAL MAKER OUTLET","AIS AKI GROUP","2026-05-05","","DI Yogyakarta","",""
"1806535","MEKANIK/HELPER","DUA SAUDARA MOTOR VIAR PATROL","2026-05-05","","KAB. INDRAMAYU","",""
"1806518","ADMIN SPAREPART","AHASS LESTARI GROUP","2026-05-05","","KAB. KEDIRI","",""
"1806353","PRAMUNIAGA","MotoGio Part Shop Toko Sparepart Sepeda Motor","2026-05-05","","KAB. MALANG","",""
"1806309","Waitress Full-time / Waiteress Part-time / Kitchen Full-time","Insom Coffee and Space","2026-05-05","","KOTA BANJAR","",""
"1806292","KARYAWAN TOKO","TOKO SEKAR SPAREPART HP","2026-05-05","","Bengkulu","",""
"1806226","Executive Housekeeper / Head Chef / Bar Supervisor / F&amp;amp;B Supervisor / Staff Guest Service Agent (Male) / Staff and Daily Worker Spa Therapist / Apprentice Butler / Daily Worker Bartender / Daily Worker Waiter / Waitress / Daily Worker Housekeeping","Abisena Wellness and Resort Ubud","2026-05-05","","Bali","",""
"1806205","TEKNISI HANDPHONE","VIVO","2026-05-05","","Nusa Tenggara Barat","",""
"1806055","BIDAN","Rubi Care","2026-05-04","","Sumatera Barat","",""
"1806001","Bike Specialist","VESPA SATYA MOJOKERTO","2026-05-04","","KAB. MOJOKERTO","",""
"1805853","Operational Manager KTV and Billiard / Supervisor Spa / Front Office Spa (female) / Admin OTA &amp;amp; Reservation / Graphic Design / Content Creator / Admin Accounting (female) / Cashier KTV &amp;amp; Billiard / Cook","Kopindo Jaya Group","2026-05-04","","Bali","",""
"1805852","Operational Manager KTV and Billiard / Supervisor Spa / Front Office Spa (female) / Admin OTA &amp;amp; Reservation / Graphic Design / Content Creator / Admin Accounting (female) / Cashier KTV &amp;amp; Billiard / Cook","Kopindo Jaya Group","2026-05-04","","Bali","",""
"1805821","Pramuniaga Toko","Apollo Spareparts Mobil Solo","2026-05-04","","KAB. SUKOHARJO","",""
"1805793","SPA THERAPIST","Eling Group","2026-05-04","","KAB. KLUNGKUNG","",""
"1805782","MT SALES LOGISTIK, ADMIN SPAREPART, MEKANIK TRUK, DISPATCHER OPERASIONAL TRUK","PT. RAPI TRANS LOGISTIK INDONESIA","2026-05-04","","KOTA SEMARANG","",""
"1805767","SPA THERAPIST","The Shala Bali","2026-05-04","","Bali","",""
"1805766","SPA THERAPIST","The Shala Bali","2026-05-04","","Bali","",""
"1805693","THERAPIS","MOM &amp;amp; BABY SPA, WOMEN SPA","2026-05-04","","KOTA MAGELANG","",""
"1805675","PEGAWAI TOKO SPAREPART MOBIL","PETRA MOTOR","2026-05-04","","KAB. KLATEN","",""
"1805670","Waiter / Waitress","Frangipani Coffee &amp;amp; Space","2026-05-04","","KAB. KLATEN","",""
"1805588","Pramuniaga Toko","Apollo Spareparts Mobil Solo","2026-05-04","","KAB. KARANGANYAR","",""
"1805556","Barista &amp;amp; Waiters","Nyamil Coffee &amp;amp; Space","2026-05-04","","KAB. BLITAR","",""
"1805549","Asisten Kepala Kebun","Flovera Green Space","2026-05-04","","KAB. BLITAR","",""
"1805304","ADMIN KONTER","X CELL SPAREPART","2026-05-02","","KOTA BANDAR LAMPUNG","",""
"1805269","HR COORDINATOR","CV Biru Laut Abadi","2026-05-02","","Bali","",""
"1805266","COOK HELPER (MALE)","KAYU MAMA RESORT AND SPA","2026-05-02","","Bali","",""
"1805261","Spa Therapist","Lumi&egrave;re SPA","2026-05-02","","Bali","",""
"1805259","Spa Therapist / Spa Reception","Ratu Isyana Beauty","2026-05-02","","Bali","",""
"1805253","Assistant Manager / Front Desk / Receptionist / Hair Stylist / Hair Treatment Therapist / Nail Artist","Solve Sana","2026-05-02","","Bali","",""
"1805184","OPERATOR RENTAL PS","HORE GAMING SPACE BANJARBARU","2026-05-02","","Kalimantan Selatan","",""
"1805173","CUSTOMER SERVICE &amp;amp; CASHIER","SPA Center Kota Banda Aceh","2026-05-02","","KAB. ACEH JAYA","",""
"1805126","","Jaens Spa","2026-05-02","","KAB. GIANYAR","",""
"1805085","","URBAN Big Spa","2026-05-01","","DKI Jakarta","",""
"1805011","","Bejo Sparepart &amp;amp; Acc Hp","2026-05-01","","DI Yogyakarta","",""
"1804981","","The Bumi Spa","2026-05-01","","KOTA TANGERANG SELATAN","",""
"1804918","","PUSPA MERTHA","2026-05-01","","KOTA DENPASAR","",""
"1804895","","Jaens Spa","2026-05-01","","KAB. GIANYAR","",""
"1804883","","PUSPA MERTHA","2026-05-01","","KAB. BADUNG","",""
"1804865","","Spa&amp;amp;salon","2026-05-01","","Bali","",""
"1804747","","Face Therapy Spa","2026-05-01","","Bali","",""
"1804728","","Bali Bustle Coliving and Coworking Space","2026-05-01","","Bali","",""
"1804624","Dibutuhkan Waiter dan Waitress","Frangipani Coffee &amp;amp; Space","2026-04-30","","KOTA SOLO","",""
"1804386","Waiter / Waitress","Frangipani Coffee &amp;amp; Space","2026-04-30","","KAB. KLATEN","",""
"1804146","RECEPTIONIST","Jaens Spa","2026-04-30","","KAB. GIANYAR","",""
"1804145","RECEPTIONIST","Jaens Spa","2026-04-30","","KAB. GIANYAR","",""
"1804138","Spa therapist","Spa&amp;amp;salon","2026-04-30","","Bali","",""
"1804137","Spa therapist","Spa&amp;amp;salon","2026-04-30","","Bali","",""
"1804102","Therapist Mom, kids &amp;amp; baby SPA","Aurora Mom Kids &amp;amp; Baby SPA Lampung","2026-04-30","","Lampung","",""
"1803969","Waiter dan Waitress","Frangipani Coffee &amp;amp; Space","2026-04-29","","KOTA SOLO","",""
"1803831","Business Assistant (Full-Time)","Wohpe Jewelry","2026-04-29","","Bali","",""
"1803830","Business Assistant (Full-Time)","Wohpe Jewelry","2026-04-29","","Bali","",""
"1803557","BIDAN MOM &amp;amp; BABY SPA","Gendhis Mom &amp;amp; Baby Spa","2026-04-29","","KAB. CILACAP","",""
"1803549","FRONT OFFICE","arayu","2026-04-29","","Sulawesi Selatan","",""
"1803548","FRONT OFFICE","arayu","2026-04-29","","Sulawesi Selatan","",""
"1803350","KARYAWAN TOKO","ALPHA SPAREPART HP","2026-04-28","","KAB. PONOROGO","",""
"1803345","Agent Executive Officer (Motor) / Marketing Supervisor (Motor)","kreditplus","2026-04-28","","KAB. MADIUN","",""
"1803291","KITCHEN","MANTA COFFEE &amp;amp; SPACE","2026-04-28","","KAB. JOMBANG","",""
"1803285","KITCHEN","MANTA COFFEE &amp;amp; SPACE","2026-04-28","","KAB. JOMBANG","",""
"1803225","PURCHASING / (BAGIAN PEMBELANJAAN)","Teko Space","2026-04-28","","KAB. TULUNGAGUNG","",""
"1803115","Barista Fulltime / Kitchen Partime / Kasir Fulltime / Waiters Partime","Konco Space","2026-04-28","","KAB. KARANGANYAR","",""
"1803082","RESEPSIONIS","GREEN LEAF HOTEL &amp;amp; SPA","2026-04-28","","Nusa Tenggara Barat","",""
"1803003","Collection Coordinator","kreditplus","2026-04-28","","Maluku","",""
"1802989","Teknisi Workshop","Urban Bag Spa","2026-04-27","","KOTA SURABAYA","",""
"1802986","Teknisi Workshop","Urban Bag Spa","2026-04-27","","KOTA SURABAYA","",""
"1802914","KITCHEN","MANTA COFFEE &amp;amp; SPACE","2026-04-27","","KAB. JOMBANG","",""
"1802897","ADMIN","URBAN Big Spa","2026-04-27","","DKI Jakarta","",""
"1802811","SUPIR TRUK ENGKEL (TOKO BANGUNAN)","PUSPA MERTHA","2026-04-27","","KOTA DENPASAR","",""
"1802810","SUPIR TRUK ENGKEL (TOKO BANGUNAN)","PUSPA MERTHA","2026-04-27","","KOTA DENPASAR","",""
"1802718","SPA THERAPIST / NAILIST","Joa Beauty","2026-04-27","","Bali","",""
"1802717","SPA THERAPIST / NAILIST","Joa Beauty","2026-04-27","","Bali","",""
"1802634","Barista / Gardener / Concierge / Resort Host / Security/Driver / Spa Therapist / Pool Attendant / F&amp;amp;B Service Associate / Housekeeping Attendant","Cocoon Reserve","2026-04-27","","Nusa Tenggara Barat","",""
"1802633","Barista / Gardener / Concierge / Resort Host / Security/Driver / Spa Therapist / Pool Attendant / F&amp;amp;B Service Associate / Housekeeping Attendant","Cocoon Reserve","2026-04-27","","Nusa Tenggara Barat","",""
"1802416","SPA THERAPIST / Perempuan","Azella Family Reflexology","2026-04-25","","KAB. BLITAR","",""
"1802405","IT Support Technician","Asuka Engineering Indonesia","2026-04-25","","KAB. GRESIK","",""
"1802378","Executive Chef","Kakkkoi Group","2026-04-25","","KOTA SOLO","",""
"1802349","Team Bar &amp;amp; Head Store","Atap Langit Coffe House &amp;amp; Space","2026-04-25","","KAB. BANYUWANGI","",""
"1802348","Team Bar &amp;amp; Head Store","Atap Langit Coffe House &amp;amp; Space","2026-04-25","","KAB. BANYUWANGI","",""
"1802318","TEAM BAR &amp;amp; HEAD STORE","Atap Langit Coffe House &amp;amp; Space","2026-04-25","","KAB. BANYUWANGI","",""
"1802261","Receptionist Spa","Face Therapy Spa","2026-04-25","","Bali","",""
"1802252","Receptionist Spa","Face Therapy Spa","2026-04-25","","Bali","",""
"1802226","Housekeeping / Front Office / Teknisi / MEP Engineering / Barista / Cook Helper / Operational Supervisor","Bali Bustle Coliving and Coworking Space","2026-04-25","","Bali","",""
"1802193","PRAMUNIAGA","Bejo Sparepart &amp;amp; Acc Hp","2026-04-25","","DI Yogyakarta","",""
"1802098","KARYAWAN TOKO / TEKNISI SEPEDA","TOKO ISTANA SEPEDA","2026-04-25","","KOTA MAKASSAR","",""
"1801961","TEKNISI HP","CLEAR SPAREPART","2026-04-24","","KAB. SUKOHARJO","",""
"1801959","ADMIN SPAREPART","Surya Motor Sragen","2026-04-24","","KAB. SRAGEN","",""
"1801917","COOK / COOK HELPER / PASTRY","Valor Private Space &amp;amp; Bar","2026-04-24","","KOTA SURABAYA","",""
"1801637","SPA / BODY THERAPIST","Sun Island Bali","2026-04-24","","KAB. KUTAI KARTANEGARA","",""
"1801581","THERAPIST","Happyday Spa","2026-04-24","","KAB. TULUNGAGUNG","",""
"1801547","NAILS ART RECEPTIONIST &amp;amp; SPA THERAPIST","Carmala Beauty","2026-04-24","","Bali","",""
"1801544","SUPIR TRUK ENGKEL (TOKO BANGUNAN)","PUSPA MERTHA","2026-04-24","","KAB. BADUNG","",""
"1801543","SUPIR TRUK ENGKEL (TOKO BANGUNAN)","PUSPA MERTHA","2026-04-24","","KAB. BADUNG","",""
"1801487","Admin Pendaftaran","House of Peace Hypnotherapy &amp;amp; Wellness Center","2026-04-24","","KOTA ADM. JAKARTA BARAT","",""
"1801485","Admin Pendaftaran","House of Peace Hypnotherapy &amp;amp; Wellness Center","2026-04-24","","KOTA ADM. JAKARTA BARAT","",""
"1801471","FULL TIME KITCHEN","parelogi. COFFEE &amp;amp; SPACE","2026-04-24","","KOTA PARE PARE","",""
"1801470","FULL TIME KITCHEN","parelogi. COFFEE &amp;amp; SPACE","2026-04-24","","KOTA PARE PARE","",""
"1801334","Kitchen Crew","NEBU SPACE &amp;amp; CO","2026-04-24","","Sulawesi Selatan","",""
"1801333","KITCHEN CREW","NEBU SPACE &amp;amp; CO","2026-04-24","","Sulawesi Selatan","",""
"1801165","Spa Therapist","Marlina Spa","2026-04-18","","KAB. LUMAJANG","",""
"1801164","Spa Therapist","Marlina Spa","2026-04-18","","KAB. LUMAJANG","",""
"1801106","Staff Pemeliharaan Kendaraan","PT Amanah Tirta Ungaran","2026-04-18","","KOTA SEMARANG","",""
"1801101","Spa Therapist","Marlina Spa","2026-04-18","","KAB. BANYUWANGI","",""
"1801002","TENAGA CUCI MOBIL / ADMIN KASIR","MONOCARE","2026-04-18","","KOTA DENPASAR","",""
"1801001","TENAGA CUCI MOBIL / ADMIN KASIR","MONOCARE","2026-04-18","","KOTA DENPASAR","",""
"1800999","PENGAWAS BANGUNAN","Choky Spaghetti Yogyakarta","2026-04-18","","DI Yogyakarta","",""
"1800822","FRONT OFFICE","SPARCO GYM","2026-04-17","","Bali","",""
"1800772","SPA THERAPIST / Perempuan","AZELLA FAMILY REFLEXOLOGY","2026-04-17","","KAB. BLITAR","",""
"1800611","Spa &amp;amp; Refleksi / Creambath / Nail art / Eyelash / Office girl","selesa","2026-04-17","","KOTA SALATIGA","",""
"1800385","NAILIST","EDENIA HEAD SPA","2026-04-17","","KAB. KARANGANYAR","",""
"1800382","Social Media &amp;amp; Content Strategist","Perina Mom &amp;amp; Baby Spa","2026-04-17","","KAB. KARANGANYAR","",""
"1800306","Accounting / Admin E-Commerce / Staff Frontdesk / Petugas Cuci Motor / Host Live (Spareparts)","AHASS 690 JAYA MOTOR BREBES","2026-04-17","","KAB. BREBES","",""
"1800267","PENGASUH PENDIDIK TERLATIH","Sahabat Dayu Day Care and Baby Spa","2026-04-17","","KOTA TANJUNG PINANG","",""
"1800264","MEKANIK","INFINITE SPEEDSHOP PAYAKUMBUH","2026-04-17","","KOTA BUKITTINGGI","",""
"1800154","Waiter / Kasir / Barista Kopi / Cook / Kitchen Crew","Atmospace","2026-04-16","","KOTA TANGERANG SELATAN","",""
"1800153","Waiter / Kasir / Barista Kopi / Cook / Kitchen Crew","Atmospace","2026-04-16","","KOTA TANGERANG SELATAN","",""
"1800069","SPA THERAPIST","Jaens Spa","2026-04-16","","Bali","",""
"1800028","SPA THERAPIST","Jaens Spa","2026-04-16","","Bali","",""
"1799813","Admin Gudang Spare Part","CV. WIJAYA EKSPRESS","2026-04-16","","KOTA BANJARMASIN","",""
"1799780","Staf Gudang Sparepart","PT Barito Berlian Motor","2026-04-16","","Kalimantan Selatan","",""
"1799761","SALES ADMIN","Navila Group","2026-04-16","","KAB. KUPANG","",""
"1799738","ADMIN SPAREPART","SARITOMOTOR","2026-04-16","","KAB. TULUNGAGUNG","",""
"1799728","Content Creator","Karsa Spa","2026-04-16","","Bali","",""
"1799649","Therapists","Karsa Spa","2026-04-16","","Bali","",""
"1799625","Admin Sparepart Motor","CV. WIRA TAMA MAKMUR","2026-04-16","","Nusa Tenggara Barat","",""
"1799487","Kasir, Kitchen, Waiters dan Barista","Sungai Space","2026-04-15","","KAB. TEGAL","",""
"1799457","SPA THERAPIST","Marangga Ubud Luxury Villas","2026-04-15","","Bali","",""
"1799375","TEKNISI ELEKTRONIKA","FUNWORLD","2026-04-15","","KOTA SOLO","",""
"1799371","Purchasing Specialist","Audina","2026-04-15","","KOTA SOLO","",""
"1799352","Content Creator","Kidsparcel","2026-04-15","","KOTA SALATIGA","",""
"1799304","ADMIN SERVICE","ibgadgetstore","2026-04-15","","KOTA SEMARANG","",""
"1799276","Masseur &amp;amp; Masseuse","MTC Joglo Gumregah","2026-04-15","","KOTA MAGELANG","",""
"1798977","Barista","ATAP LANGIT COFFEE HOUSE &amp;amp; SPACE","2026-04-15","","KAB. BANYUWANGI","",""
"1798975","CREW OPERASIONAL","G-SPACE","2026-04-15","","KAB. MALANG","",""
"1798909","PENGAWAS BANGUNAN","Choky Spaghetti Yogyakarta","2026-04-15","","DI Yogyakarta","",""
"1798907","PENGAWAS BANGUNAN","Choky Spaghetti Yogyakarta","2026-04-15","","DI Yogyakarta","",""
"1798757","SPV FLOOR / CAPTAIN FLOOR / BARTENDER / SERVER / PASTRY","VALOR PRIVATE SPACE &amp;amp; BAR","2026-04-14","","KOTA SURABAYA","",""
"1798547","FULL TIME BARISTA","parelogi. Coffee &amp;amp; Space","2026-04-14","","KOTA PARE PARE","",""
"1798546","FULL TIME BARISTA","parelogi. COFFEE &amp;amp; SPACE","2026-04-14","","KOTA PARE PARE","",""
"1798456","Bar Smoothies &amp;amp; Kitchen Crew","Swarasa Space","2026-04-13","","KAB. BANYUMAS","",""
"1798433","Barista","Javacaf&eacute; Social Space","2026-04-13","","KAB. PURBALINGGA","",""
"1798235","HELPER / OFFICE BOY","Aola Co-working Space","2026-04-13","","KAB. TUBAN","",""
"1798231","HELPER / OFFICE BOY","Aola Co-working Space","2026-04-13","","KAB. LAMONGAN","",""
"1798088","Nail Artist / Hair Stylist","Solve Sana Spa","2026-04-13","","Bali","",""
"1797947","Beauty Therapist","Bellamia Skin Care, Salon &amp;amp; Spa","2026-04-13","","KAB. KLATEN","",""
"1797907","TEKNISI ELEKTRO / PROGRAMMER / ADMINISTRASI","PT. PIJAR MULYA UTAMA","2026-04-13","","KAB. KARANGANYAR","",""
"1797660","","Atmospace","2026-04-12","","KOTA TANGERANG SELATAN","",""
"1797582","","Vespa Sinergi Cabang Tangerang","2026-04-12","","KAB. TANGERANG","",""
"1797526","","Treatme Spa","2026-04-12","","KOTA DENPASAR","",""
"1797414","","UR SPA","2026-04-12","","KAB. GIANYAR","",""
"1797302","","Shell SPA","2026-04-12","","Bali","",""
"1797054","","NATTA SPA","2026-04-12","","Bali","",""
"1796972","","TOKO GOLDEN QUEEN SPAREPART","2026-04-12","","KOTA BANDA ACEH","",""
"1797659","","Atmospace","2026-04-11","","KOTA TANGERANG SELATAN","",""
"1797581","","Vespa Sinergi Cabang Tangerang","2026-04-11","","KAB. TANGERANG","",""
"1797525","","Treatme Spa","2026-04-11","","KOTA DENPASAR","",""
"1797413","","UR SPA","2026-04-11","","KAB. GIANYAR","",""
"1797301","","Shell SPA","2026-04-11","","Bali","",""
"1797053","","NATTA SPA","2026-04-11","","Bali","",""
"1796971","","TOKO GOLDEN QUEEN SPAREPART","2026-04-11","","KOTA BANDA ACEH","",""
"1796869","Project Controller / Finance, Accounting &amp;amp; Tax Administrator","Safa Architect International","2026-04-11","","Bali","",""
"1796866","Operational Manager KTV and Billiard / Content Creator / Supervisor Spa / Accounting (female) / Front Office Spa (female) / Cook / Graphic Design / Cashier KTV and Billiard","Kopindo Jaya Group","2026-04-11","","Bali","",""
"1796812","SPA THERAPIST / RECEPTIONIST","Shell SPA","2026-04-11","","Bali","",""
"1796811","SPA THERAPIST / RECEPTIONIST","Shell SPA","2026-04-11","","Bali","",""
"1796623","RECEPTION / ENGINEERING &ndash; CIVIL / POOL ATTENDANT / SPA THERAPIST","Blu-Zea","2026-04-10","","KAB. KUTAI KARTANEGARA","",""
"1796621","RECEPTION / ENGINEERING &ndash; CIVIL / POOL ATTENDANT / SPA THERAPIST","Blu-Zea","2026-04-10","","KAB. KUTAI KARTANEGARA","",""
"1796618","BIDAN","PMB dan Baby Spa","2026-04-10","","Kalimantan Timur","",""
"1796593","SPA THERAPIST","Treatme Spa","2026-04-10","","KOTA DENPASAR","",""
"1796561","Kitchen","NT Coffee Space","2026-04-10","","KAB. PASURUAN","",""
"1796555","Finance","PLAYSPA","2026-04-10","","KAB. SUKOHARJO","",""
"1796539","Staf Keuangan &amp;amp; Data","Yatim Mandiri","2026-04-10","","KAB. SRAGEN","",""
"1796537","OFFICE BOY","PLAYSPA","2026-04-10","","KAB. SRAGEN","",""
"1796394","Waiter (DW) / Barman / Cook (DW)","The Beach House Resort &amp;amp; Spa Gili Trawangan","2026-04-10","","Nusa Tenggara Barat","",""
"1796377","Kitchen Baker","Champ Coffee Space","2026-04-10","","KOTA TEGAL","",""
"1796306","Karyawan Toko","ALEEN SPAREPART HANDPHONE","2026-04-09","","KAB. TEGAL","",""
"1796302","Admin Bimbel","Rumah Belajar Spasial","2026-04-09","","KAB. TEGAL","",""
"1796094","BARISTA | KITCHEN","Brew Coffee Space","2026-04-08","","Kalimantan Selatan","",""
"1796093","BARISTA | KITCHEN","Brew Coffee Space","2026-04-08","","Kalimantan Selatan","",""
"1796004","ADMIN BENGKEL AHASS (FRONTDESK) &amp;amp; ADMIN GUDANG SPAREPART","Astra Motor","2026-04-08","","KAB. PURWOREJO","",""
"1795906","Therapist Salon dan Hairstylist Cabang 1 dan 2","Agnia Beauty and Spa","2026-04-08","","Sumatera Selatan","",""
"1795905","Therapist Salon dan Hairstylist Cabang 1 dan 2","Agnia Beauty and Spa","2026-04-08","","Sumatera Selatan","",""
"1795898","ADMIN SERVICE","ibgadgetstore","2026-04-08","","KOTA SEMARANG","",""
"1795668","Barista","Ruangnamu Coffee &amp;amp; Space","2026-04-07","","KOTA DEPOK","",""
"1795592","Waiters Per Shift","Myco Space","2026-04-07","","Sulawesi Tengah","",""
"1795503","PERAWAT / BIDAN / ADMIN","Momoo Mom Kids Baby Spa","2026-04-07","","DI Yogyakarta","",""
"1795383","MESSENGER (Operational) / ADMIN PROJECT","BAKTI KARYA CIPTA","2026-04-07","","KAB. GRESIK","",""
"1795344","Karyawati Toko Sparepart","Mandiri Jaya Motor","2026-04-07","","Kalimantan Selatan","",""
"1795339","SPA THERAPIST","The Saharah Mirage","2026-04-07","","KAB. KUTAI KARTANEGARA","",""
"1795289","BEAUTY THERAPYS &amp;amp; KAPSTER","Dbeauty Skincare &amp;amp; Day Spa","2026-04-07","","KAB. KLATEN","",""
"1795159","Waspang","idPLAY SUPERCORRIDOR","2026-04-07","","KAB. PEKALONGAN","",""
"1795137","SPA Therapist / Kitchen Staff / Trainee Kitchen / Front Office Trainee","Marangga Ubud Luxury Villas","2026-04-06","","Bali","",""
"1795084","SPA THERAPIST","UR SPA","2026-04-06","","KAB. GIANYAR","",""
"1794985","SHOP KEEPER / PENJAGA TOKO","Bapangan Motor","2026-04-06","","KAB. GROBOGAN","",""
"1794934","SALESMAN SPAREPARTS OTOMOTIVE","PT. Dirgputra Ekapratama","2026-04-06","","KOTA BANDUNG","",""
"1794806","Barista &amp;amp; Kitchen Crew","Korima Space Coffee &amp;amp; Eatery","2026-04-06","","KAB. TULUNGAGUNG","",""
"1794788","KARYAWAN TOKO","TOKO GOLDEN QUEEN SPAREPART","2026-04-06","","KOTA BANDA ACEH","",""
"1794769","Beauty Content Creator","SKINNEST (Salon &amp;amp; Spa SKINNEST)","2026-04-06","","KAB. SIDOARJO","",""
"1794735","Pegawai Toko / Sparepart Motor","INTI Motor","2026-04-06","","KAB. PONOROGO","",""
"1794549","","NATTA SPA","2026-04-05","","Bali","",""
"1794516","","KOYA Spa Bali","2026-04-05","","Bali","",""
"1794357","BARISTA, KITCHEN, WAITERS, CASHIER","Far-JD Coffee &amp;amp; Space","2026-04-04","","KOTA MAKASSAR","",""
"1794356","BARISTA, KITCHEN, WAITERS, CASHIER","Far-JD Coffee &amp;amp; Space","2026-04-04","","KOTA MAKASSAR","",""
"1794274","PENJAGA TOKO, LIVE+CONTENT CREATOR, MEKANIK, ADMIN SPAREPART, ADMIN SEPEDA","DEALER VIAR &amp;amp; SEPEDA LISTRIK TASIK","2026-04-04","","KAB. TASIKMALAYA","",""
"1794237","COOK/KITCHEN CREW / ADMIN GUDANG/PURCHASING","Atmospace","2026-04-04","","KOTA TANGERANG SELATAN","",""
"1794222","SPAREPART COUNTER / TEKNISI","PERMATA MOTOR","2026-04-04","","KAB. MAJALENGKA","",""
"1794190","Community Staff","Creative Lab","2026-04-04","","KAB. PURWAKARTA","",""
"1793979","TEKNISI HP","iCOLOR KEDIRI","2026-04-04","","KAB. NGANJUK","",""
"1793963","TEKNISI HP","iCOLOR KEDIRI","2026-04-04","","KAB. NGANJUK","",""
"1793847","Mekanik Mobil / Sales Ban / Admin Sosmed / Admin Marketplace / Content Creator / Barista / Tenaga Serabutan/Cuci Motor","otobox","2026-04-03","","KOTA SEMARANG","",""
"1793636","Admin Resto (Part Time) / Crew Outlet / Crew Produksi","Massipa Chicken","2026-04-03","","Sulawesi Selatan","",""
"1793560","Staf Admin Fleet","PT. Satu Kosong Tujuh","2026-04-02","","KOTA SURABAYA","",""
"1793520","Customer Service Online","Juragan Aqiqah","2026-04-02","","KAB. MALANG","",""
"1793512","ADMIN / -Administrator Cabang-","Science Society","2026-04-02","","KAB. MAGETAN","",""
"1793510","BIDAN THERAPIST","Mikaila Mom &amp;amp; Baby Spa","2026-04-02","","KAB. MAGETAN","",""
"1793342","ADMIN SERVICE &amp;amp; WARRANTY","Chery Trimegah Group","2026-04-02","","KOTA TANGERANG SELATAN","",""
"1793330","Beauty Therapist","Rumah Cantik Aini","2026-04-02","","KAB. MAJALENGKA","",""
"1793222","Runner Logistik / Senior Barista","Utata Space","2026-04-02","","KOTA MAKASSAR","",""
"1793221","Runner Logistik / Senior Barista","Utata Space","2026-04-02","","KOTA MAKASSAR","",""
"1793209","Maintenance","ZEN Family Spa &amp;amp; Reflexology","2026-04-02","","Sulawesi Tengah","",""
"1793207","Maintenance","ZEN Family Spa &amp;amp; Reflexology","2026-04-02","","Sulawesi Tengah","",""
"1793183","Runner Logistik / Senior Barista","Utata Space","2026-04-02","","Sulawesi Selatan","",""
"1793182","Runner Logistik / Senior Barista","Utata Space","2026-04-02","","Sulawesi Selatan","",""
"1793149","THERAPIS","Salon dan Spa KHUSUS WANITA","2026-04-01","","Kalimantan Selatan","",""
"1793134","Packing, Servis, Penjualan, Pengiriman, Pengrajin Spanram","Danaswari Painting","2026-04-01","","KAB. KLUNGKUNG","",""
"1793016","CREW STORE","OCL SPAREPART","2026-04-01","","KAB. SIDOARJO","",""
"1793008","Sales Executive","Vespa Sinergi Cabang Tangerang","2026-04-01","","KAB. TANGERANG","",""
"1792974","Admin Penjualan","Geulis Homemade","2026-04-01","","KOTA TANGERANG SELATAN","",""
"1792913","Admin Keuangan Lapangan","PT. Kartika Global Indo","2026-04-01","","KAB. TASIKMALAYA","",""
"1792874","Beauty Therapist","Rumah Cantik Aini","2026-04-01","","KAB. MAJALENGKA","",""
"1792700","Admin / Reception Spa","Golden Butterfly Spa","2026-04-01","","KAB. PASER","",""
"1792550","ADMIN / Administrator Cabang-","Science Society","2026-03-31","","KAB. SITUBONDO","",""
"1792525","THERAPIST / DIBUTUHKAN 3 THERAPIST","RAFANDA BABY KIDS MOM SPA","2026-03-31","","KAB. MAGETAN","",""
"1792467","KARYAWAN TOKO SPAREPAT MOBIL","toko Anugrah motor","2026-03-31","","KAB. PONOROGO","",""
"1792451","STAFF COUNTER &amp;amp; SPAREPART / CARWASH CREW","KUNINGMAS AUTOCARE","2026-03-31","","KAB. KUNINGAN","",""
"1792242","BARISTA","MANTA COFFEE &amp;amp; SPACE","2026-03-31","","KAB. JOMBANG","",""
"1792158","OUTLET CREW","ZAZITO CO-WORKING SPACE","2026-03-31","","KAB. BANYUWANGI","",""
"1791998","KARYAWAN TOKO SPAREPART MOTOR RODA DUA","BINTANG MOTOR","2026-03-30","","KOTA SALATIGA","",""
"1791861","HAIR STYLIST","GLAM GLOW BEAUTY SALON &amp;amp; SPA","2026-03-30","","KAB. PANGANDARAN","",""
"1791640","Tax &amp;amp; Finance Officer","Prospecta","2026-03-29","","KOTA SOLO","",""
"1791621","SPA THERAPIST","Sekuta Spa","2026-03-29","","KAB. SIDOARJO","",""
"1791494","Kitchen Staff","NT Coffee Space","2026-03-29","","KAB. PASURUAN","",""
"1791320","Therapist","Rumah Wangi Beauty Salon and Spa","2026-03-28","","KAB. KEBUMEN","",""
"1791251","BARISTA","Terass Sharing Space","2026-03-28","","KOTA DENPASAR","",""
"1791130","Barista (Full Time)","Natural Space","2026-03-28","","Bali","",""
"1790982","Barista (Full Time)","Natural Space","2026-03-27","","Bali","",""
"1790965","SPA THERAPIST","LOA spa","2026-03-27","","Bali","",""
"1790910","Waitress / Barista / Cook / Cook Helper / Spa Therapist","Bella Vista Legian","2026-03-27","","KAB. KUTAI KARTANEGARA","",""
"1790826","Karyawan Produksi / Staff Kitchen / Content Creator &amp;amp;Social Media Specialist","CLASSIC BREAD BAKERY &amp;amp; SPATIAL COFFEE","2026-03-27","","KOTA PADANG","",""
"1790794","BRANCH MANAGER &ndash; PENJUALAN ALAT BERAT &amp;amp; SPAREPARTS","MAXI TRAKTOR INDONESIA","2026-03-26","","KOTA MAKASSAR","",""
"1790780","Florist","puspa asri","2026-03-26","","KAB. SRAGEN","",""
"1790773","KARYAWAN PRODUKSI","Javerden Herbal Spa","2026-03-26","","KOTA SOLO","",""
"1790772","Therapist","AYU WATER SPA &amp;amp; WELLNESS MANAGEMENT","2026-03-26","","KOTA SOLO","",""
"1790708","ANGGOTA GUDANG / KERNET","Toko Sparepart Roda Dua","2026-03-26","","KAB. ASAHAN","",""
"1790482","SALES","NICK Replacement Part","2026-03-26","","KAB. PEKALONGAN","",""
"1790480","SALES","NICK Replacement Part","2026-03-26","","KAB. PEKALONGAN","",""
"1790473","WAITERS/RUNNERS","Svarasukma Coffee Space","2026-03-26","","KOTA BANDA ACEH","",""
"1790329","Waiter/S","Katama Coffee &amp;amp; Space","2026-03-25","","Lampung","",""
"1790321","Cashier / Housekeeping / Security / Kitchen","KARTA SPA BALIKPAPAN","2026-03-25","","KAB. PASER","",""
"1790252","ADMIN","elastic","2026-03-25","","KAB. BADUNG","",""
"1790123","Waiter / Kasir, Cook / Kitchen Crew, Barista Kopi","Atmospace","2026-03-25","","KOTA TANGERANG SELATAN","",""
"1790092","RESEPSIONIST","AYU WATER SPA &amp;amp; WELLNESS MANAGEMENT","2026-03-25","","KOTA SOLO","",""
"1788352","","CLEAN SPACE","2026-03-25","","Nusa Tenggara Barat","",""
"1787717","","KOEL Bakery &middot; Cafe &middot; Coffee Space","2026-03-25","","Sulawesi Utara","",""
"1787421","","KOEL Bakery &middot; Cafe &middot; Coffee Space","2026-03-25","","Sulawesi Utara","",""
"1787029","","espoir space","2026-03-25","","Sulawesi Tengah","",""
"1786229","","UTATA SPACE","2026-03-25","","Sulawesi Selatan","",""
"1783101","","NATTA SPA","2026-03-25","","Bali","",""
"1782877","","Tropical Space Tourism Hotel","2026-03-25","","Bali","",""
"1782341","","Parina Spa","2026-03-25","","Bali","",""
"1782333","","Parina Spa","2026-03-25","","Bali","",""
"1782125","","NATTA SPA","2026-03-25","","Bali","",""
"1782117","","NATTA SPA","2026-03-25","","Bali","",""
"1782013","","NATTA SPA","2026-03-25","","Bali","",""
"1781861","","NATTA SPA","2026-03-25","","Bali","",""
"1781853","","NATTA SPA","2026-03-25","","Bali","",""
"1781789","","Arunika Beauty Salon and Spa","2026-03-25","","Bali","",""
"1781781","","Arunika Beauty Salon and Spa","2026-03-25","","Bali","",""
"1781773","","Arunika Beauty Salon and Spa","2026-03-25","","Bali","",""
"1781645","","Arunika Beauty Salon and Spa","2026-03-25","","Bali","",""
"1781629","","Arunika Beauty Salon and Spa","2026-03-25","","Bali","",""
"1781397","","LOA spa","2026-03-25","","Bali","",""
"1780693","","Parina Spa","2026-03-25","","Bali","",""
"1780685","","Parina Spa","2026-03-25","","Bali","",""
"1780677","","Parina Spa","2026-03-25","","Bali","",""
"1780549","","Parina Spa","2026-03-25","","Bali","",""
"1780541","","Parina Spa","2026-03-25","","Bali","",""
"1780429","","Parina Spa","2026-03-25","","Bali","",""
"1780421","","KOYA Spa Bali","2026-03-25","","Bali","",""
"1779957","","The Payogan Villa Resort &amp;amp; Spa Ubud","2026-03-25","","Bali","",""
"1779509","","Kin Plumier SPA","2026-03-25","","Bali","",""
"1779213","","THE VIE SPA &amp;amp; STUDIO","2026-03-25","","Bali","",""
"1779189","","THE VIE SPA &amp;amp; STUDIO","2026-03-25","","Bali","",""
"1779173","","THE VIE SPA &amp;amp; STUDIO","2026-03-25","","Bali","",""
"1779037","","THE VIE SPA &amp;amp; STUDIO","2026-03-25","","Bali","",""
"1778973","","AMO SPA &amp;amp; CAFE","2026-03-25","","Bali","",""
"1778797","","Bali Bustle Coliving and Coworking Space","2026-03-25","","Bali","",""
"1778253","","LOA spa","2026-03-25","","Bali","",""
"1778237","","SPARCO GYM","2026-03-25","","Bali","",""
"1776785","","Kimaya Spa &amp;amp; Beauty Experience","2026-03-25","","Kalimantan Timur","",""
"1775126","","HORE GAMING SPACE BANJARBARU","2026-03-25","","Kalimantan Selatan","",""
"1771766","","Kimaya Spa &amp;amp; Beauty Enrich","2026-03-25","","KOTA SURABAYA","",""
"1769788","","Mimiti Coffee and Space","2026-03-25","","KOTA BANDUNG","",""
"1769772","","Mimiti Coffee and Space","2026-03-25","","KOTA BANDUNG","",""
"1769764","","MIMITI Coffee and Space","2026-03-25","","KOTA BANDUNG","",""
"1768852","","Sehela Space","2026-03-25","","DKI Jakarta","",""
"1768764","","The Newspaper Photobooth","2026-03-25","","DKI Jakarta","",""
"1768596","","Sparks Preschool","2026-03-25","","DKI Jakarta","",""
"1767460","","VESPA DPM RAWAMANGUN","2026-03-25","","DKI Jakarta","",""
"1767444","","Sparks Preschool","2026-03-25","","DKI Jakarta","",""
"1766636","","HartakaSpace","2026-03-25","","DKI Jakarta","",""
"1763396","","NADILA Salon &amp;amp; Spa","2026-03-25","","DI Yogyakarta","",""
"1763148","","Canie Coffee &amp;amp; Space","2026-03-25","","DI Yogyakarta","",""
"1763124","","Canie Coffee &amp;amp; Space","2026-03-25","","DI Yogyakarta","",""
"1763060","","Momoo Mom Kids &amp;amp; Baby Spa","2026-03-25","","DI Yogyakarta","",""
"1763052","","Momoo Mom Kids &amp;amp; Baby Spa","2026-03-25","","DI Yogyakarta","",""
"1762948","","Momoo Mom Kids &amp;amp; Baby Spa","2026-03-25","","DI Yogyakarta","",""
"1758492","","Kimaya Spa &amp;amp; Beauty Enrich","2026-03-25","","KOTA SURABAYA","",""
"1789875","Staff Produksi / Staff Marketing","ECO Sparkling","2026-03-24","","KOTA DENPASAR","",""
"1789814","Staf Manajemen Resiko / Risk Management Staff","Palang Merah Indonesia","2026-03-24","","KOTA BANDAR LAMPUNG","",""
"1789731","SERVER","PLAYSPA","2026-03-24","","KAB. SRAGEN","",""
"1788351","","CLEAN SPACE","2026-03-24","","Nusa Tenggara Barat","",""
"1787716","","KOEL Bakery &middot; Cafe &middot; Coffee Space","2026-03-24","","Sulawesi Utara","",""
"1787420","","KOEL Bakery &middot; Cafe &middot; Coffee Space","2026-03-24","","Sulawesi Utara","",""
"1787028","","espoir space","2026-03-24","","Sulawesi Tengah","",""
"1786228","","UTATA SPACE","2026-03-24","","Sulawesi Selatan","",""
"1783100","","NATTA SPA","2026-03-24","","Bali","",""
"1782876","","Tropical Space Tourism Hotel","2026-03-24","","Bali","",""
"1782340","","Parina Spa","2026-03-24","","Bali","",""
"1782332","","Parina Spa","2026-03-24","","Bali","",""
"1782124","","NATTA SPA","2026-03-24","","Bali","",""
"1782116","","NATTA SPA","2026-03-24","","Bali","",""
"1782012","","NATTA SPA","2026-03-24","","Bali","",""
"1781860","","NATTA SPA","2026-03-24","","Bali","",""
"1781852","","NATTA SPA","2026-03-24","","Bali","",""
"1781788","","Arunika Beauty Salon and Spa","2026-03-24","","Bali","",""
"1781780","","Arunika Beauty Salon and Spa","2026-03-24","","Bali","",""
"1781772","","Arunika Beauty Salon and Spa","2026-03-24","","Bali","",""
"1781644","","Arunika Beauty Salon and Spa","2026-03-24","","Bali","",""
"1781628","","Arunika Beauty Salon and Spa","2026-03-24","","Bali","",""
"1781396","","LOA spa","2026-03-24","","Bali","",""
"1780692","","Parina Spa","2026-03-24","","Bali","",""
"1780684","","Parina Spa","2026-03-24","","Bali","",""
"1780676","","Parina Spa","2026-03-24","","Bali","",""
"1780548","","Parina Spa","2026-03-24","","Bali","",""
"1780540","","Parina Spa","2026-03-24","","Bali","",""
"1780428","","Parina Spa","2026-03-24","","Bali","",""
"1780420","","KOYA Spa Bali","2026-03-24","","Bali","",""
"1779956","","The Payogan Villa Resort &amp;amp; Spa Ubud","2026-03-24","","Bali","",""
"1779508","","Kin Plumier SPA","2026-03-24","","Bali","",""
"1779212","","THE VIE SPA &amp;amp; STUDIO","2026-03-24","","Bali","",""
"1779188","","THE VIE SPA &amp;amp; STUDIO","2026-03-24","","Bali","",""
"1779172","","THE VIE SPA &amp;amp; STUDIO","2026-03-24","","Bali","",""
"1779036","","THE VIE SPA &amp;amp; STUDIO","2026-03-24","","Bali","",""
"1778972","","AMO SPA &amp;amp; CAFE","2026-03-24","","Bali","",""
"1778796","","Bali Bustle Coliving and Coworking Space","2026-03-24","","Bali","",""
"1778252","","LOA spa","2026-03-24","","Bali","",""
"1778236","","SPARCO GYM","2026-03-24","","Bali","",""
"1776784","","Kimaya Spa &amp;amp; Beauty Experience","2026-03-24","","Kalimantan Timur","",""
"1775125","","HORE GAMING SPACE BANJARBARU","2026-03-24","","Kalimantan Selatan","",""
"1771765","","Kimaya Spa &amp;amp; Beauty Enrich","2026-03-24","","KOTA SURABAYA","",""
"1769787","","Mimiti Coffee and Space","2026-03-24","","KOTA BANDUNG","",""
"1769771","","Mimiti Coffee and Space","2026-03-24","","KOTA BANDUNG","",""
"1769763","","MIMITI Coffee and Space","2026-03-24","","KOTA BANDUNG","",""
"1768851","","Sehela Space","2026-03-24","","DKI Jakarta","",""
"1768763","","The Newspaper Photobooth","2026-03-24","","DKI Jakarta","",""
"1768595","","Sparks Preschool","2026-03-24","","DKI Jakarta","",""
"1767459","","VESPA DPM RAWAMANGUN","2026-03-24","","DKI Jakarta","",""
"1767443","","Sparks Preschool","2026-03-24","","DKI Jakarta","",""
"1766635","","HartakaSpace","2026-03-24","","DKI Jakarta","",""
"1763395","","NADILA Salon &amp;amp; Spa","2026-03-24","","DI Yogyakarta","",""
"1763147","","Canie Coffee &amp;amp; Space","2026-03-24","","DI Yogyakarta","",""
"1763123","","Canie Coffee &amp;amp; Space","2026-03-24","","DI Yogyakarta","",""
"1763059","","Momoo Mom Kids &amp;amp; Baby Spa","2026-03-24","","DI Yogyakarta","",""
"1763051","","Momoo Mom Kids &amp;amp; Baby Spa","2026-03-24","","DI Yogyakarta","",""
"1762947","","Momoo Mom Kids &amp;amp; Baby Spa","2026-03-24","","DI Yogyakarta","",""
"1758491","","Kimaya Spa &amp;amp; Beauty Enrich","2026-03-24","","KOTA SURABAYA","",""
"1789649","BARISTA &amp;amp; KITCHEN","Lunar News Space","2026-03-23","","KOTA MAKASSAR","",""
"1789587","KITCHEN CREW / KASIR","Choky Spaghetti Yogyakarta","2026-03-23","","DI Yogyakarta","",""
"1789562","Front Office","Nabila Salon &amp;amp; Spa","2026-03-23","","DI Yogyakarta","",""
"1789508","Junior Barista / Kitchen","Gora Social Space","2026-03-23","","KOTA DENPASAR","",""
"1789441","Staf Manajemen Resiko / Risk Management Staff","Palang Merah Indonesia","2026-03-23","","Lampung","",""
"1789410","Manager Operational KTV Billiard / Accounting Villa / Front Office Spa / Front Office Villa / Kasir KTV / Server Billiard / Driver / Therapist","Kopindo","2026-03-23","","Bali","",""
"1789409","Manager Operational KTV Billiard / Accounting Villa / Front Office Spa / Front Office Villa / Kasir KTV / Server Billiard / Driver / Therapist","Kopindo","2026-03-23","","Bali","",""
"1788350","","CLEAN SPACE","2026-03-23","","Nusa Tenggara Barat","",""
"1787715","","KOEL Bakery &middot; Cafe &middot; Coffee Space","2026-03-23","","Sulawesi Utara","",""
"1787419","","KOEL Bakery &middot; Cafe &middot; Coffee Space","2026-03-23","","Sulawesi Utara","",""
"1787027","","espoir space","2026-03-23","","Sulawesi Tengah","",""
"1786227","","UTATA SPACE","2026-03-23","","Sulawesi Selatan","",""
"1783099","","NATTA SPA","2026-03-23","","Bali","",""
"1782875","","Tropical Space Tourism Hotel","2026-03-23","","Bali","",""
"1782339","","Parina Spa","2026-03-23","","Bali","",""
"1782331","","Parina Spa","2026-03-23","","Bali","",""
"1782123","","NATTA SPA","2026-03-23","","Bali","",""
"1782115","","NATTA SPA","2026-03-23","","Bali","",""
"1782011","","NATTA SPA","2026-03-23","","Bali","",""
"1781859","","NATTA SPA","2026-03-23","","Bali","",""
"1781851","","NATTA SPA","2026-03-23","","Bali","",""
"1781787","","Arunika Beauty Salon and Spa","2026-03-23","","Bali","",""
"1781779","","Arunika Beauty Salon and Spa","2026-03-23","","Bali","",""
"1781771","","Arunika Beauty Salon and Spa","2026-03-23","","Bali","",""
"1781643","","Arunika Beauty Salon and Spa","2026-03-23","","Bali","",""
"1781627","","Arunika Beauty Salon and Spa","2026-03-23","","Bali","",""
"1781395","","LOA spa","2026-03-23","","Bali","",""
"1780691","","Parina Spa","2026-03-23","","Bali","",""
"1780683","","Parina Spa","2026-03-23","","Bali","",""
"1780675","","Parina Spa","2026-03-23","","Bali","",""
"1780547","","Parina Spa","2026-03-23","","Bali","",""
"1780539","","Parina Spa","2026-03-23","","Bali","",""
"1780427","","Parina Spa","2026-03-23","","Bali","",""
"1780419","","KOYA Spa Bali","2026-03-23","","Bali","",""
"1779955","","The Payogan Villa Resort &amp;amp; Spa Ubud","2026-03-23","","Bali","",""
"1779507","","Kin Plumier SPA","2026-03-23","","Bali","",""
"1779211","","THE VIE SPA &amp;amp; STUDIO","2026-03-23","","Bali","",""
"1779187","","THE VIE SPA &amp;amp; STUDIO","2026-03-23","","Bali","",""
"1779171","","THE VIE SPA &amp;amp; STUDIO","2026-03-23","","Bali","",""
"1779035","","THE VIE SPA &amp;amp; STUDIO","2026-03-23","","Bali","",""
"1778971","","AMO SPA &amp;amp; CAFE","2026-03-23","","Bali","",""
"1778795","","Bali Bustle Coliving and Coworking Space","2026-03-23","","Bali","",""
"1778251","","LOA spa","2026-03-23","","Bali","",""
"1778235","","SPARCO GYM","2026-03-23","","Bali","",""
"1776783","","Kimaya Spa &amp;amp; Beauty Experience","2026-03-23","","Kalimantan Timur","",""
"1775124","","HORE GAMING SPACE BANJARBARU","2026-03-23","","Kalimantan Selatan","",""
"1771764","","Kimaya Spa &amp;amp; Beauty Enrich","2026-03-23","","KOTA SURABAYA","",""
"1769786","","Mimiti Coffee and Space","2026-03-23","","KOTA BANDUNG","",""
"1769770","","Mimiti Coffee and Space","2026-03-23","","KOTA BANDUNG","",""
"1769762","","MIMITI Coffee and Space","2026-03-23","","KOTA BANDUNG","",""
"1768850","","Sehela Space","2026-03-23","","DKI Jakarta","",""
"1768762","","The Newspaper Photobooth","2026-03-23","","DKI Jakarta","",""
"1768594","","Sparks Preschool","2026-03-23","","DKI Jakarta","",""
"1767458","","VESPA DPM RAWAMANGUN","2026-03-23","","DKI Jakarta","",""
"1767442","","Sparks Preschool","2026-03-23","","DKI Jakarta","",""
"1766634","","HartakaSpace","2026-03-23","","DKI Jakarta","",""
"1763394","","NADILA Salon &amp;amp; Spa","2026-03-23","","DI Yogyakarta","",""
"1763146","","Canie Coffee &amp;amp; Space","2026-03-23","","DI Yogyakarta","",""
"1763122","","Canie Coffee &amp;amp; Space","2026-03-23","","DI Yogyakarta","",""
"1763058","","Momoo Mom Kids &amp;amp; Baby Spa","2026-03-23","","DI Yogyakarta","",""
"1763050","","Momoo Mom Kids &amp;amp; Baby Spa","2026-03-23","","DI Yogyakarta","",""
"1762946","","Momoo Mom Kids &amp;amp; Baby Spa","2026-03-23","","DI Yogyakarta","",""
"1758490","","Kimaya Spa &amp;amp; Beauty Enrich","2026-03-23","","KOTA SURABAYA","",""
"1788349","","CLEAN SPACE","2026-03-22","","Nusa Tenggara Barat","",""
"1787714","","KOEL Bakery &middot; Cafe &middot; Coffee Space","2026-03-22","","Sulawesi Utara","",""
"1787418","","KOEL Bakery &middot; Cafe &middot; Coffee Space","2026-03-22","","Sulawesi Utara","",""
"1787026","","espoir space","2026-03-22","","Sulawesi Tengah","",""
"1786226","","UTATA SPACE","2026-03-22","","Sulawesi Selatan","",""
"1783098","","NATTA SPA","2026-03-22","","Bali","",""
"1782874","","Tropical Space Tourism Hotel","2026-03-22","","Bali","",""
"1782338","","Parina Spa","2026-03-22","","Bali","",""
"1782330","","Parina Spa","2026-03-22","","Bali","",""
"1782122","","NATTA SPA","2026-03-22","","Bali","",""
"1782114","","NATTA SPA","2026-03-22","","Bali","",""
"1782010","","NATTA SPA","2026-03-22","","Bali","",""
"1781858","","NATTA SPA","2026-03-22","","Bali","",""
"1781850","","NATTA SPA","2026-03-22","","Bali","",""
"1781786","","Arunika Beauty Salon and Spa","2026-03-22","","Bali","",""
"1781778","","Arunika Beauty Salon and Spa","2026-03-22","","Bali","",""
"1781770","","Arunika Beauty Salon and Spa","2026-03-22","","Bali","",""
"1781642","","Arunika Beauty Salon and Spa","2026-03-22","","Bali","",""
"1781626","","Arunika Beauty Salon and Spa","2026-03-22","","Bali","",""
"1781394","","LOA spa","2026-03-22","","Bali","",""
"1780690","","Parina Spa","2026-03-22","","Bali","",""
"1780682","","Parina Spa","2026-03-22","","Bali","",""
"1780674","","Parina Spa","2026-03-22","","Bali","",""
"1780546","","Parina Spa","2026-03-22","","Bali","",""
"1780538","","Parina Spa","2026-03-22","","Bali","",""
"1780426","","Parina Spa","2026-03-22","","Bali","",""
"1780418","","KOYA Spa Bali","2026-03-22","","Bali","",""
"1779954","","The Payogan Villa Resort &amp;amp; Spa Ubud","2026-03-22","","Bali","",""
"1779506","","Kin Plumier SPA","2026-03-22","","Bali","",""
"1779210","","THE VIE SPA &amp;amp; STUDIO","2026-03-22","","Bali","",""
"1779186","","THE VIE SPA &amp;amp; STUDIO","2026-03-22","","Bali","",""
"1779170","","THE VIE SPA &amp;amp; STUDIO","2026-03-22","","Bali","",""
"1779034","","THE VIE SPA &amp;amp; STUDIO","2026-03-22","","Bali","",""
"1778970","","AMO SPA &amp;amp; CAFE","2026-03-22","","Bali","",""
"1778794","","Bali Bustle Coliving and Coworking Space","2026-03-22","","Bali","",""
"1778250","","LOA spa","2026-03-22","","Bali","",""
"1778234","","SPARCO GYM","2026-03-22","","Bali","",""
"1776782","","Kimaya Spa &amp;amp; Beauty Experience","2026-03-22","","Kalimantan Timur","",""
"1775123","","HORE GAMING SPACE BANJARBARU","2026-03-22","","Kalimantan Selatan","",""
"1771763","","Kimaya Spa &amp;amp; Beauty Enrich","2026-03-22","","KOTA SURABAYA","",""
"1769785","","Mimiti Coffee and Space","2026-03-22","","KOTA BANDUNG","",""
"1769769","","Mimiti Coffee and Space","2026-03-22","","KOTA BANDUNG","",""
"1769761","","MIMITI Coffee and Space","2026-03-22","","KOTA BANDUNG","",""
"1768849","","Sehela Space","2026-03-22","","DKI Jakarta","",""
"1768761","","The Newspaper Photobooth","2026-03-22","","DKI Jakarta","",""
"1768593","","Sparks Preschool","2026-03-22","","DKI Jakarta","",""
"1767457","","VESPA DPM RAWAMANGUN","2026-03-22","","DKI Jakarta","",""
"1767441","","Sparks Preschool","2026-03-22","","DKI Jakarta","",""
"1766633","","HartakaSpace","2026-03-22","","DKI Jakarta","",""
"1763393","","NADILA Salon &amp;amp; Spa","2026-03-22","","DI Yogyakarta","",""
"1763145","","Canie Coffee &amp;amp; Space","2026-03-22","","DI Yogyakarta","",""
"1763121","","Canie Coffee &amp;amp; Space","2026-03-22","","DI Yogyakarta","",""
"1763057","","Momoo Mom Kids &amp;amp; Baby Spa","2026-03-22","","DI Yogyakarta","",""
"1763049","","Momoo Mom Kids &amp;amp; Baby Spa","2026-03-22","","DI Yogyakarta","",""
"1762945","","Momoo Mom Kids &amp;amp; Baby Spa","2026-03-22","","DI Yogyakarta","",""
"1758489","","Kimaya Spa &amp;amp; Beauty Enrich","2026-03-22","","KOTA SURABAYA","",""
"1788348","","CLEAN SPACE","2026-03-21","","Nusa Tenggara Barat","",""
"1787713","","KOEL Bakery &middot; Cafe &middot; Coffee Space","2026-03-21","","Sulawesi Utara","",""
"1787417","","KOEL Bakery &middot; Cafe &middot; Coffee Space","2026-03-21","","Sulawesi Utara","",""
"1787025","","espoir space","2026-03-21","","Sulawesi Tengah","",""
"1786225","","UTATA SPACE","2026-03-21","","Sulawesi Selatan","",""
"1783097","","NATTA SPA","2026-03-21","","Bali","",""
"1782873","","Tropical Space Tourism Hotel","2026-03-21","","Bali","",""
"1782337","","Parina Spa","2026-03-21","","Bali","",""
"1782329","","Parina Spa","2026-03-21","","Bali","",""
"1782121","","NATTA SPA","2026-03-21","","Bali","",""
"1782113","","NATTA SPA","2026-03-21","","Bali","",""
"1782009","","NATTA SPA","2026-03-21","","Bali","",""
"1781857","","NATTA SPA","2026-03-21","","Bali","",""
"1781849","","NATTA SPA","2026-03-21","","Bali","",""
"1781785","","Arunika Beauty Salon and Spa","2026-03-21","","Bali","",""
"1781777","","Arunika Beauty Salon and Spa","2026-03-21","","Bali","",""
"1781769","","Arunika Beauty Salon and Spa","2026-03-21","","Bali","",""
"1781641","","Arunika Beauty Salon and Spa","2026-03-21","","Bali","",""
"1781625","","Arunika Beauty Salon and Spa","2026-03-21","","Bali","",""
"1781393","","LOA spa","2026-03-21","","Bali","",""
"1780689","","Parina Spa","2026-03-21","","Bali","",""
"1780681","","Parina Spa","2026-03-21","","Bali","",""
"1780673","","Parina Spa","2026-03-21","","Bali","",""
"1780545","","Parina Spa","2026-03-21","","Bali","",""
"1780537","","Parina Spa","2026-03-21","","Bali","",""
"1780425","","Parina Spa","2026-03-21","","Bali","",""
"1780417","","KOYA Spa Bali","2026-03-21","","Bali","",""
"1779953","","The Payogan Villa Resort &amp;amp; Spa Ubud","2026-03-21","","Bali","",""
"1779505","","Kin Plumier SPA","2026-03-21","","Bali","",""
"1779209","","THE VIE SPA &amp;amp; STUDIO","2026-03-21","","Bali","",""
"1779185","","THE VIE SPA &amp;amp; STUDIO","2026-03-21","","Bali","",""
"1779169","","THE VIE SPA &amp;amp; STUDIO","2026-03-21","","Bali","",""
"1779033","","THE VIE SPA &amp;amp; STUDIO","2026-03-21","","Bali","",""
"1778969","","AMO SPA &amp;amp; CAFE","2026-03-21","","Bali","",""
"1778793","","Bali Bustle Coliving and Coworking Space","2026-03-21","","Bali","",""
"1778249","","LOA spa","2026-03-21","","Bali","",""
"1778233","","SPARCO GYM","2026-03-21","","Bali","",""
"1776781","","Kimaya Spa &amp;amp; Beauty Experience","2026-03-21","","Kalimantan Timur","",""
"1775122","","HORE GAMING SPACE BANJARBARU","2026-03-21","","Kalimantan Selatan","",""
"1771762","","Kimaya Spa &amp;amp; Beauty Enrich","2026-03-21","","KOTA SURABAYA","",""
"1769784","","Mimiti Coffee and Space","2026-03-21","","KOTA BANDUNG","",""
"1769768","","Mimiti Coffee and Space","2026-03-21","","KOTA BANDUNG","",""
"1769760","","MIMITI Coffee and Space","2026-03-21","","KOTA BANDUNG","",""
"1768848","","Sehela Space","2026-03-21","","DKI Jakarta","",""
"1768760","","The Newspaper Photobooth","2026-03-21","","DKI Jakarta","",""
"1768592","","Sparks Preschool","2026-03-21","","DKI Jakarta","",""
"1767456","","VESPA DPM RAWAMANGUN","2026-03-21","","DKI Jakarta","",""
"1767440","","Sparks Preschool","2026-03-21","","DKI Jakarta","",""
"1766632","","HartakaSpace","2026-03-21","","DKI Jakarta","",""
"1763392","","NADILA Salon &amp;amp; Spa","2026-03-21","","DI Yogyakarta","",""
"1763144","","Canie Coffee &amp;amp; Space","2026-03-21","","DI Yogyakarta","",""
"1763120","","Canie Coffee &amp;amp; Space","2026-03-21","","DI Yogyakarta","",""
"1763056","","Momoo Mom Kids &amp;amp; Baby Spa","2026-03-21","","DI Yogyakarta","",""
"1763048","","Momoo Mom Kids &amp;amp; Baby Spa","2026-03-21","","DI Yogyakarta","",""
"1762944","","Momoo Mom Kids &amp;amp; Baby Spa","2026-03-21","","DI Yogyakarta","",""
"1758488","","Kimaya Spa &amp;amp; Beauty Enrich","2026-03-21","","KOTA SURABAYA","",""
"1788347","","CLEAN SPACE","2026-03-20","","Nusa Tenggara Barat","",""
"1787712","","KOEL Bakery &middot; Cafe &middot; Coffee Space","2026-03-20","","Sulawesi Utara","",""
"1787416","","KOEL Bakery &middot; Cafe &middot; Coffee Space","2026-03-20","","Sulawesi Utara","",""
"1787024","","espoir space","2026-03-20","","Sulawesi Tengah","",""
"1786224","","UTATA SPACE","2026-03-20","","Sulawesi Selatan","",""
"1783096","","NATTA SPA","2026-03-20","","Bali","",""
"1782872","","Tropical Space Tourism Hotel","2026-03-20","","Bali","",""
"1782336","","Parina Spa","2026-03-20","","Bali","",""
"1782328","","Parina Spa","2026-03-20","","Bali","",""
"1782120","","NATTA SPA","2026-03-20","","Bali","",""
"1782112","","NATTA SPA","2026-03-20","","Bali","",""
"1782008","","NATTA SPA","2026-03-20","","Bali","",""
"1781856","","NATTA SPA","2026-03-20","","Bali","",""
"1781848","","NATTA SPA","2026-03-20","","Bali","",""
"1781784","","Arunika Beauty Salon and Spa","2026-03-20","","Bali","",""
"1781776","","Arunika Beauty Salon and Spa","2026-03-20","","Bali","",""
"1781768","","Arunika Beauty Salon and Spa","2026-03-20","","Bali","",""
"1781640","","Arunika Beauty Salon and Spa","2026-03-20","","Bali","",""
"1781624","","Arunika Beauty Salon and Spa","2026-03-20","","Bali","",""
"1781392","","LOA spa","2026-03-20","","Bali","",""
"1780688","","Parina Spa","2026-03-20","","Bali","",""
"1780680","","Parina Spa","2026-03-20","","Bali","",""
"1780672","","Parina Spa","2026-03-20","","Bali","",""
"1780544","","Parina Spa","2026-03-20","","Bali","",""
"1780536","","Parina Spa","2026-03-20","","Bali","",""
"1780424","","Parina Spa","2026-03-20","","Bali","",""
"1780416","","KOYA Spa Bali","2026-03-20","","Bali","",""
"1779952","","The Payogan Villa Resort &amp;amp; Spa Ubud","2026-03-20","","Bali","",""
"1779504","","Kin Plumier SPA","2026-03-20","","Bali","",""
"1779208","","THE VIE SPA &amp;amp; STUDIO","2026-03-20","","Bali","",""
"1779184","","THE VIE SPA &amp;amp; STUDIO","2026-03-20","","Bali","",""
"1779168","","THE VIE SPA &amp;amp; STUDIO","2026-03-20","","Bali","",""
"1779032","","THE VIE SPA &amp;amp; STUDIO","2026-03-20","","Bali","",""
"1778968","","AMO SPA &amp;amp; CAFE","2026-03-20","","Bali","",""
"1778792","","Bali Bustle Coliving and Coworking Space","2026-03-20","","Bali","",""
"1778248","","LOA spa","2026-03-20","","Bali","",""
"1778232","","SPARCO GYM","2026-03-20","","Bali","",""
"1776780","","Kimaya Spa &amp;amp; Beauty Experience","2026-03-20","","Kalimantan Timur","",""
"1775121","","HORE GAMING SPACE BANJARBARU","2026-03-20","","Kalimantan Selatan","",""
"1771761","","Kimaya Spa &amp;amp; Beauty Enrich","2026-03-20","","KOTA SURABAYA","",""
"1769783","","Mimiti Coffee and Space","2026-03-20","","KOTA BANDUNG","",""
"1769767","","Mimiti Coffee and Space","2026-03-20","","KOTA BANDUNG","",""
"1769759","","MIMITI Coffee and Space","2026-03-20","","KOTA BANDUNG","",""
"1768847","","Sehela Space","2026-03-20","","DKI Jakarta","",""
"1768759","","The Newspaper Photobooth","2026-03-20","","DKI Jakarta","",""
"1768591","","Sparks Preschool","2026-03-20","","DKI Jakarta","",""
"1767455","","VESPA DPM RAWAMANGUN","2026-03-20","","DKI Jakarta","",""
"1767439","","Sparks Preschool","2026-03-20","","DKI Jakarta","",""
"1766631","","HartakaSpace","2026-03-20","","DKI Jakarta","",""
"1763391","","NADILA Salon &amp;amp; Spa","2026-03-20","","DI Yogyakarta","",""
"1763143","","Canie Coffee &amp;amp; Space","2026-03-20","","DI Yogyakarta","",""
"1763119","","Canie Coffee &amp;amp; Space","2026-03-20","","DI Yogyakarta","",""
"1763055","","Momoo Mom Kids &amp;amp; Baby Spa","2026-03-20","","DI Yogyakarta","",""
"1763047","","Momoo Mom Kids &amp;amp; Baby Spa","2026-03-20","","DI Yogyakarta","",""
"1762943","","Momoo Mom Kids &amp;amp; Baby Spa","2026-03-20","","DI Yogyakarta","",""
"1758487","","Kimaya Spa &amp;amp; Beauty Enrich","2026-03-20","","KOTA SURABAYA","",""
"1788346","","CLEAN SPACE","2026-03-19","","Nusa Tenggara Barat","",""
"1787711","","KOEL Bakery &middot; Cafe &middot; Coffee Space","2026-03-19","","Sulawesi Utara","",""
"1787415","","KOEL Bakery &middot; Cafe &middot; Coffee Space","2026-03-19","","Sulawesi Utara","",""
"1787023","","espoir space","2026-03-19","","Sulawesi Tengah","",""
"1786223","","UTATA SPACE","2026-03-19","","Sulawesi Selatan","",""
"1783095","","NATTA SPA","2026-03-19","","Bali","",""
"1782871","","Tropical Space Tourism Hotel","2026-03-19","","Bali","",""
"1782335","","Parina Spa","2026-03-19","","Bali","",""
"1782327","","Parina Spa","2026-03-19","","Bali","",""
"1782119","","NATTA SPA","2026-03-19","","Bali","",""
"1782111","","NATTA SPA","2026-03-19","","Bali","",""
"1782007","","NATTA SPA","2026-03-19","","Bali","",""
"1781855","","NATTA SPA","2026-03-19","","Bali","",""
"1781847","","NATTA SPA","2026-03-19","","Bali","",""
"1781783","","Arunika Beauty Salon and Spa","2026-03-19","","Bali","",""
"1781775","","Arunika Beauty Salon and Spa","2026-03-19","","Bali","",""
"1781767","","Arunika Beauty Salon and Spa","2026-03-19","","Bali","",""
"1781639","","Arunika Beauty Salon and Spa","2026-03-19","","Bali","",""
"1781623","","Arunika Beauty Salon and Spa","2026-03-19","","Bali","",""
"1781391","","LOA spa","2026-03-19","","Bali","",""
"1780687","","Parina Spa","2026-03-19","","Bali","",""
"1780679","","Parina Spa","2026-03-19","","Bali","",""
"1780671","","Parina Spa","2026-03-19","","Bali","",""
"1780543","","Parina Spa","2026-03-19","","Bali","",""
"1780535","","Parina Spa","2026-03-19","","Bali","",""
"1780423","","Parina Spa","2026-03-19","","Bali","",""
"1780415","","KOYA Spa Bali","2026-03-19","","Bali","",""
"1779951","","The Payogan Villa Resort &amp;amp; Spa Ubud","2026-03-19","","Bali","",""
"1779503","","Kin Plumier SPA","2026-03-19","","Bali","",""
"1779207","","THE VIE SPA &amp;amp; STUDIO","2026-03-19","","Bali","",""
"1779183","","THE VIE SPA &amp;amp; STUDIO","2026-03-19","","Bali","",""
"1779167","","THE VIE SPA &amp;amp; STUDIO","2026-03-19","","Bali","",""
"1779031","","THE VIE SPA &amp;amp; STUDIO","2026-03-19","","Bali","",""
"1778967","","AMO SPA &amp;amp; CAFE","2026-03-19","","Bali","",""
"1778791","","Bali Bustle Coliving and Coworking Space","2026-03-19","","Bali","",""
"1778247","","LOA spa","2026-03-19","","Bali","",""
"1778231","","SPARCO GYM","2026-03-19","","Bali","",""
"1776779","","Kimaya Spa &amp;amp; Beauty Experience","2026-03-19","","Kalimantan Timur","",""
"1775120","","HORE GAMING SPACE BANJARBARU","2026-03-19","","Kalimantan Selatan","",""
"1771760","","Kimaya Spa &amp;amp; Beauty Enrich","2026-03-19","","KOTA SURABAYA","",""
"1769782","","Mimiti Coffee and Space","2026-03-19","","KOTA BANDUNG","",""
"1769766","","Mimiti Coffee and Space","2026-03-19","","KOTA BANDUNG","",""
"1769758","","MIMITI Coffee and Space","2026-03-19","","KOTA BANDUNG","",""
"1768846","","Sehela Space","2026-03-19","","DKI Jakarta","",""
"1768758","","The Newspaper Photobooth","2026-03-19","","DKI Jakarta","",""
"1768590","","Sparks Preschool","2026-03-19","","DKI Jakarta","",""
"1767454","","VESPA DPM RAWAMANGUN","2026-03-19","","DKI Jakarta","",""
"1767438","","Sparks Preschool","2026-03-19","","DKI Jakarta","",""
"1766630","","HartakaSpace","2026-03-19","","DKI Jakarta","",""
"1763390","","NADILA Salon &amp;amp; Spa","2026-03-19","","DI Yogyakarta","",""
"1763142","","Canie Coffee &amp;amp; Space","2026-03-19","","DI Yogyakarta","",""
"1763118","","Canie Coffee &amp;amp; Space","2026-03-19","","DI Yogyakarta","",""
"1763054","","Momoo Mom Kids &amp;amp; Baby Spa","2026-03-19","","DI Yogyakarta","",""
"1763046","","Momoo Mom Kids &amp;amp; Baby Spa","2026-03-19","","DI Yogyakarta","",""
"1762942","","Momoo Mom Kids &amp;amp; Baby Spa","2026-03-19","","DI Yogyakarta","",""
"1758486","","Kimaya Spa &amp;amp; Beauty Enrich","2026-03-19","","KOTA SURABAYA","",""
"1789375","Crew Studio","RAW. SPACE","2026-03-18","","KOTA SURABAYA","",""
"1789358","DEVISI KASIR &bull; DEVISI KITCHEN DEVISI WAITERS","MieSSPasuruan","2026-03-18","","KAB. PASURUAN","",""
"1789299","KITCHEN CREW / KASIR","Choky Spaghetti Yogyakarta","2026-03-18","","DI Yogyakarta","",""
"1789298","KITCHEN CREW / KASIR","Choky Spaghetti Yogyakarta","2026-03-18","","DI Yogyakarta","",""
"1789265","Front Office / Housekeeping","Tropical Space Tourism Hotel","2026-03-18","","Bali","",""
"1788345","","CLEAN SPACE","2026-03-18","","Nusa Tenggara Barat","",""
"1787710","","KOEL Bakery &middot; Cafe &middot; Coffee Space","2026-03-18","","Sulawesi Utara","",""
"1787414","","KOEL Bakery &middot; Cafe &middot; Coffee Space","2026-03-18","","Sulawesi Utara","",""
"1787022","","espoir space","2026-03-18","","Sulawesi Tengah","",""
"1786222","","UTATA SPACE","2026-03-18","","Sulawesi Selatan","",""
"1783094","","NATTA SPA","2026-03-18","","Bali","",""
"1782870","","Tropical Space Tourism Hotel","2026-03-18","","Bali","",""
"1782334","","Parina Spa","2026-03-18","","Bali","",""
"1782326","","Parina Spa","2026-03-18","","Bali","",""
"1782118","","NATTA SPA","2026-03-18","","Bali","",""
"1782110","","NATTA SPA","2026-03-18","","Bali","",""
"1782006","","NATTA SPA","2026-03-18","","Bali","",""
"1781854","","NATTA SPA","2026-03-18","","Bali","",""
"1781846","","NATTA SPA","2026-03-18","","Bali","",""
"1781782","","Arunika Beauty Salon and Spa","2026-03-18","","Bali","",""
"1781774","","Arunika Beauty Salon and Spa","2026-03-18","","Bali","",""
"1781766","","Arunika Beauty Salon and Spa","2026-03-18","","Bali","",""
"1781638","","Arunika Beauty Salon and Spa","2026-03-18","","Bali","",""
"1781622","","Arunika Beauty Salon and Spa","2026-03-18","","Bali","",""
"1781390","","LOA spa","2026-03-18","","Bali","",""
"1780686","","Parina Spa","2026-03-18","","Bali","",""
"1780678","","Parina Spa","2026-03-18","","Bali","",""
"1780670","","Parina Spa","2026-03-18","","Bali","",""
"1780542","","Parina Spa","2026-03-18","","Bali","",""
"1780534","","Parina Spa","2026-03-18","","Bali","",""
"1780422","","Parina Spa","2026-03-18","","Bali","",""
"1780414","","KOYA Spa Bali","2026-03-18","","Bali","",""
"1779950","","The Payogan Villa Resort &amp;amp; Spa Ubud","2026-03-18","","Bali","",""
"1779502","","Kin Plumier SPA","2026-03-18","","Bali","",""
"1779206","","THE VIE SPA &amp;amp; STUDIO","2026-03-18","","Bali","",""
"1779182","","THE VIE SPA &amp;amp; STUDIO","2026-03-18","","Bali","",""
"1779166","","THE VIE SPA &amp;amp; STUDIO","2026-03-18","","Bali","",""
"1779030","","THE VIE SPA &amp;amp; STUDIO","2026-03-18","","Bali","",""
"1778966","","AMO SPA &amp;amp; CAFE","2026-03-18","","Bali","",""
"1778790","","Bali Bustle Coliving and Coworking Space","2026-03-18","","Bali","",""
"1778246","","LOA spa","2026-03-18","","Bali","",""
"1778230","","SPARCO GYM","2026-03-18","","Bali","",""
"1777611","SPA THERAPIST / COOK","THE TIRTA SARI VILLAS","2026-03-18","","Bali","",""
"1777610","SPA THERAPIST / COOK","THE TIRTA SARI VILLAS","2026-03-18","","Bali","",""
"1776778","","Kimaya Spa &amp;amp; Beauty Experience","2026-03-18","","Kalimantan Timur","",""
"1775119","","HORE GAMING SPACE BANJARBARU","2026-03-18","","Kalimantan Selatan","",""
"1771759","","Kimaya Spa &amp;amp; Beauty Enrich","2026-03-18","","KOTA SURABAYA","",""
"1769781","","Mimiti Coffee and Space","2026-03-18","","KOTA BANDUNG","",""
"1769765","","Mimiti Coffee and Space","2026-03-18","","KOTA BANDUNG","",""
"1769757","","MIMITI Coffee and Space","2026-03-18","","KOTA BANDUNG","",""
"1768845","","Sehela Space","2026-03-18","","DKI Jakarta","",""
"1768757","","The Newspaper Photobooth","2026-03-18","","DKI Jakarta","",""
"1768589","","Sparks Preschool","2026-03-18","","DKI Jakarta","",""
"1767453","","VESPA DPM RAWAMANGUN","2026-03-18","","DKI Jakarta","",""
"1767437","","Sparks Preschool","2026-03-18","","DKI Jakarta","",""
"1766629","","HartakaSpace","2026-03-18","","DKI Jakarta","",""
"1763389","","NADILA Salon &amp;amp; Spa","2026-03-18","","DI Yogyakarta","",""
"1763141","","Canie Coffee &amp;amp; Space","2026-03-18","","DI Yogyakarta","",""
"1763117","","Canie Coffee &amp;amp; Space","2026-03-18","","DI Yogyakarta","",""
"1763053","","Momoo Mom Kids &amp;amp; Baby Spa","2026-03-18","","DI Yogyakarta","",""
"1763045","","Momoo Mom Kids &amp;amp; Baby Spa","2026-03-18","","DI Yogyakarta","",""
"1762941","","Momoo Mom Kids &amp;amp; Baby Spa","2026-03-18","","DI Yogyakarta","",""
"1761826","RM WAREHOUSE STAFF","Kecap Tintin","2026-03-18","","KAB. BANDUNG BARAT","",""
"1758485","","Kimaya Spa &amp;amp; Beauty Enrich","2026-03-18","","KOTA SURABAYA","",""
"1755384","BARISTA","espoir space","2026-03-17","","Sulawesi Tengah","",""
"1755206","SALESMAN SPAREPARTS OTOMOTIVE","PT. Dirgputra Ekapratama","2026-03-17","","KOTA BANDUNG","",""
"1755144","Front Office / Housekeeping","Tropical Space Tourism Hotel","2026-03-16","","KAB. GIANYAR","",""
"1755033","MANDARIN LIAISON OFFICER","BAIK","2026-03-16","","KAB. MOJOKERTO","",""
"1754939","KOORDINATOR CABANG","my anemone","2026-03-16","","KAB. KEBUMEN","",""
"1754874","Front Office / Housekeeping","Tropical Space Tourism Hotel","2026-03-16","","Bali","",""
"1754765","SALES COUNTER","Spartan Hoddies","2026-03-16","","KOTA CIMAHI","",""
"1754750","BARISTA (FULLTIME)","Yatta Connect Space","2026-03-16","","KOTA TANGERANG SELATAN","",""
"1754524","JUNIOR PHOTOGRAPHER / LIGHTING ASSISTANT","Studio Sparkle","2026-03-14","","KOTA BANJARMASIN","",""
"1754446","Therapist SPA","Parina Spa","2026-03-14","","Bali","",""
"1754445","FRONT OFFICE","Parina Spa","2026-03-14","","Bali","",""
"1754387","STAFF PAJAK","PT Inovator Digital Nusantara","2026-03-14","","KAB. CIREBON","",""
"1754340","SALESMAN SPAREPARTS OTOMOTIVE","PT. Dirgputra Ekapratama","2026-03-14","","KOTA BANDUNG","",""
"1754227","KARYAWAN TOKO","PRIMA MOTOR Service dan Sparepart Motor","2026-03-13","","KAB. TULUNGAGUNG","",""
"1754204","ADMIN PENDATAAN OUTPUT","CV. PARADE","2026-03-13","","KAB. BANTUL","",""
"1754009","Manager Operasional / Head Kitchen / Head Barista / Barista / Chef / Helper / Kasir / Waiters","Sinaria Coffee Space","2026-03-13","","KAB. PONOROGO","",""
"1753810","DISPATCHER","Indomobil Group","2026-03-12","","DI Yogyakarta","",""
"1753777","COOK / COOK HELPER","KOJA Kitchen &amp;amp; Space","2026-03-12","","KOTA DENPASAR","",""
"1753741","Spa Therapist","PT. BALI WANGITIRTA NUSANTARA","2026-03-12","","Bali","",""
"1753683","COOK / COOK HELPER","Atmospace","2026-03-12","","KOTA TANGERANG SELATAN","",""
"1753649","EXECUTIVE SOUS CHEF &ndash; INDONESIAN SPECIALTY / SPA &amp;amp; WELLNESS MANAGER / HOUSEKEEPING SUPERVISOR","The Trans Luxury Hotel Surabaya","2026-03-12","","Jawa Timur","",""
"1753559","Studio Admin (Part-time &amp;amp; Full Time)","Sehela Space","2026-03-12","","DKI Jakarta","",""
"1753534","OPERATOR PHOTOBOOTH","The Newspaper Photobooth","2026-03-12","","DKI Jakarta","",""
"1753494","Barista","talkie space","2026-03-12","","KAB. GARUT","",""
"1753367","KITCHEN HELPER, WAITRESS, BAKER, BARISTA","KOEL Bakery &middot; Cafe &middot; Coffee Space","2026-03-12","","Sulawesi Utara","",""
"1753251","Early Childhood Teacher Training Program","Sparks Preschool","2026-03-11","","DKI Jakarta","",""
"1753169","Barista / Kasir / Purchasing / Kitchen","HAKA Space","2026-03-11","","KAB. NGANJUK","",""
"1753165","Senior Barista / Maintenance Staff","UTATA SPACE","2026-03-11","","KOTA MAKASSAR","",""
"1753152","Senior Barista / Maintenance Staff","UTATA SPACE","2026-03-11","","Sulawesi Selatan","",""
"1753086","HAIR DRESSER / SALON THERAPIST","Shayn Beauty","2026-03-11","","KOTA DENPASAR","",""
"1753058","1 Orang Staff Salon Junior","Arunika Beauty Salon and Spa","2026-03-11","","Bali","",""
"1753056","1 Orang Staff Salon Junior","Arunika Beauty Salon and Spa","2026-03-11","","Bali","",""
"1753055","1 Orang Staff Salon Junior","Arunika Beauty Salon and Spa","2026-03-11","","Bali","",""
"1753034","1 Orang Staff Salon Junior","Arunika Beauty Salon and Spa","2026-03-11","","Bali","",""
"1753032","1 Orang Staff Salon Junior","Arunika Beauty Salon and Spa","2026-03-11","","Bali","",""
"1753027","Crew Outlet","Respati Ayam Goreng &amp;amp; Iga Bakar","2026-03-11","","KOTA YOGYAKARTA","",""
"1752708","ADMIN OPERASIONAL","CV. PUSAN AIR RIFLE","2026-03-10","","KAB. NGANJUK","",""
"1752542","SPA THERAPIST","LOA spa","2026-03-10","","Bali","",""
"1752421","Cost Control / F&amp;amp;B Admin / Room Boy / Genera Cashier / HRD","Sanghyang Indah Spa Resort","2026-03-10","","KAB. PANDEGLANG","",""
"1752420","Cost Control / F&amp;amp;B Admin / Room Boy / Genera Cashier / HRD","Sanghyang Indah Spa Resort","2026-03-10","","KAB. PANDEGLANG","",""
"1752251","BEAUTICIAN/SPA THERAPIST","House of Claw","2026-03-09","","Sulawesi Utara","",""
"1752013","Karyawati Toko Sparepart","Mandiri Jaya Motor","2026-03-09","","Kalimantan Selatan","",""
"1751839","ADMIN &amp;amp; MARKETING","BMR Auto Specialist Toko Sparepart &amp;amp; Bengkel Mobil","2026-03-07","","KOTA DEPOK","",""
"1751656","Customer Relationship","The Hermawan Village","2026-03-07","","KAB. NGANJUK","",""
"1751624","ADMIN KASIR","Tong Tji Group","2026-03-07","","DI Yogyakarta","",""
"1751336","LOKER !!! NILAM MEILANI BEAUTY STUDIO","NILAM MEILANI BEAUTY STUDIO","2026-03-06","","KAB. SOLOK","",""
"1751245","ADMIN RESERVASI","Airin Skinclinic","2026-03-06","","Jawa Barat","",""
"1751239","Lowongan Social Media Personal Assistant","Rumah Wangi Beauty Salon and Spa","2026-03-06","","KAB. INDRAMAYU","",""
"1751123","CUSTOMER SERVICE ONLINE","PT. JURAGAN PANGAN MANDIRI","2026-03-06","","KAB. SIDOARJO","",""
"1751117","Barista, Cashier &amp;amp; House Keeping","Mimiti Coffee and Space","2026-03-06","","KOTA BANDUNG","",""
"1751083","Head Therapist / Therapist SPA","Parina Spa","2026-03-06","","Bali","",""
"1751082","FRONT OFFICE","Parina Spa","2026-03-06","","Bali","",""
"1751081","FRONT OFFICE","Parina Spa","2026-03-06","","Bali","",""
"1751080","Head Therapist / Therapist SPA","Parina Spa","2026-03-06","","Bali","",""
"1751079","FRONT OFFICE","Parina Spa","2026-03-06","","Bali","",""
"1751055","PRAMUNIAGA","Hanan Sparepart HP Nganjuk","2026-03-06","","KAB. NGANJUK","",""
"1751005","THERAPIS SALON &amp;amp; SPA","Prima Salon &amp;amp; SPA Kendari","2026-03-06","","KAB. MUNA BARAT","",""
"1751004","THERAPIS SALON &amp;amp; SPA","Prima Salon &amp;amp; SPA Kendari","2026-03-06","","KAB. MUNA BARAT","",""
"1750881","Credit Marketing Officer","PT Transpacific Finance","2026-03-06","","KAB. BANYUWANGI","",""
"1750722","ADMIN RESERVASI","Airin Skinclinic","2026-03-05","","Jawa Barat","",""
"1750664","CLEANING SERVICE (PANGGILAN)","CLEAN SPACE","2026-03-05","","Nusa Tenggara Barat","",""
"1750663","CLEANING SERVICE (PANGGILAN)","CLEAN SPACE","2026-03-05","","Nusa Tenggara Barat","",""
"1750486","Barista, Cashier &amp;amp; House Keeping","Mimiti Coffee and Space","2026-03-05","","KOTA BANDUNG","",""
"1750483","Barista, Cashier &amp;amp; House Keeping","MIMITI Coffee and Space","2026-03-05","","KOTA BANDUNG","",""
"1750466","FRONT OFFICE","Parina Spa","2026-03-05","","Bali","",""
"1750372","Credit Marketing Officer","PT Transpacific Finance","2026-03-05","","KAB. BANYUWANGI","",""
"1750275","KITCHEN Full time","Third Space","2026-03-04","","Jawa Barat","",""
"1750261","FRONT OFFICE","NADILA Salon &amp;amp; Spa","2026-03-04","","DI Yogyakarta","",""
"1750118","SALES EXECUTIVE","VESPA DPM RAWAMANGUN","2026-03-04","","DKI Jakarta","",""
"1750027","Montir / Mekanik Motor","Solaris Motor","2026-03-04","","DKI Jakarta","",""
"1749995","Lowongan Pekerjaan","Sireng Sparepart HP","2026-03-04","","KAB. JEMBER","",""
"1749870","Admin","niconico resort","2026-03-04","","Bali","",""
"1749784","Staff Admin / Personal Assistant / Customer Service","Trillium Office &amp;amp; Residence","2026-03-03","","KOTA SURABAYA","",""
"1749473","BARISTA &amp;amp; KITCHEN","Canie Coffee &amp;amp; Space","2026-03-03","","DI Yogyakarta","",""
"1749469","BARISTA &amp;amp; KITCHEN","Canie Coffee &amp;amp; Space","2026-03-03","","DI Yogyakarta","",""
"1749403","IT SUPPORT / DUKUNGAN TI","OceanSpace","2026-03-03","","KAB. CIREBON","",""
"1749402","IT SUPPORT / DUKUNGAN TI","OceanSpace","2026-03-03","","KAB. CIREBON","",""
"1749302","Chef De Partie / Restaurant Supervisor / Day Care Staff / Day Care DW / Outlet Attendant DW / Spa Therapist DW","Mai Main Playground","2026-03-03","","Bali","",""
"1749272","Mekanik &amp;amp; Admin Sparepart","Auto Global Motor","2026-03-03","","Bali","",""
"1749270","ENGINEERING SUPERVISOR / FRONT OFFICE STAFF (MALE) / DW SPA THERAPIST","Dinara Ubud","2026-03-03","","Bali","",""
"1749264","RESERVATION / GARDENER / PUBLIC AREA ATTENDANT","The Payogan Villa Resort &amp;amp; Spa Ubud","2026-03-03","","Bali","",""
"1749253","Tele Sales Agent","Sparks Preschool","2026-03-03","","DKI Jakarta","",""
"1749053","PERAWAT / BIDAN","Momoo Mom Kids &amp;amp; Baby Spa","2026-03-02","","DI Yogyakarta","",""
"1749019","PERAWAT / BIDAN","Momoo Mom Kids &amp;amp; Baby Spa","2026-03-02","","DI Yogyakarta","",""
"1749016","PERAWAT / BIDAN","Momoo Mom Kids &amp;amp; Baby Spa","2026-03-02","","DI Yogyakarta","",""
"1748964","RUNNER PURCHASING SPAREPART","PT INDOSURYA PERKASA GEMILANG","2026-03-02","","KAB. BONDOWOSO","",""
"1748916","BARISTA","Long Stay Space","2026-03-02","","KAB. SIDOARJO","",""
"1748889","LEADER SPA / SPV, FRONT OFFICE, MARKETING","Kin Plumier SPA","2026-03-02","","Bali","",""
"1748888","HOUSE KEEPING / GARDENER / SPA THERAPIST / WAITRESS","The Tirta Sari Villas","2026-03-02","","Bali","",""
"1748883","SPA THERAPIST","KORRA","2026-03-02","","Bali","",""
"1748415","Chef De Partie / Restaurant Supervisor / Day Care Staff / Day Care DW / Outlet Attendant DW / Spa Therapist DW","Mai Main Playground","2026-02-28","","Bali","",""
"1748411","Therapist","THE VIE SPA &amp;amp; STUDIO","2026-02-28","","Bali","",""
"1748405","Therapist","THE VIE SPA &amp;amp; STUDIO","2026-02-28","","Bali","",""
"1748401","Therapist","THE VIE SPA &amp;amp; STUDIO","2026-02-28","","Bali","",""
"1748317","Therapist","THE VIE SPA &amp;amp; STUDIO","2026-02-28","","Bali","",""
"1748141","Waitress / Racker Billiard / Administrasi","HartakaSpace","2026-02-27","","DKI Jakarta","",""
"1748131","BARISTA (PART-TIME)","Yatta Connect Space","2026-02-27","","KOTA TANGERANG SELATAN","",""
"1747888","FULL TIME KITCHEN STAFF / PART TIME KITCHEN STAFF / FULL TIME BARISTA / DAILY WORKER","Sozo Coffee &amp;amp; Space","2026-02-27","","KOTA DENPASAR","",""
"1747747","Housekeeping / Front Office / Operational Supervisor","Bali Bustle Coliving and Coworking Space","2026-02-27","","Bali","",""
"1747729","PUBLIC RELATION","AMO SPA &amp;amp; CAFE","2026-02-27","","Bali","",""
"1747687","Sales","Lucy","2026-02-27","","KOTA MAKASSAR","",""
"1747636","Nail Technician","House of Urara","2026-02-26","","KAB. TANGERANG","",""
"1747515","ADMIN SALES &amp;amp; CUSTOMER SUPPORT","PT. VENAMON","2026-02-26","","KOTA CIMAHI","",""
"1747227","Kepala Sekolah / School Principal","Al Fatihah School","2026-02-26","","KAB. LAMONGAN","",""
"1747186","Staff Produksi, Staff Marketing","ECOSPARKLING","2026-02-26","","KOTA DENPASAR","",""
"1747185","Staff Produksi, Staff Marketing","ECOSPARKLING","2026-02-26","","KOTA DENPASAR","",""
"1747161","OPERATOR RENTAL PS","HORE GAMING SPACE BANJARBARU","2026-02-26","","Kalimantan Selatan","",""
"1747063","Sales Spare Part","Trio Motor","2026-02-25","","KAB. KOTAWARINGIN BARAT","",""
"1746583","SPA THERAPIST","LOA spa","2026-02-25","","Bali","",""
"1746580","FRONT OFFICE","SPARCO GYM","2026-02-25","","Bali","",""
"1746231","Staff Gudang / Packing","Toko Sparepart (Tuban)","2026-02-24","","KAB. TUBAN","",""
"1746212","Lowongan Pekerjaan / FABRIKASI LOGAM","BENGKEL BHAGASPATI KRIYA CAKRA","2026-02-24","","KAB. SIDOARJO","",""
"1745838","SPA THERAPIST","The Shala Bali","2026-02-24","","Bali","",""
"1745782","karyawan Rental PS","Horizon Space","2026-02-24","","Kalimantan Selatan","",""
"1745778","karyawan Rental PS","Horizon Space","2026-02-24","","Kalimantan Selatan","",""
"1745744","SALES","PT. Sinergi Mandiricipta Indonesia","2026-02-23","","KOTA SEMARANG","",""
"1745689","STAFF at STUDIO (ADMIN)","Dream Space","2026-02-23","","KOTA PADANG","",""
"1745637","BUSSINES OPERATIONS ASSOCIATE (BOA)","Kanma Culinary Services &amp;amp; Lifestyles","2026-02-23","","KAB. KARAWANG","",""
"1745634","Full Time Admin","Hawa Wellness Space","2026-02-23","","KAB. KARAWANG","",""
"1745601","SALES EXECUTIVE","Vespa Sinergi","2026-02-23","","DKI Jakarta","",""
"1745501","SALES ADMIN","PT. Kartika Global Indo","2026-02-23","","KAB. TASIKMALAYA","",""
"1745363","COOK / COOK HELPER","KOJA Kitchen &amp;amp; Space","2026-02-23","","KOTA DENPASAR","",""
"1745339","Barista","Atara Open Space Bar","2026-02-23","","KOTA BANJARMASIN","",""
"1745143","Front Office / Marketing Communication / Reservation (Offices - Penatih/ Payangan) / Spa Therapist / Bartender / Trainee Front Office / Trainee F&amp;amp;B Service / Trainee Housekeeping / Trainee IT","Nandini Jungle by Hanging Gardens","2026-02-23","","Bali","",""
"1744917","Account Executive","Summer Creation","2026-02-21","","Jawa Barat","",""
"1744881","ADMIN PURCHASING","Valor Private Space &amp;amp; Bar","2026-02-21","","KOTA SURABAYA","",""
"1744876","Sales Keliling","CV. DASI","2026-02-21","","KOTA SURABAYA","",""
"1744811","Pegawai Toko / Sparepart Motor","INTI Motor","2026-02-21","","KAB. PONOROGO","",""
"1744750","KARYAWAN TOKO","ALPHA SPAREPART HP","2026-02-21","","KAB. PONOROGO","",""
"1744716","GURU HOMESCHOOLING","AlFatihah","2026-02-21","","KAB. LAMONGAN","",""
"1744654","Purchasing / Maketing / Accounting / Head Chef / Executive Housekeeper / SPV Housekeeper","Sanghyang Indah Spa Resort","2026-02-21","","KAB. PANDEGLANG","",""
"1744160","BARISTA, KITCHEN CREW &amp;amp; WAITERS","Aluna Cozy Space","2026-02-20","","KAB. MOJOKERTO","",""
"1743960","KITCHEN CREW","ONE Cafe &amp;amp; Space","2026-02-20","","Bali","",""
"1743936","SPA THERAPIST","The Shala Bali","2026-02-20","","Bali","",""
"1743877","Front Office / Teknisi / Engineering / Housekeeping","Bali Bustle Coliving and Coworking Space","2026-02-20","","KAB. KUTAI KARTANEGARA","",""
"1743786","LOWONGAN KERJA","Batama Space","2026-02-19","","KAB. CIANJUR","",""
"1743656","KAPSTER/THERAPIST","NADILA SALON &amp;amp; SPA","2026-02-19","","DI Yogyakarta","",""
"1743643","Business Development / Marketing &amp;amp; Sales / Digital Marketing","Spark Health Group","2026-02-19","","DI Yogyakarta","",""
"1743550","KARYAWAN TOKO","SyaliSpace","2026-02-19","","KAB. MUNA BARAT","",""
"1743549","KARYAWAN TOKO","SyaliSpace","2026-02-19","","KAB. MUNA BARAT","",""
"1743469","Marketing Coordinator","Gosera Group","2026-02-19","","Bali","",""
"1743436","Front Office / Teknisi / Engineering / Housekeeping","Bali Bustle Coliving and Coworking Space","2026-02-19","","KAB. KUTAI KARTANEGARA","",""
"1743352","ADMIN RESERVASI / SUPERVISOR RESTO / CAPTAIN RESTO / RESTAURANT MANAGER","RM. WANGI SERUNI","2026-02-18","","Jawa Barat","",""
"1743252","Head Therapist / Therapist SPA","Parina Spa","2026-02-18","","Bali","",""
"1743064","Cleaning Service","Spafellas","2026-02-17","","DKI Jakarta","",""
"1742990","NAIL THERAPIST","Sparkling Nailart &amp;amp; Academy","2026-02-17","","KOTA SURABAYA","",""
"1742954","Kitchen &middot; Barista &amp;amp; Server","tanaTiga Coffee, Eatery &amp;amp; Space","2026-02-17","","KAB. BLITAR","",""
"1742941","Packing, Servis, Penjualan, Pengiriman, Pengrajin Spanram","Danaswari Painting","2026-02-17","","KOTA DENPASAR","",""
"1742812","Accounting Staff / Purchasing Staff / Finance Staff","HARA Chicken","2026-02-17","","DI Yogyakarta","",""
"1742766","Staff Keuangan","Aladdin Karpet","2026-02-17","","DI Yogyakarta","",""
"1742639","Villa Manager / Villa Supervisor / Purchasing &amp;amp; Receiving Staff / Senior Front Office / Front Office Staff / Housekeeping Staff / Pool Attendant &amp;amp; Garden Staff / Housekeeping DW / Spa Leader / Spa Therapist Staff / Engineering Staff / Head","Inie Vie Hospitality","2026-02-17","","Bali","",""
"1742616","Spa Coordinator","Bliss Spa Sanggingan Ubud","2026-02-17","","Bali","",""
"1742594","SPA THERAPIST","Sadai","2026-02-17","","Bali","",""
"1742458","Marketing &amp;amp; Admissions School Officer","Yayasan Wira Yodan Undekda","2026-02-17","","KAB. INDRAMAYU","",""
"1742423","Kitchen &middot; Barista &amp;amp; Server","tanaTiga Coffee, Eatery &amp;amp; Space","2026-02-17","","KAB. BLITAR","",""
"1742112","Sales Executive","Sasanti Restaurant","2026-02-16","","DI Yogyakarta","",""
"1742086","Villa Manager / Villa Supervisor / Purchasing &amp;amp; Receiving Staff / Senior Front Office / Front Office Staff / Housekeeping Staff / Pool Attendant &amp;amp; Garden Staff / Housekeeping DW / Spa Leader / Spa Therapist Staff / Engineering Staff / Head","Inie Vie Hospitality","2026-02-16","","Bali","",""
"1742074","Butler (Female) / Front Office / Accounting / Engineering / Spa Therapist","Marangga Ubud","2026-02-16","","Bali","",""
"1741993","SPA THERAPISTS","Essential Body Spa &amp;amp; Beauty Lounge","2026-02-16","","KOTA DENPASAR","",""
"1741938","Admin &amp;amp; karyawan toko sparepart mobil","dewi motor","2026-02-16","","Bengkulu","",""
"1741733","BARISTA / WAITER / COOKING / CASHIER","NT Coffee Space","2026-02-14","","KAB. PASURUAN","",""
"1741705","Therapist","Salon Spa","2026-02-14","","KOTA BANJARMASIN","",""
"1741704","Sales / SALES SPARE PART MOTOR","R91 Motor","2026-02-14","","KOTA BANJARMASIN","",""
"1741673","KARYAWAN TOKO","ALPHA SPAREPART HP","2026-02-14","","KAB. PONOROGO","",""
"1741649","Kapster / Therapist","Nadila Salon &amp;amp; Spa","2026-02-14","","DI Yogyakarta","",""
"1741555","Barista / Kasir / Purchasing / Kitchen","HAKA Space","2026-02-14","","KAB. NGANJUK","",""
"1741529","ORDER TAKER &ndash; Daily Worker","ASTAGINA RESORT VILLA &amp;amp; SPA","2026-02-14","","Bali","",""
"1741528","Front Office / Digital Marketing / Social Media Specialist / Marketing Communication / Reservation (Offices - Penatih/Payangan) / Spa Therapist / Trainee Front Office / Trainee F&amp;amp;B Service / Trainee Housekeeping / Trainee IT / Trainee Purchasing","Nandini Jungle by Hanging Gardens","2026-02-14","","Bali","",""
"1741508","NURSE / SPA THERAPIST","PT. Amrtasiddhi Pusat Ayurveda","2026-02-14","","Bali","",""
"1741488","STAFF KASIR &amp;amp; ADMINISTRASI","BonaSSA","2026-02-14","","KAB. GRESIK","",""
"1741484","STAFF KASIR &amp;amp; ADMINISTRASI","BonaSSA Moslem Wear","2026-02-14","","KAB. GRESIK","",""
"1741479","ADMIN SOCIAL MEDIA","Vespa Gunung Agung","2026-02-14","","Bali","",""
"1741320","SALESMAN","MDS","2026-02-14","","Sulawesi Utara","",""
"1741319","SALESMAN","MDS","2026-02-14","","Sulawesi Utara","",""
"1741254","Villa Manager / Villa Supervisor / Purchasing &amp;amp; Receiving Staff / Senior Front Office / Front Office Staff / Housekeeping Staff / Pool Attendant &amp;amp; Garden Staff / Housekeeping DW / Spa Leader / Spa Therapist Staff / Engineering Staff / Head","Inie Hospitality","2026-02-13","","Bali","",""
"1741252","Front Office / Digital Marketing / Social Media Specialist / Marketing Communication / Reservation (Offices - Penatih/Payangan) / Spa Therapist / Trainee Front Office / Trainee F&amp;amp;B Service / Trainee Housekeeping / Trainee IT / Trainee Purchasing","Nandini Jungle by Hanging Gardens","2026-02-13","","Bali","",""
"1741251","ORDER TAKER &ndash; Daily Worker","ASTAGINA RESORT VILLA &amp;amp; SPA","2026-02-13","","Bali","",""
"1741240","SPA THERAPIST","The Shala Bali","2026-02-13","","Bali","",""
"1741238","SPA THERAPIST","The Shala Bali","2026-02-13","","Bali","",""
"1741235","FRONT OFFICE","Parina Spa","2026-02-13","","Bali","",""
"1740992","BARISTA / cook","Brew Coffee Space","2026-02-12","","Kalimantan Selatan","",""
"1740719","Waitress","Wanahspace","2026-02-12","","Nusa Tenggara Barat","",""
"1740716","Waitress","Wanahspace","2026-02-12","","Nusa Tenggara Barat","",""
"1740392","PRAMUNIAGA","Karim Sparepart Hp &amp;amp; Acc","2026-02-12","","KAB. TULUNGAGUNG","",""
"1740283","BARISTA / cook","Brew Coffee Space","2026-02-12","","Kalimantan Selatan","",""
"1740282","BARISTA / cook","Brew Coffee Space","2026-02-12","","Kalimantan Selatan","",""
"1740213","DESAIN GRAFIS (DIGITAL &amp;amp; CETAK)","DIGIMAN","2026-02-11","","KAB. SIDOARJO","",""
"1740161","DESIGN GRAFIS","TOKO INDOCOOL SPAREPART MADIUN","2026-02-11","","KAB. PONOROGO","",""
"1739927","Barista / Kitchen","Gemati Cafe + Space","2026-02-10","","DI Yogyakarta","",""
"1739879","Full-Time Barista","Hidden Haus Space","2026-02-10","","KOTA DEPOK","",""
"1739743","Guest Service Officer","whiz luxe hotel spazio surabaya","2026-02-09","","Jawa Timur","",""
"1739727","Housekeeping","ULU Spa Canggu","2026-02-09","","Bali","",""
"1739629","KARYAWAN TOKO","ALPHA SPAREPART HP","2026-02-09","","KAB. PONOROGO","",""
"1739454","Beauty therapist","Aeri","2026-02-09","","DI Yogyakarta","",""
"1739437","Sales","Lucy","2026-02-09","","Sulawesi Selatan","",""
"1739398","BEAUTICIAN THERAPIST","Yulia Muslimah Beauty","2026-02-09","","KOTA BANJARMASIN","",""
"1739220","DESIGN GRAFIS","TOKO INDOCOOL SPAREPART MADIUN","2026-02-07","","KAB. PONOROGO","",""
"1739048","Sales","Lucy","2026-02-07","","Sulawesi Selatan","",""
"1738935","Admin Operation","Konnichiwa Group","2026-02-07","","DKI Jakarta","",""
"1738848","SPA THERAPIST","Shang Nyai Beauty Lounge","2026-02-07","","KAB. TANGERANG","",""
"1738837","WE ARE HIRING","RF PART SUBANG SPAREPART &amp;amp; ACC HP","2026-02-07","","KAB. SUBANG","",""
"1737703","","SATU ATAP SPACE","2026-02-05","","Sumatera Barat","",""
"1737699","","Arunika Beauty Salon and Spa","2026-02-05","","Bali","",""
"1737694","","Arunika Beauty Salon and Spa","2026-02-05","","Bali","",""
"1737684","","Arunika Beauty Salon and Spa","2026-02-05","","Bali","",""
"1737681","","Arunika Beauty Salon and Spa","2026-02-05","","Bali","",""
"1737676","","Arunika Beauty Salon and Spa","2026-02-05","","Bali","",""
"1737670","","Parina Spa","2026-02-05","","Bali","",""
"1737649","","Arunika Beauty Salon and Spa","2026-02-05","","Bali","",""
"1737596","","The Beach House Resort &amp;amp; Spa","2026-02-05","","Bali","",""
"1737583","","Kin Plumi&egrave;re SPA","2026-02-05","","Bali","",""
"1737582","","Kin Plumi&egrave;re SPA","2026-02-05","","Bali","",""
"1737497","","EQUIPOISE RESORT &amp;amp; SPA UBUD","2026-02-05","","Bali","",""
"1737285","","Jhagat Spa Centre","2026-02-05","","Bali","",""
"1737254","","Kin Plumi&egrave;re SPA","2026-02-05","","Bali","",""
"1737223","","Tehila coffee . eatery . space","2026-02-05","","Bali","",""
"1737201","","Oaza Spa Canggu","2026-02-05","","Bali","",""
"1736963","","Ainsley Beauty &amp;amp; SPA","2026-02-05","","Kalimantan Tengah","",""
"1736864","","ASPA SEJAHTERA PERMAI","2026-02-05","","Kalimantan Selatan","",""
"1736295","","Sparkling Nailart &amp;amp; Academy","2026-02-05","","KOTA SURABAYA","",""
"1736275","","Fabrik Gasket Sparepart Motor","2026-02-05","","KOTA SURABAYA","",""
"1735949","","Vespa Sinergi","2026-02-05","","DKI Jakarta","",""
"1735799","","MIMITI Coffee and Space","2026-02-05","","KOTA BANDUNG","",""
"1735798","","MIMITI Coffee and Space","2026-02-05","","KOTA BANDUNG","",""
"1735797","","MIMITI Coffee and Space","2026-02-05","","KOTA BANDUNG","",""
"1735605","Staff Salon","Arunika Beauty Salon and Spa","2026-02-04","","Bali","",""
"1735600","Staff Salon","Arunika Beauty Salon and Spa","2026-02-04","","Bali","",""
"1735590","Staff Salon","Arunika Beauty Salon and Spa","2026-02-04","","Bali","",""
"1735587","Staff Salon","Arunika Beauty Salon and Spa","2026-02-04","","Bali","",""
"1735582","Staff Salon","Arunika Beauty Salon and Spa","2026-02-04","","Bali","",""
"1735576","Head Therapist / Therapist SPA","Parina Spa","2026-02-04","","Bali","",""
"1735529","Staff Salon","Arunika Beauty Salon and Spa","2026-02-04","","Bali","",""
"1735148","KARYAWAN TOKO SPAREPART MOTOR","BINTANG MOTOR","2026-02-03","","KOTA SEMARANG","",""
"1735045","THERAPIST","PLAYSPA","2026-02-03","","KAB. SUKOHARJO","",""
"1735043","BARISTA","Sawahan Dine &amp;amp; Space","2026-02-03","","KAB. SUKOHARJO","",""
"1735040","Waiters","Numara Coffee &amp;amp; Space","2026-02-03","","KAB. SUKOHARJO","",""
"1734934","KEPALA BENGKEL / KOORDINATOR / ADMIN / COUNTER SALES (CS) / MARKETING EXECUTIVE (ME)","Sahabat Motor Group","2026-02-03","","KAB. SOLOK","",""
"1734933","KEPALA BENGKEL / KOORDINATOR / ADMIN / COUNTER SALES (CS) / MARKETING EXECUTIVE (ME)","Sahabat Motor Group","2026-02-03","","KAB. SOLOK","",""
"1734880","SALES FORCE","PT. Vespa Putra Sulawesi","2026-02-03","","KAB. MUNA BARAT","",""
"1734879","SALES FORCE","PT. Vespa Putra Sulawesi","2026-02-03","","KAB. MUNA BARAT","",""
"1734598","Admin Ekspansi","Lazuna Chicken","2026-02-03","","Sulawesi Selatan","",""
"1734597","Admin Ekspansi","Lazuna Chicken","2026-02-03","","Sulawesi Selatan","",""
"1734490","Admin","IRUKA","2026-02-03","","KAB. NGANJUK","",""
"1734482","Staff Akademik","G-Team Genza - Center Balikpapan","2026-02-03","","KAB. PASER","",""
"1734444","Bell Driver (DW), Engineering (DW), SPA (DW), Security (DW)","Kamaniiya","2026-02-03","","Bali","",""
"1734432","Divisi Sparepart Sepeda Motor","YAMAHA BISMA SENTRAL","2026-02-03","","Bali","",""
"1734361","Administrasi / Desain Grafis / Content Creator / Teknisi Sparepart / Teknisi Mesin / Pengantaran","iq service","2026-02-03","","Kalimantan Selatan","",""
"1734352","Karyawan bajai coffe","WARKOP ELITE COFFEE &amp;amp; EATERY","2026-02-03","","Kalimantan Selatan","",""
"1734313","OPERATIONAL MANAGER / BRANCH MANAGER / KEPALA BENGKEL / SALES MAN SPARE PART / SPV HRD / STAF ACCOUNTING / SALESMAN","PT. SASAMI RADYA MOTOR","2026-02-02","","KAB. KARANGANYAR","",""
"1734301","KEPALA BENGKEL / KOORDINATOR / ADMIN / COUNTER SALES (CS) / MARKETING EXECUTIVE (ME)","Sahabat Motor Group","2026-02-02","","KAB. SOLOK","",""
"1734118","SENIOR BEAUTICIAN","Essential Body Spa &amp;amp; Beauty Lounge","2026-02-02","","KOTA DENPASAR","",""
"1734074","CREW / ASISTEN APOTEKER","Apotek Puspa Husada","2026-02-02","","KAB. PONOROGO","",""
"1734019","Junior Barista &amp;amp; Kitchen Crew","Halven Coffee Space","2026-02-02","","KAB. MOJOKERTO","",""
"1734011","SALES EXECUTIVE","The Beach House Resort &amp;amp; Spa","2026-02-02","","Bali","",""
"1733974","HAIRSTYLIST &amp;amp; SPA THERAPIST","ENO Hair Beauty &amp;amp; Spa","2026-02-02","","KAB. NGANJUK","",""
"1733610","SALESMAN","M Group","2026-01-31","","KAB. PURWOREJO","",""
"1733597","Staff Admin Finance","Sinotif","2026-01-31","","KAB. TANGERANG","",""
"1733573","DICARI PENGANGGURAN","Metro Affiliate Space","2026-01-31","","KOTA METRO","",""
"1733535","Hairdresser / Capster","EL SALON ID","2026-01-31","","DI Yogyakarta","",""
"1733403","Bidan","Rubi Care","2026-01-31","","KOTA PADANG","",""
"1733400","Bidan","Rubi Care","2026-01-31","","KOTA PADANG","",""
"1733239","Engineering Staff / Bell Driver Staff / Room Attendant Staff / Spa Therapist Staff / Front Office DW / Pool Attendant &amp;amp; Garden DW / Linen Attendant DW / Steward DW","Equipoise Resort Ubud","2026-01-31","","Bali","",""
"1733204","CREW / ASISTEN APOTEKER","Apotek Kuspahusada","2026-01-31","","KAB. PONOROGO","",""
"1733027","SUPERVISOR (SPV)","PT. Vespa Putra Sulawesi","2026-01-31","","Sulawesi Tenggara","",""
"1733026","SUPERVISOR (SPV)","PT. Vespa Putra Sulawesi","2026-01-31","","Sulawesi Tenggara","",""
"1732928","Manager Keuangan Cabang","BMB Air-LANGGA","2026-01-30","","KAB. PACITAN","",""
"1732875","Pegawai Toko / Sparepart Motor","INTI Motor","2026-01-30","","KAB. PONOROGO","",""
"1732874","Pegawai + Supir","Inti Motor Ponorogo","2026-01-30","","KAB. PONOROGO","",""
"1732730","Barista","MIMITI Coffee and Space","2026-01-30","","KOTA BANDUNG","",""
"1732729","Barista","MIMITI Coffee and Space","2026-01-30","","KOTA BANDUNG","",""
"1732728","Barista","MIMITI Coffee and Space","2026-01-30","","KOTA BANDUNG","",""
"1732665","THERAPIST SPA","Kendedes 2 Beauty and Spa","2026-01-30","","KAB. BANYUWANGI","",""
"1732657","Barista &amp;amp; Kitchen","Atap Langit Coffee House &amp;amp; Space","2026-01-30","","KAB. BANYUWANGI","",""
"1732510","COOK / KITCHEN STAFF","Mamika Coffee and Creative Space","2026-01-30","","KOTA MATARAM","",""
"1732396","CASHIER | FULLTIME","YAMAS Space","2026-01-30","","DI Yogyakarta","",""
"1732249","Manager Keuangan Cabang","BMB Air-LANGGA","2026-01-29","","KAB. PACITAN","",""
"1732102","Business Development Staff","bless bakery","2026-01-29","","KAB. PONOROGO","",""
"1731982","Personal Assistant","POLA STUDIO","2026-01-29","","KAB. KLATEN","",""
"1731971","COOK / KITCHEN STAFF","Mamika Coffee and Creative Space","2026-01-29","","KOTA MATARAM","",""
"1731818","Admin Marketing","ASPA SEJAHTERA PERMAI","2026-01-29","","Kalimantan Selatan","",""
"1731783","Barista &amp;amp; Kitchen","Atap Langit Coffee House &amp;amp; Space","2026-01-29","","KAB. BANYUWANGI","",""
"1731730","EXECUTIVE CHEF / JUNIOR SOUS CHEF/ SOUS CHEF / ASSISTANT FOOD AND BEVERAGE MANAGER / ENGINEERING MANAGER / SPA THERAPIST / RESERVATION AGENT (CASUAL WORKER) / ENGINEERING (CASUAL WORKER)","COMO Hotels","2026-01-29","","KOTA DENPASAR","",""
"1731708","Mekanik Motor / Senior Mekanik","SAPTA JAYA MOTOR","2026-01-29","","Bali","",""
"1731693","Chief Engineering / Bell Driver Staff / Room Attendant Staff / Engineering Bamboo Specialist Staff / Spa Therapist Staff / Linen Attendant DW / Pool Attendant and Garden DW / Steward DW","EQUIPOISE RESORT &amp;amp; SPA UBUD","2026-01-29","","Bali","",""
"1731614","Business Development Staff","bl&eacute;ss bakery","2026-01-29","","Jawa Timur","",""
"1731487","BEAUTICIAN THERAPIST / (HAIR STYLIST, SPA, TREATMENT WAJAH)","Yulia Muslimah Beauty Salon &amp;amp; Spa","2026-01-29","","KOTA BANJARMASIN","",""
"1731486","Business Development","Codero","2026-01-29","","KOTA BANJARMASIN","",""
"1731448","THERAPIST","HAPPYDAY SPA","2026-01-28","","KAB. BLITAR","",""
"1731429","Staff Gudang Sparepart Otomotif Banyuwangi","null","2026-01-28","","KAB. BONDOWOSO","",""
"1731393","Business Development Staff","bless bakery","2026-01-28","","KAB. PONOROGO","",""
"1731316","Barista &amp;amp; Waiters","CT Coffee Space","2026-01-28","","Sulawesi Tengah","",""
"1731315","Barista &amp;amp; Waiters","ct9 COFFEE SPACE","2026-01-28","","Sulawesi Tengah","",""
"1731277","EXECUTIVE CHEF / JUNIOR SOUS CHEF/ SOUS CHEF / ASSISTANT FOOD AND BEVERAGE MANAGER / ENGINEERING MANAGER / SPA THERAPIST / RESERVATION AGENT (CASUAL WORKER) / ENGINEERING (CASUAL WORKER)","COMO Hotels","2026-01-28","","KOTA DENPASAR","",""
"1731216","KASIR / CSO / GRO","Cumi Cumi SPA","2026-01-28","","Bengkulu","",""
"1731210","KASIR / CSO / GRO","Cumi Cumi SPA","2026-01-28","","Bengkulu","",""
"1731143","ADMIN FINANCE","Harmany Indonesia","2026-01-28","","Bali","",""
"1730818","Barista","Tehila coffee . eatery . space","2026-01-27","","KOTA DENPASAR","",""
"1730803","Staff salon","BONITA SALON AND NAIL","2026-01-27","","KAB. GIANYAR","",""
"1730782","Kru Dapur","Story Coffee and Space","2026-01-27","","Sulawesi Barat","",""
"1730755","Executive Assistant / Spesialis Pastry / Booth Cashier","Euphoria Pastry","2026-01-27","","KOTA CIMAHI","",""
"1730664","SALON / SPA MANAGER","SOLVE&middot;SANA","2026-01-27","","Bali","",""
"1730439","Reporting Staff","Yagasu","2026-01-26","","DI Yogyakarta","",""
"1730175","Pegawai + Supir","Inti Motor Ponorogo","2026-01-26","","KAB. PONOROGO","",""
"1730104","THERAPIST BABY SPA","BIDAN BANTU","2026-01-26","","Bengkulu","",""
"1730103","THERAPIST BABY SPA","BIDAN BANTU","2026-01-26","","Bengkulu","",""
"1730094","THERAPIST BABY SPA","BIDAN BANTU","2026-01-26","","Bengkulu","",""
"1730093","THERAPIST BABY SPA","BIDAN BANTU","2026-01-26","","Bengkulu","",""
"1730091","Car Washer &amp;amp; Motorbike Washer","Neo Space","2026-01-26","","Bengkulu","",""
"1730089","Car Washer &amp;amp; Motorbike Washer","Neo Space","2026-01-26","","Bengkulu","",""
"1730075","Purchasing / Cashier / Head Kitchen / Staff Kitchen / Head Bar / Serve Barista / Runner / House Keeping","Neo Space","2026-01-26","","Bengkulu","",""
"1730074","Purchasing / Cashier / Head Kitchen / Staff Kitchen / Head Bar / Serve Barista / Runner / House Keeping","Neo Space","2026-01-26","","Bengkulu","",""
"1729972","Staff Ekspansi","Kebab Blasan","2026-01-26","","Kalimantan Selatan","",""
"1729711","SALESMAN","PT. MORODADI","2026-01-24","","KOTA SALATIGA","",""
"1729667","Nailist Wanita","Edenia Head Spa","2026-01-24","","KAB. KARANGANYAR","",""
"1729578","Packing, Servis, Penjualan, Pengiriman, Pengrajin Spanram","Danaswari Painting","2026-01-24","","Jawa Tengah","",""
"1729546","Packing, Servis, Penjualan, Pengiriman, Pengrajin Spanram","Danaswari Painting","2026-01-24","","KAB. BOYOLALI","",""
"1729422","Assistant Head Kitchen","Kakkoid Japanese BBQ &amp;amp; Shabu-Shabu","2026-01-24","","KAB. SIDOARJO","",""
"1729330","PRAMUNIAGA (KARYAWATI)","TOKO RASA JAYA MOTOR","2026-01-24","","KAB. LUMAJANG","",""
"1729238","BEAUTY THERAPIST","RNR Beauty Care","2026-01-24","","KOTA DENPASAR","",""
"1729162","Montir / Mekanik Motor","Solaris Motor","2026-01-24","","DKI Jakarta","",""
"1729007","SALESMAN","PT. MORODADI GROUP","2026-01-23","","KOTA SEMARANG","",""
"1728980","Customer Service / LOWONGAN PEKERJAAN","RCSM Spa &amp;amp; Salon Muslimah","2026-01-23","","KOTA YOGYAKARTA","",""
"1728946","KAPSTER","Jogja Traditional Treatment Salon &amp;amp; Day Spa","2026-01-23","","DI Yogyakarta","",""
"1728864","Human Capital &amp;amp; General Affair Officer","Prospect","2026-01-23","","KAB. SUKOHARJO","",""
"1728844","KARYAWAN TOKO Spareparts Mobil","Surya Motor","2026-01-23","","KAB. KARANGANYAR","",""
"1728737","SALESMAN","M Group","2026-01-23","","KAB. KUDUS","",""
"1728691","Ahli Gizi / Akuntan","Satuan Pelayanan Pemenuhan Gizi (SPPG)","2026-01-23","","KOTA TANGERANG SELATAN","",""
"1728515","Pegawai Toko Spareparts Motor","BANHIEN JAYA GEMILANG","2026-01-23","","KAB. BANGLI","",""
"1728251","Full Time Barista &amp;amp; Waitress","Win Coffee Space","2026-01-22","","KOTA PARE PARE","",""
"1728245","Accounting","HADES SPACEBAR","2026-01-22","","Sulawesi Tengah","",""
"1728232","BEAUTY CONSULTANT","Beauty Skin Care &amp;amp; Spa","2026-01-22","","KAB. MUARA ENIM","",""
"1728193","Kitchen Crew","Maine Social Space","2026-01-22","","KAB. KARANGANYAR","",""
"1728115","Freelance Marketing Support","Demansa Creative Space","2026-01-22","","Jawa Barat","",""
"1728069","Sales Executive","Vespa Sinergi","2026-01-22","","KAB. TANGERANG","",""
"1728059","Therapist","Glo Home Spa","2026-01-22","","KAB. BLITAR","",""
"1727919","cook helper / pastry / waitress","Magnolia Coffee and Space","2026-01-22","","KAB. LUMAJANG","",""
"1727887","Full-Time Barista","Hidden Haus Space","2026-01-22","","KOTA DEPOK","",""
"1727763","Cashier / House Keeping / ME (Engineering)","KARTA Hotel &amp;amp; SPA","2026-01-22","","KAB. PASER","",""
"1727726","Barista","Tehila coffee . eatery . space","2026-01-22","","Bali","",""
"1727693","Sales Executive","Vespa Sinergi","2026-01-22","","DKI Jakarta","",""
"1727316","General Admin","Invision Solusi Teknologi","2026-01-21","","Jawa Tengah","",""
"1727059","Staff Salon","DikuteKinayy Beautybar","2026-01-21","","Nusa Tenggara Barat","",""
"1727054","MANAGER","Indo med and spa","2026-01-21","","KAB. ASAHAN","",""
"1727053","MANAGER","Indo med and spa","2026-01-21","","KAB. ASAHAN","",""
"1726902","SPA THERAPIST","treatme","2026-01-21","","Bali","",""
"1726774","CUSTOMER SERVICE (CS)","LIA Depok","2026-01-21","","KOTA DEPOK","",""
"1726671","BIDAN","Ceria baby spa","2026-01-20","","Aceh","",""
"1726666","BIDAN","Ceria baby spa","2026-01-20","","Aceh","",""
"1726646","PURCHASING DAN KOKI KAPAL ISAP","PT. BUANA SUKSES ANUGERAH","2026-01-20","","KAB. KARAWANG","",""
"1726461","STAFF EKSPANSI","Kebab Blasan","2026-01-20","","KOTA BANJARMASIN","",""
"1726378","BARISTA FULL TIME","SATU ATAP SPACE","2026-01-20","","Sumatera Barat","",""
"1726261","Spa Therapist","Niko Spa","2026-01-19","","Bali","",""
"1726249","Housekeeping Attendant Outsourc / Gardener Outsourc / Spa Therapist Daily Worker","Cicada Resort Bali Ubud, Autograph Collection","2026-01-19","","Bali","",""
"1726246","Receptionist Spa","Karsa Spa","2026-01-19","","Bali","",""
"1726240","Head Therapist / Therapist SPA","Parina Spa","2026-01-19","","Bali","",""
"1725962","Import Purchasing Staff","PT Wonokoyo Jaya Corporindo","2026-01-19","","KAB. GRESIK","",""
"1725960","Import Purchasing Staff","Wonokoyo Group","2026-01-19","","KAB. GRESIK","",""
"1725952","MIS DATA","Konispar","2026-01-19","","KOTA CIMAHI","",""
"1725764","","Gora Social Space","2026-01-18","","Bali","",""
"1725747","","Kin Plumi&egrave;re SPA","2026-01-18","","Bali","",""
"1725706","","THE VIE SPA &amp;amp; STUDIO","2026-01-18","","Bali","",""
"1725696","","THE VIE SPA &amp;amp; STUDIO","2026-01-18","","Bali","",""
"1725695","","THE VIE SPA &amp;amp; STUDIO","2026-01-18","","Bali","",""
"1725653","","PT. ELORA SPA INDONESIA","2026-01-18","","Bali","",""
"1725609","","Jellybean Mom &amp;amp; Baby Spa","2026-01-18","","Bali","",""
"1725579","","Jhagat Spa Centre","2026-01-18","","Bali","",""
"1725577","","The Space Co Working Space","2026-01-18","","Bali","",""
"1725561","","Parina Spa","2026-01-18","","Bali","",""
"1725510","","BLESS BEAUTY SALON &amp;amp; SPA","2026-01-18","","Bali","",""
"1725412","","ASPA SEJAHTERA PERMAI","2026-01-18","","Kalimantan Selatan","",""
"1725411","","Spaceground Coffee and Billiard","2026-01-18","","Kalimantan Selatan","",""
"1725376","","Yulia Muslimah Beauty Salon &amp;amp; Spa","2026-01-18","","KOTA BANJARMASIN","",""
"1725142","","Beluwa Coffee Space","2026-01-18","","KAB. BANYUWANGI","",""
"1724866","","Roemah Rempah Spa Jombang","2026-01-18","","KAB. JOMBANG","",""
"1724749","","Marlina Spa","2026-01-18","","KAB. LUMAJANG","",""
"1724732","","ILMIKHO WELLNESS SPA","2026-01-18","","KAB. MAGETAN","",""
"1724684","","Calsya Beauty Salon &amp;amp; Spa","2026-01-18","","KAB. NGANJUK","",""
"1724575","","Cafsya Beauty Salon &amp;amp; Spa","2026-01-18","","KAB. NGANJUK","",""
"1724410","","FRIEDEN SPA AND REFLEXOLOGY","2026-01-18","","KAB. PONOROGO","",""
"1724263","","Spa Keluarga","2026-01-18","","KAB. SITUBONDO","",""
"1724251","","Sparkling Nailart &amp;amp; Academy","2026-01-18","","KOTA SURABAYA","",""
"1724211","","Fabrik Gasket Sparepart Motor","2026-01-18","","KOTA SURABAYA","",""
"1723833","","Baheera Spa","2026-01-18","","KOTA CIMAHI","",""
"1723785","","Baheera Spa","2026-01-18","","KOTA CIMAHI","",""
"1723342","","ALiF Sparepart &amp;amp; Aksesoris Hp","2026-01-18","","KAB. JEPARA","",""
"1723136","","Rengganis Salon &amp;amp; Dayspa","2026-01-18","","KAB. KLATEN","",""
"1723126","","Rengganis Salon &amp;amp; Dayspa","2026-01-18","","KAB. KLATEN","",""
"1723115","","Rengganis Salon &amp;amp; Dayspa","2026-01-18","","KAB. KLATEN","",""
"1723077","","VESPA KHARISMA MOTOR KUDUS","2026-01-18","","KAB. KUDUS","",""
"1722873","","Edenia Head Spa","2026-01-18","","KAB. SRAGEN","",""
"1722726","Customer Experience Supervisor","AO Group","2026-01-17","","DI Yogyakarta","",""
"1722573","FULL TIME &ndash; CONTENT CREATOR &amp;amp; SOCMED SPECIALIST","Jogja Audio School","2026-01-17","","DI Yogyakarta","",""
"1722405","","VESPA PUTRA SULAWESI","2026-01-17","","KAB. MUNA BARAT","",""
"1722404","","VESPA PUTRA SULAWESI","2026-01-17","","KAB. MUNA BARAT","",""
"1722402","","Prima Salon &amp;amp; Spa Reflexology","2026-01-17","","KAB. MUNA BARAT","",""
"1721640","","ASPA SEJAHTERA PERMAI","2026-01-17","","Kalimantan Selatan","",""
"1721589","","VESPA PUTRA SULAWESI","2026-01-17","","KAB. MUNA BARAT","",""
"1720939","","Obelix Salon &amp;amp; Spa","2026-01-17","","Kalimantan Tengah","",""
"1720612","","Green Leaf Hotel &amp;amp; Spa","2026-01-17","","Nusa Tenggara Barat","",""
"1720168","","JK SPAREPART &amp;amp; ACC HP","2026-01-17","","Bali","",""
"1720108","","ASPA SEJAHTERA PERMAI","2026-01-17","","Kalimantan Selatan","",""
"1720070","","Yulia Muslimah Beauty Salon &amp;amp; Spa","2026-01-17","","KOTA BANJARMASIN","",""
"1720057","","Spaceground Coffee and Billiard","2026-01-17","","Kalimantan Selatan","",""
"1720030","","ECOSPARKLING","2026-01-17","","KOTA DENPASAR","",""
"1719979","","BLESS BEAUTY SALON &amp;amp; SPA","2026-01-17","","Bali","",""
"1719881","","UR SPA","2026-01-17","","KAB. GIANYAR","",""
"1719587","","Obelix Salon &amp;amp; Spa","2026-01-17","","Kalimantan Tengah","",""
"1719038","","Sparkling Nailart &amp;amp; Academy","2026-01-17","","KOTA SURABAYA","",""
"1719020","","PT Transpacific Finance","2026-01-17","","KAB. BANYUWANGI","",""
"1718977","","Green Leaf Hotel &amp;amp; Spa","2026-01-17","","Nusa Tenggara Barat","",""
"1718513","","THE VIE SPA &amp;amp; STUDIO","2026-01-17","","Bali","",""
"1718484","","Tehila coffee . eatery . space","2026-01-17","","KOTA DENPASAR","",""
"1718454","","UR SPA","2026-01-17","","KAB. GIANYAR","",""
"1718182","","Nadilla Salon &amp;amp; Spa","2026-01-17","","DI Yogyakarta","",""
"1717893","","Rengganis Salon &amp;amp; Dayspa","2026-01-17","","KAB. KLATEN","",""
"1717806","","Rengganis Salon &amp;amp; Dayspa","2026-01-17","","KAB. KLATEN","",""
"1717675","","Marlina Spa","2026-01-17","","KAB. LUMAJANG","",""
"1717312","","Baheera Spa","2026-01-17","","KOTA CIMAHI","",""
"1716730","","deep spa","2026-01-17","","DKI Jakarta","",""
"1716680","","VESPA KHARISMA MOTOR KUDUS","2026-01-17","","KAB. KUDUS","",""
"1715983","","Katama Coffee &amp;amp; Space","2026-01-17","","Lampung","",""
"1715658","","deep SPA","2026-01-17","","DKI Jakarta","",""
"1715360","","TOKO SPAREPARTS","2026-01-17","","Jambi","",""
"1715165","","Toko Sparepart Mobil Kota Solok","2026-01-17","","KAB. SOLOK","",""
"1715077","","Toko Sparepart Mobil Kota Solok","2026-01-17","","KAB. SOLOK","",""
"1714438","","Svarasukma Coffee Space","2026-01-17","","KOTA BANDA ACEH","",""
"1713834","","Svarasukma Coffee Space","2026-01-17","","KOTA BANDA ACEH","",""
"1721587","","Perusahaan Bergerak dibidang Spare Part Motor dan lain lain","2026-01-16","","KAB. MUNA BARAT","",""
"1721571","","Prima Salon &amp;amp; Spa Reflexology","2026-01-16","","KAB. MUNA BARAT","",""
"1721413","","Yulia Muslimah Beauty Salon &amp;amp; Spa","2026-01-16","","KOTA BANJARMASIN","",""
"1720968","","SATUSAMA Gaming Space","2026-01-16","","Sulawesi Tengah","",""
"1720295","","@dibaliklayarspace","2026-01-16","","Kalimantan Timur","",""
"1720256","","PINK BEAUTY SPA","2026-01-16","","Kalimantan Timur","",""
"1719424","","Wuffy Space Raya","2026-01-16","","KOTA TANGERANG SELATAN","",""
"1719399","","Wuffy Space","2026-01-16","","KAB. TANGERANG","",""
"1718878","","Kirana Baby Spa","2026-01-16","","KAB. PACITAN","",""
"1718837","","Calsya Beauty Salon &amp;amp; Spa","2026-01-16","","KAB. NGANJUK","",""
"1718400","","Jaens Spa","2026-01-16","","KAB. GIANYAR","",""
"1718370","","Kin Plumi&egrave;re SPA","2026-01-16","","Bali","",""
"1718331","","Sang Spa / Eeling Group","2026-01-16","","Bali","",""
"1717986","","Wuffy Space","2026-01-16","","KAB. TANGERANG","",""
"1717698","","ALiF Sparepart &amp;amp; Aksesoris Hp","2026-01-16","","KAB. JEPARA","",""
"1717433","","Litera Coffee &amp;amp; Space","2026-01-16","","KAB. BLITAR","",""
"1716656","","Rengganis Salon &amp;amp; Dayspa","2026-01-16","","KAB. KLATEN","",""
"1716403","","deep SPA","2026-01-16","","DKI Jakarta","",""
"1715820","","Katama Coffee &amp;amp; Space","2026-01-16","","Lampung","",""
"1715817","","Katama Coffee &amp;amp; Space","2026-01-16","","Lampung","",""
"1715609","","deep spa","2026-01-16","","DKI Jakarta","",""
"1715308","","TOKO SPAREPARTS","2026-01-16","","Jambi","",""
"1715113","","Katama Coffee &amp;amp; Space","2026-01-16","","Lampung","",""
"1715081","","Katama Coffee &amp;amp; Space","2026-01-16","","Lampung","",""
"1714482","","TOKO SPAREPARTS","2026-01-16","","Jambi","",""
"1714469","","TOKO SPAREPARTS","2026-01-16","","Jambi","",""
"1713788","","Svarasukma Coffee Space","2026-01-16","","KOTA BANDA ACEH","",""
"1722362","","Perusahaan Bergerak dibidang Spare Part Motor dan lain lain","2026-01-15","","KAB. MUNA BARAT","",""
"1722029","","SATUSAMA Gaming Space","2026-01-15","","Sulawesi Tengah","",""
"1721705","","@dibaliklayarspace","2026-01-15","","Kalimantan Timur","",""
"1721667","","PINK BEAUTY SPA","2026-01-15","","Kalimantan Timur","",""
"1721527","","VESPA PUTRA SULAWESI","2026-01-15","","KAB. MUNA BARAT","",""
"1721164","","Spaceground Coffee and Billiard","2026-01-15","","Kalimantan Selatan","",""
"1720909","","Obelix Salon &amp;amp; Spa","2026-01-15","","Kalimantan Tengah","",""
"1719628","","PT. ELORA SPA INDONESIA","2026-01-15","","Bali","",""
"1719524","","Obelix Salon &amp;amp; Spa","2026-01-15","","Kalimantan Tengah","",""
"1719514","","The Space Co Working Space","2026-01-15","","Bali","",""
"1719510","","THE VIE SPA &amp;amp; STUDIO","2026-01-15","","Bali","",""
"1719489","","Bali Masari Villas &amp;amp; Spa","2026-01-15","","KOTA DENPASAR","",""
"1718771","","PT Transpacific Finance","2026-01-15","","KAB. BLITAR","",""
"1718544","","ERS SPA &amp;amp; SALON","2026-01-15","","KAB. PACITAN","",""
"1718290","","ECOSPARKLING","2026-01-15","","KOTA DENPASAR","",""
"1718277","","PT. ELORA SPA INDONESIA","2026-01-15","","Bali","",""
"1718253","","The Space Co Working Space","2026-01-15","","Bali","",""
"1718239","","Parina Spa","2026-01-15","","Bali","",""
"1718229","","Bali Masari Villas &amp;amp; Spa","2026-01-15","","KOTA DENPASAR","",""
"1717968","","Wuffy Space Raya","2026-01-15","","KOTA TANGERANG SELATAN","",""
"1717648","","ADI MOTOR CAR SPA","2026-01-15","","KAB. KENDAL","",""
"1716884","","Nadilla Salon &amp;amp; Spa","2026-01-15","","DI Yogyakarta","",""
"1716391","","Laraswara Wellness Spa","2026-01-15","","KAB. SRAGEN","",""
"1716316","","Rengganis Salon &amp;amp; Dayspa","2026-01-15","","KAB. KLATEN","",""
"1715750","","Katama Coffee &amp;amp; Space","2026-01-15","","Lampung","",""
"1715697","","Katama Coffee &amp;amp; Space","2026-01-15","","Lampung","",""
"1715227","","TOKO SPAREPARTS","2026-01-15","","Jambi","",""
"1715046","","Katama Coffee &amp;amp; Space","2026-01-15","","Lampung","",""
"1715043","","Katama Coffee &amp;amp; Space","2026-01-15","","Lampung","",""
"1714967","","Katama Coffee &amp;amp; Space","2026-01-15","","Lampung","",""
"1714345","","TOKO SPAREPARTS","2026-01-15","","Jambi","",""
"1714286","","Svarasukma Coffee Space","2026-01-15","","KOTA BANDA ACEH","",""
"1714028","","Toko Sparepart Mobil Kota Solok","2026-01-15","","KAB. SOLOK","",""
"1714026","","Toko Sparepart Mobil Kota Solok","2026-01-15","","KAB. SOLOK","",""
"1713617","Barista","Tehila coffee . eatery . space","2026-01-15","","KOTA DENPASAR","",""
"1713613","ADMINISTRATOR","UR SPA","2026-01-15","","KAB. GIANYAR","",""
"1713612","Front Office Staff / Front Office DW / Waiter / Waitres DW / Bartender DW / Housekeeping Staff / Housekeeping DW / SPA Therapist Staff / Internship / School Training HK, FO, FBS, FBP","PT Tulus Hati Retreats","2026-01-15","","KAB. GIANYAR","",""
"1713533","Mekanik Sepeda Motor / Sparepart Man / Penjaga Toko / Driver","CV Turbo Motor","2026-01-15","","KAB. JAYAPURA","",""
"1713484","NAIL THERAPIST","Sparkling Nailart &amp;amp; Academy","2026-01-15","","KOTA SURABAYA","",""
"1713443","STAFF PURCHASING","Katama Coffee &amp;amp; Space","2026-01-15","","Lampung","",""
"1713436","Therapist","Lovely Mom, Baby and Kids Spa","2026-01-15","","KAB. BLITAR","",""
"1713421","ADMIN FINANCE","Katama Coffee &amp;amp; Space","2026-01-15","","Lampung","",""
"1713417","admin staff","GIA (Kampong Inggris Aceh)","2026-01-15","","KOTA BANDA ACEH","",""
"1713214","BEAUTYCIAN THERAPIST","Yulia Muslimah Beauty Salon &amp;amp; Spa","2026-01-15","","KOTA BANJARMASIN","",""
"1713202","SALES SPARE PARTS (Heavy Equipment)","AEROCE INDONESIA","2026-01-15","","Kalimantan Timur","",""
"1713175","ADMIN HRGA","Binaga Karya Konstruksi","2026-01-15","","Kalimantan Selatan","",""
"1713153","THERAPIST","Baheera Spa","2026-01-15","","KOTA CIMAHI","",""
"1706003","","Mandalika Homespa","2026-01-15","","Sulawesi Tengah","",""
"1705957","","KEDAI VESPA PALU","2026-01-15","","Sulawesi Tengah","",""
"1705286","","Alfazza baby SPA","2026-01-15","","Sulawesi Utara","",""
"1704465","","Alindra Villas &amp;amp; Spa","2026-01-15","","KAB. KUTAI KARTANEGARA","",""
"1704452","","AINSLEY BEAUTY &amp;amp; SPA","2026-01-15","","Kalimantan Timur","",""
"1703193","","Salon dan Spa Khusus Wanita","2026-01-15","","Kalimantan Selatan","",""
"1703180","","Tiyana muslimah beauty spa &amp;amp; salon","2026-01-15","","KOTA BANJARMASIN","",""
"1703160","","Tiyana muslimah beauty spa &amp;amp; salon","2026-01-15","","KOTA BANJARMASIN","",""
"1701987","","OBELIX SALON &amp;amp; SPA","2026-01-15","","Kalimantan Tengah","",""
"1699061","","Moon Spa Sanur","2026-01-15","","KOTA DENPASAR","",""
"1697867","","District 9 Coffee &amp;amp; Space","2026-01-15","","KOTA TANGERANG SELATAN","",""
"1696629","","INGGED BEAUTY N SPA","2026-01-15","","KOTA SURABAYA","",""
"1696621","","Marlina Spa","2026-01-15","","KAB. LUMAJANG","",""
"1695461","","Denook Pregnancy Care &amp;amp; Babyspa","2026-01-15","","DI Yogyakarta","",""
"1695392","","YAMAS Space","2026-01-15","","DI Yogyakarta","",""
"1693038","","Mahalu Spa","2026-01-15","","KAB. CIANJUR","",""
"1687418","","MOZ DEO SHOE N' BAG SPA","2026-01-15","","Riau","",""
"1687417","","D'ARRABELLE BEAUTY, SALON, &amp;amp; SPA","2026-01-15","","KOTA PEKANBARU","",""
"1686902","","Vapospace","2026-01-15","","Sumatera Barat","",""
"1686837","","EIGHTEA SPACE","2026-01-15","","Sumatera Barat","",""
"1685722","","Star City Hotel &amp;amp; Spa","2026-01-15","","Sumatera Utara","",""
"1684591","","ISLAND SPAREPART","2026-01-15","","KOTA BANDA ACEH","",""
"1712949","Therapist","Rengganis Salon &amp;amp; Dayspa","2026-01-14","","KAB. KLATEN","",""
"1712918","Therapist","Rengganis Salon &amp;amp; Dayspa","2026-01-14","","KAB. KLATEN","",""
"1712892","Therapist","Rengganis Salon &amp;amp; Dayspa","2026-01-14","","KAB. KLATEN","",""
"1712817","Sales Counter / Mekanik","VESPA KHARISMA MOTOR KUDUS","2026-01-14","","KAB. KUDUS","",""
"1712788","Lowongan Kerja","TOKO SPAREPARTS","2026-01-14","","Jambi","",""
"1712711","PURCHASING DAN KOKI KAPAL ISAP","PT. BUANA SUKSES ANUGERAH","2026-01-14","","Jawa Barat","",""
"1712699","Content Creator","Jaens Spa","2026-01-14","","KAB. GIANYAR","",""
"1712669","ADMIN / SALES","Fabrik Gasket Sparepart Motor","2026-01-14","","KOTA SURABAYA","",""
"1712644","Marketing &amp;amp; Event Team / Waiters Team / Fasilitator Anak","Wuffy Space Raya","2026-01-14","","KOTA TANGERANG SELATAN","",""
"1712529","Staff Purchasing","Katama Coffee &amp;amp; Space","2026-01-14","","Lampung","",""
"1712495","TEAM SALON","Calsya Beauty Salon &amp;amp; Spa","2026-01-14","","KAB. NGANJUK","",""
"1712430","Junior Barista","Gora Social Space","2026-01-14","","Bali","",""
"1712359","KARYAWAN RENTAL PS SATUSAMA","SATUSAMA Gaming Space","2026-01-14","","Sulawesi Tengah","",""
"1705184","","JALURDUA SPACE","2026-01-14","","Sulawesi Utara","",""
"1704324","","KARTA HOTEL &amp;amp; SPA","2026-01-14","","Kalimantan Timur","",""
"1704261","","ABC MOBIL SPAREPART","2026-01-14","","Kalimantan Timur","",""
"1701950","","AYAM GEPUK Shibuya Space","2026-01-14","","Kalimantan Tengah","",""
"1700204","","Lina SPA &amp;amp; WELLNESS","2026-01-14","","Nusa Tenggara Barat","",""
"1700147","","Lina SPA &amp;amp; WELLNESS","2026-01-14","","KAB. LOMBOK BARAT","",""
"1700126","","LINA BOUTIQUE VILLAS &amp;amp; SPA","2026-01-14","","Nusa Tenggara Barat","",""
"1700122","","wan space","2026-01-14","","KAB. LOMBOK BARAT","",""
"1698968","","amorabeautyspa","2026-01-14","","Bali","",""
"1698963","","Treatme Spa","2026-01-14","","Bali","",""
"1698957","","GORA SOCIAL SPACE","2026-01-14","","Bali","",""
"1698941","","LOA SPA","2026-01-14","","Bali","",""
"1695304","","YAMA'S Space","2026-01-14","","DI Yogyakarta","",""
"1692899","","m?eda COFFEE &amp;amp; SPACE","2026-01-14","","KAB. KARAWANG","",""
"1691726","","deep SPA","2026-01-14","","DKI Jakarta","",""
"1688893","","PT TRANSPACIFIC FINANCE","2026-01-14","","Bengkulu","",""
"1688394","","Octo Wellness Hotel &amp;amp; Spa Jambi","2026-01-14","","Jambi","",""
"1684531","","Svarasukma Coffee Space","2026-01-14","","KOTA BANDA ACEH","",""
"1684501","","Svarasukma Coffee Space","2026-01-14","","KOTA BANDA ACEH","",""
"1711883","RESEPSIONIS","Roemah Rempah Spa Jombang","2026-01-13","","KAB. JOMBANG","",""
"1711880","Pelaksana / Aspel / Quality Control Aspal","TRIPLE S INDOSEDULUR CONSTRUCTION COMPANY","2026-01-13","","KAB. JOMBANG","",""
"1711849","SUPERVISOR KEPALA TOKO / KASIR / DIVISI SPAREPART","YAMAHA BISMA SENTRAL","2026-01-13","","Bali","",""
"1711821","STAFF MAKAN BERGIZI GRATIS (MBG) / ASISTEN LAPANGAN &ndash; AKUNTAN, AHLI GIZI &ndash; CHEF","Badan Gizi Nasional Republik Indonesia","2026-01-13","","KAB. GRESIK","",""
"1711793","KITCHEN","Beluwa Coffee Space","2026-01-13","","KAB. BANYUWANGI","",""
"1711771","SALES SPARE PARTS (Heavy Equipment)","AEROCE INDONESIA","2026-01-13","","KAB. PASER","",""
"1707721","","VESPA PUTRA SULAWESI","2026-01-13","","KAB. MUNA BARAT","",""
"1707690","","VESPA PUTRA SULAWESI","2026-01-13","","KAB. MUNA BARAT","",""
"1705852","","KEDAI VESPA PALU","2026-01-13","","Sulawesi Tengah","",""
"1704227","","AINSLEY Beauty &amp;amp; SPA","2026-01-13","","KAB. PASER","",""
"1704193","","LOA spa","2026-01-13","","KAB. KUTAI KARTANEGARA","",""
"1704172","","AINSLEY BEAUTY &amp;amp; SPA","2026-01-13","","Kalimantan Timur","",""
"1704159","","MADDEN SPACE &amp;amp; COFFEE","2026-01-13","","KAB. PASER","",""
"1700086","","Lina SPA &amp;amp; WELLNESS","2026-01-13","","KAB. LOMBOK BARAT","",""
"1700045","","Lina SPA &amp;amp; WELLNESS","2026-01-13","","KAB. LOMBOK BARAT","",""
"1700021","","Cquita Salon &amp;amp; Day Spa Lombok","2026-01-13","","KAB. LOMBOK BARAT","",""
"1698841","","ONE CAFE &amp;amp; SPACE","2026-01-13","","Bali","",""
"1698809","","Jaens Spa","2026-01-13","","KOTA DENPASAR","",""
"1696461","","Puspa Husada","2026-01-13","","KAB. PONOROGO","",""
"1694005","","B-Sparkle Dermatology &amp;amp; Aesthetic Clinic","2026-01-13","","KAB. KEBUMEN","",""
"1693988","","Frangipani coffee n space","2026-01-13","","KOTA SOLO","",""
"1692808","","MOONWAVE COFFEE &amp;amp; SPACE","2026-01-13","","KOTA CIMAHI","",""
"1690557","","MALEEKA Beauty Spa &amp;amp; Wellness","2026-01-13","","KAB. KARIMUN","",""
"1688867","","NAYBEAUTY SALON &amp;amp; SPA","2026-01-13","","Bengkulu","",""
"1688657","","Rumahijo Coffee &amp;amp; Space","2026-01-13","","Sumatera Selatan","",""
"1688312","","Local Space","2026-01-13","","Jambi","",""
"1686611","","D'SHFA Salon &amp;amp; Day Spa","2026-01-13","","KOTA PADANG","",""
"1684439","","Sevty Beauty SPA","2026-01-13","","KOTA BANDA ACEH","",""
"1711580","Admin Site Perumahan","PT Sekar Pamenang Group","2026-01-12","","Sulawesi Tenggara","",""
"1711578","Admin Site Perumahan","PT Sekar Pamenang Group","2026-01-12","","Sulawesi Tenggara","",""
"1711532","HAIR STYLIST, THERAPHIST SPA, NAIL ARTIST","Phie Nail Studio","2026-01-12","","Nusa Tenggara Barat","",""
"1711463","Credit Marketing Officer","PT Transpacific Finance","2026-01-12","","KAB. BLITAR","",""
"1711275","SALES SPARE PARTS (Heavy Equipment)","AEROCE INDONESIA","2026-01-12","","KAB. PASER","",""
"1711204","FRONT OFFICE / THERAPIST","THE VIE SPA &amp;amp; STUDIO","2026-01-12","","Bali","",""
"1711202","FRONT OFFICE / THERAPIST","THE VIE SPA &amp;amp; STUDIO","2026-01-12","","Bali","",""
"1711143","FRONT OFFICE / THERAPIST","THE VIE SPA &amp;amp; STUDIO","2026-01-12","","Bali","",""
"1707680","","VESPA PUTRA SULAWESI","2026-01-12","","Sulawesi Tenggara","",""
"1705782","","Mandalika Homespa","2026-01-12","","Sulawesi Tengah","",""
"1704077","","ABC MOBIL SPAREPART","2026-01-12","","KOTA BONTANG","",""
"1704075","","BJ SPAREPART","2026-01-12","","Kalimantan Timur","",""
"1702841","","Bunda Esti Baby Spa","2026-01-12","","Kalimantan Selatan","",""
"1702825","","Tiyana muslimah beauty spa &amp;amp; salon","2026-01-12","","KOTA BANJARMASIN","",""
"1702817","","MX SPAREPART","2026-01-12","","Kalimantan Selatan","",""
"1701816","","OBELIX SALON &amp;amp; SPA","2026-01-12","","Kalimantan Tengah","",""
"1701796","","Yulia MUSLIMAH BEAUTY SALON &amp;amp; SPA","2026-01-12","","Kalimantan Tengah","",""
"1700011","","LINA BOUTIQUE VILLAS &amp;amp; SPA","2026-01-12","","Nusa Tenggara Barat","",""
"1700001","","LINA BOUTIQUE VILLAS &amp;amp; SPA","2026-01-12","","Nusa Tenggara Barat","",""
"1699996","","LINA BOUTIQUE VILLAS &amp;amp; SPA","2026-01-12","","KAB. LOMBOK BARAT","",""
"1699980","","Lina SPA &amp;amp; WELLNESS","2026-01-12","","Nusa Tenggara Barat","",""
"1698801","","Parina spa","2026-01-12","","Bali","",""
"1698727","","The Seminyak Beach Resort &amp;amp; Spa","2026-01-12","","KOTA DENPASAR","",""
"1695076","","RCSM SPA &amp;amp; SALON MUSLIMAH","2026-01-12","","KOTA YOGYAKARTA","",""
"1692751","","Batamu Space","2026-01-12","","KAB. BOGOR","",""
"1692682","","Aura Family Spa","2026-01-12","","KOTA CIMAHI","",""
"1688201","","Octo Wellness Hotel &amp;amp; Spa Jambi","2026-01-12","","Jambi","",""
"1688176","","Eleu Social &amp;amp; Working Space","2026-01-12","","Jambi","",""
"1686555","","Toko Sparepart Mobil Kota Solok","2026-01-12","","KAB. SOLOK","",""
"1685339","","Star City Hotel &amp;amp; Spa","2026-01-12","","Sumatera Utara","",""
"1684349","","AYESHA BEAUTY SPA AND SKINCARE","2026-01-12","","Aceh","",""
"1705034","","JALURDUA SPACE","2026-01-11","","Sulawesi Utara","",""
"1704987","","Malam Pagi Coffee &amp;amp; Space","2026-01-11","","Sulawesi Utara","",""
"1702772","","REDLANE Coffee &amp;amp; Space","2026-01-11","","KOTA BANJARMASIN","",""
"1702764","","Laluna SALON SPA","2026-01-11","","Kalimantan Selatan","",""
"1702728","","Salon dan Spa Khusus Wanita","2026-01-11","","Kalimantan Selatan","",""
"1700903","","Gardenia Resort and Spa","2026-01-11","","KAB. KUBU RAYA","",""
"1698683","","Lash Nail and Spa Lounge Uluwatu","2026-01-11","","Bali","",""
"1698666","","LoveSpaUbud","2026-01-11","","Bali","",""
"1698613","","Parina spa","2026-01-11","","Bali","",""
"1698592","","Resting Koala SPA","2026-01-11","","Bali","",""
"1696179","","KABARBAIK SPACE AND CAFE","2026-01-11","","KAB. MALANG","",""
"1696162","","THE DJAVA SPA","2026-01-11","","KAB. BOJONEGORO","",""
"1692572","","TALANOA KOPI AND SPACE","2026-01-11","","KOTA DEPOK","",""
"1690469","","Senaira Home Spa","2026-01-11","","Kepulauan Riau","",""
"1690445","","Little Moon &amp;amp; Space","2026-01-11","","KAB. KARIMUN","",""
"1690443","","Maleeka Beauty Spa &amp;amp; Wellness","2026-01-11","","KAB. KARIMUN","",""
"1689630","","Katama Coffee &amp;amp; Space","2026-01-11","","Lampung","",""
"1688828","","Iffa Salon &amp;amp; Spa","2026-01-11","","Bengkulu","",""
"1688622","","Rumahijo Coffee &amp;amp; Space","2026-01-11","","Sumatera Selatan","",""
"1688121","","GALAXY SPAREPART HP","2026-01-11","","KAB. BUNGO","",""
"1688094","","TOKO SPAREPARTS","2026-01-11","","Jambi","",""
"1688056","","TOKO SPAREPARTS","2026-01-11","","Jambi","",""
"1686438","","Endorphins Space","2026-01-11","","Sumatera Barat","",""
"1685241","","Star City Hotel &amp;amp; Spa","2026-01-11","","KAB. LABUHANBATU","",""
"1711093","ADMIN CUCIAN","ADI MOTOR CAR SPA","2026-01-10","","KAB. KENDAL","",""
"1710867","Tutor Bahasa Jepang (Sensei)","Japanka Japanese Academy","2026-01-10","","KAB. NGANJUK","",""
"1710776","Mekanik Motor / Senior Mekanik","SAPTA JAYA MOTOR","2026-01-10","","Bali","",""
"1710724","SPA SUPERVISOR","PT. ELORA SPA INDONESIA","2026-01-10","","Bali","",""
"1705661","","Mandalika Homespa","2026-01-10","","Sulawesi Tengah","",""
"1703862","","Podiy Spa","2026-01-10","","KAB. PASER","",""
"1703828","","PINK BEAUTY SPA","2026-01-10","","Kalimantan Timur","",""
"1702695","","Bunda Esti Baby Spa","2026-01-10","","Kalimantan Selatan","",""
"1702621","","Bunda Esti Baby Spa","2026-01-10","","Kalimantan Selatan","",""
"1701655","","BabySpaPalangkaraya","2026-01-10","","Kalimantan Tengah","",""
"1700851","","JARI JEMARI Beauty Bar and Spa","2026-01-10","","Kalimantan Barat","",""
"1699747","","Lina Boutique Villas &amp;amp; Spa","2026-01-10","","Nusa Tenggara Barat","",""
"1699714","","wn space","2026-01-10","","Nusa Tenggara Barat","",""
"1699712","","Lina SPA &amp;amp; WELLNESS","2026-01-10","","Nusa Tenggara Barat","",""
"1699708","","Lina SPA &amp;amp; WELLNESS","2026-01-10","","Nusa Tenggara Barat","",""
"1698551","","Lash Nail and Spa Lounge","2026-01-10","","Bali","",""
"1698514","","Jaens Spa","2026-01-10","","KAB. GIANYAR","",""
"1698502","","LOA SPA","2026-01-10","","KAB. BADUNG","",""
"1696061","","INGED BEAUTY N SPA","2026-01-10","","KAB. SIDOARJO","",""
"1694927","","Galuh Beauty &amp;amp; Spa","2026-01-10","","DI Yogyakarta","",""
"1694876","","Bejo &amp;amp; Licia Sparepart","2026-01-10","","DI Yogyakarta","",""
"1694846","","MOX SPACE JOGJA","2026-01-10","","DI Yogyakarta","",""
"1693652","","KITA PLAY SPACE","2026-01-10","","KAB. JEPARA","",""
"1691275","","Little Loma Space","2026-01-10","","DKI Jakarta","",""
"1690414","","Little Moon &amp;amp; Space","2026-01-10","","KAB. KARIMUN","",""
"1690407","","MM BEAUTY SALON &amp;amp; SPA","2026-01-10","","KAB. KARIMUN","",""
"1688605","","PUSPASARI","2026-01-10","","Sumatera Selatan","",""
"1685203","","kalamera COFFEE SPACE","2026-01-10","","Sumatera Utara","",""
"1710635","Tutor Bahasa Jepang (Sensei)","Japanka Japanese Academy","2026-01-09","","KAB. NGANJUK","",""
"1710453","Marketing Ruko","Begawan Spaccio","2026-01-09","","KAB. MALANG","",""
"1710424","STAF CAFE","Litera Coffee &amp;amp; Space","2026-01-09","","KAB. BLITAR","",""
"1710342","TIKTOK/SHOPEE Hosts","ECOSPARKLING","2026-01-09","","KOTA DENPASAR","",""
"1710272","Mekanik Motor / Senior Mekanik","SAPTA JAYA MOTOR","2026-01-09","","Bali","",""
"1710263","BIDAN","Jellybean Mom &amp;amp; Baby Spa","2026-01-09","","Bali","",""
"1710213","Receptionist Lady / Accountant","The Space Co Working Space","2026-01-09","","Bali","",""
"1710062","","Parina Spa","2026-01-09","","Bali","",""
"1710014","","BLESS BEAUTY SALON &amp;amp; SPA","2026-01-09","","Bali","",""
"1707475","","Perusahaan Bergerak dibidang Spare Part Motor dan lain lain","2026-01-09","","KAB. MUNA BARAT","",""
"1706541","","Origi Space","2026-01-09","","KOTA PARE PARE","",""
"1705590","","SATUSAMA GAMING SPACE","2026-01-09","","Sulawesi Tengah","",""
"1704837","","OASIS JAPANESE HEAD SPA","2026-01-09","","Sulawesi Utara","",""
"1704507","","Namu Space","2026-01-09","","Kalimantan Utara","",""
"1703717","","My Baby Spa","2026-01-09","","KAB. PASER","",""
"1703713","","Ainsley Beauty &amp;amp; Spa","2026-01-09","","Kalimantan Timur","",""
"1702538","","Tiyana muslimah beauty spa &amp;amp; salon","2026-01-09","","KOTA BANJARMASIN","",""
"1700777","","Gardenia Resort and Spa","2026-01-09","","KAB. KUBU RAYA","",""
"1698460","","RESTING KOALA SPA","2026-01-09","","KOTA DENPASAR","",""
"1698434","","GORA SOCIAL SPACE","2026-01-09","","Bali","",""
"1698410","","Treatme Spa","2026-01-09","","Bali","",""
"1697217","","Wuffy Space","2026-01-09","","KAB. TANGERANG","",""
"1697207","","Soyana Salon &amp;amp; Spa","2026-01-09","","KOTA TANGERANG SELATAN","",""
"1694776","","SAMBISARI COFFEE &amp;amp; SPACE","2026-01-09","","DI Yogyakarta","",""
"1694732","","Bejo &amp;amp; Licia Sparepart &amp;amp; Aksesoris Hp","2026-01-09","","DI Yogyakarta","",""
"1693610","","Tariq Sparepart &amp;amp; Acc Hp","2026-01-09","","KAB. KUDUS","",""
"1693597","","Clarinda Spa &amp;amp; Beauty","2026-01-09","","KOTA TEGAL","",""
"1693554","","Gendhis Spa &amp;amp; Reflexology","2026-01-09","","KAB. CILACAP","",""
"1691183","","deep spa","2026-01-09","","DKI Jakarta","",""
"1691125","","Little Loma Space LEARNING CENTER","2026-01-09","","DKI Jakarta","",""
"1687924","","Octo Wellness Hotel &amp;amp; Spa Jambi","2026-01-09","","Jambi","",""
"1687844","","Octo Wellness Hotel &amp;amp; Spa Jambi","2026-01-09","","Jambi","",""
"1686269","","Mouara Coffee &amp;amp; Space","2026-01-09","","KOTA BUKITTINGGI","",""
"1686192","","Muslimah Prima Skin Care - Beauty Salon &amp;amp; Spa","2026-01-09","","KOTA PADANG","",""
"1684022","","Svarasukma Coffee Space","2026-01-09","","Aceh","",""
"1709947","Pengajar Bimbel PAUD/TK / Marketing &amp;amp; Partnership Officer","Krucil Rumah Main Anak","2026-01-08","","KAB. NGANJUK","",""
"1709840","Adminitrasi","Ageless Cosmetic Care","2026-01-08","","KAB. SIDOARJO","",""
"1709462","THERAPIST","Baheera Spa","2026-01-08","","KOTA CIMAHI","",""
"1709327","THERAPIST REFLEXY","Bunga's Family","2026-01-08","","Kalimantan Timur","",""
"1709315","THERAPIST REFLEXY","Bunga's Family","2026-01-08","","Kalimantan Timur","",""
"1709217","Head Therapist / Therapist SPA","Parina Spa","2026-01-08","","Bali","",""
"1709188","Admin Marketing","ASPA SEJAHTERA PERMAI","2026-01-08","","Kalimantan Selatan","",""
"1709186","CASHIER CLEANING SERVICE CONTENT CREATOR WAITER/WAITRESS RACKER","Spaceground Coffee and Billiard","2026-01-08","","Kalimantan Selatan","",""
"1707444","","VESPA PUTRA SULAWESI","2026-01-08","","KAB. MUNA BARAT","",""
"1706352","","Khalilah Mom &amp;amp; Baby Spa","2026-01-08","","KOTA MAKASSAR","",""
"1703687","","BJ Sparepart","2026-01-08","","KOTA BONTANG","",""
"1703623","","AINSLEY Beauty &amp;amp; SPA","2026-01-08","","Kalimantan Timur","",""
"1702432","","SPACEGROUND.ID","2026-01-08","","Kalimantan Selatan","",""
"1700716","","Tim Senaira Home Spa","2026-01-08","","Kalimantan Barat","",""
"1699529","","Moon Lombok Spa","2026-01-08","","Nusa Tenggara Barat","",""
"1699506","","Cquita Salon &amp;amp; Day Spa Lombok","2026-01-08","","Nusa Tenggara Barat","",""
"1699494","","Lina Boutique Villas &amp;amp; Spa","2026-01-08","","KAB. LOMBOK BARAT","",""
"1699470","","Cquita Salon &amp;amp; Day Spa Lombok","2026-01-08","","Nusa Tenggara Barat","",""
"1698314","","Rare Cafe and Space","2026-01-08","","KAB. GIANYAR","",""
"1697137","","W&uuml;ffy Space Raya","2026-01-08","","KAB. TANGERANG","",""
"1697070","","Sanghyang Indah Spa Resort","2026-01-08","","KOTA CILEGON","",""
"1694703","","kalamera COFFEE SPACE","2026-01-08","","DI Yogyakarta","",""
"1693483","","Puspa Beauty Lounge","2026-01-08","","KOTA SEMARANG","",""
"1692288","","Kmekaze coffee &amp;amp; listening space","2026-01-08","","Jawa Barat","",""
"1690288","","MM BEAUTY SALON &amp;amp; SPA","2026-01-08","","KAB. KARIMUN","",""
"1687114","","Salon &amp;amp; Spa Di Kampung","2026-01-08","","Riau","",""
"1686127","","Eightea Space","2026-01-08","","Sumatera Barat","",""
"1707361","","Gravity &amp;amp; Space COFFEE AND EATERY","2026-01-07","","KOTA BAU BAU","",""
"1703578","","Ainsley Beauty &amp;amp; Spa","2026-01-07","","KAB. PASER","",""
"1703503","","WEISZ GAMING SPACE","2026-01-07","","Kalimantan Timur","",""
"1702284","","Headspa by MELLANIE","2026-01-07","","KOTA BANJARMASIN","",""
"1701467","","Obelix Salon &amp;amp; Spa","2026-01-07","","Kalimantan Tengah","",""
"1699411","","Lina Spa &amp;amp; Wellness","2026-01-07","","Nusa Tenggara Barat","",""
"1699381","","LINA BOUTIQUE VILLAS &amp;amp; SPA","2026-01-07","","KAB. LOMBOK BARAT","",""
"1699359","","Cquita Salon &amp;amp; Day Spa Lombok","2026-01-07","","KAB. LOMBOK BARAT","",""
"1698162","","Sang Spa / Eeling Group","2026-01-07","","Bali","",""
"1695799","","SKINNEST (Salon &amp;amp; Spa SKINNEST)","2026-01-07","","KAB. SIDOARJO","",""
"1690268","","Senaira Home Spa","2026-01-07","","KOTA BATAM","",""
"1690251","","ESCAPE SPA GROUP","2026-01-07","","Kepulauan Riau","",""
"1690244","","Arjuna cafe &amp;amp; space","2026-01-07","","KAB. KARIMUN","",""
"1688753","","NAYBEAUTY SALON &amp;amp; SPA","2026-01-07","","Bengkulu","",""
"1688547","","Rumahijo Coffee &amp;amp; Space","2026-01-07","","Sumatera Selatan","",""
"1684919","","Star City Hotel &amp;amp; Spa","2026-01-07","","Sumatera Utara","",""
"1709089","PRAMUNIAGA","ALiF Sparepart &amp;amp; Aksesoris Hp","2026-01-06","","KAB. JEPARA","",""
"1709050","Beautician/SPA Therapist","House of Glow","2026-01-06","","Sulawesi Utara","",""
"1709049","Beautician/SPA Therapist","House of Glow","2026-01-06","","Sulawesi Utara","",""
"1708943","SERVICE / TEKNISI LAPANGAN / MARKETING / SURVEY LOKASI DEMO PRODUK","EMI Group","2026-01-06","","KAB. PROBOLINGGO","",""
"1708888","TEAM SALON","Cafsya Beauty Salon &amp;amp; Spa","2026-01-06","","KAB. NGANJUK","",""
"1708813","KASIR BENGKEL, LIVE+CONTENT CREATOR, MEKANIK, ADMIN SPAREPART, ADMIN SEPEDA","DEALER VIAR &amp;amp; SEPEDA LISTRIK TASIK","2026-01-06","","KAB. TASIKMALAYA","",""
"1708782","Spa Therapist","Marlina Spa","2026-01-06","","KAB. LUMAJANG","",""
"1708689","Kepala Opt. Mesin Bubut / Sales Spare Part Alat Berat &amp;amp; Bubut","CV MARBELOUS ANKARA PERSADA","2026-01-06","","Kalimantan Timur","",""
"1708685","Kepala Opt. Mesin Bubut / Sales Spare Part Alat Berat &amp;amp; Bubut","CV MARBELOUS ANKARA PERSADA","2026-01-06","","Kalimantan Timur","",""
"1708677","KITCHEN CREW","@dibaliklayarspace","2026-01-06","","Kalimantan Timur","",""
"1708612","Karyawati Salon &amp;amp; SPA","BLESS BEAUTY SALON &amp;amp; SPA","2026-01-06","","Bali","",""
"1706188","","Win Coffee Space","2026-01-06","","KOTA PARE PARE","",""
"1704666","","Malam Pagi Coffee &amp;amp; Space","2026-01-06","","Sulawesi Utara","",""
"1703441","","The Calma Spa","2026-01-06","","KAB. KUTAI KARTANEGARA","",""
"1703420","","Ainsley Beauty &amp;amp; SPA","2026-01-06","","KAB. PASER","",""
"1703390","","Karta Spa","2026-01-06","","Kalimantan Timur","",""
"1701387","","Ayam Gepuk Shibuya Space","2026-01-06","","Kalimantan Tengah","",""
"1701384","","Obelix Salon &amp;amp; Spa","2026-01-06","","Kalimantan Tengah","",""
"1699299","","Cquita Salon &amp;amp; Day Spa Lombok","2026-01-06","","KAB. LOMBOK BARAT","",""
"1699292","","Moon Lombok Spa","2026-01-06","","Nusa Tenggara Barat","",""
"1699287","","Moon Lombok Spa","2026-01-06","","Nusa Tenggara Barat","",""
"1699281","","LINA BOUTIQUE VILLAS &amp;amp; SPA","2026-01-06","","Nusa Tenggara Barat","",""
"1698123","","OK777 SPA","2026-01-06","","Bali","",""
"1698089","","THE SEMINYAK BEACH RESORT &amp;amp; SPA","2026-01-06","","Bali","",""
"1694487","","Ekstens Coffee &amp;amp; Space","2026-01-06","","DI Yogyakarta","",""
"1693244","","Frangipani Coffee &amp;amp; Space","2026-01-06","","KAB. KLATEN","",""
"1689036","","Katama Coffee &amp;amp; Space","2026-01-06","","Lampung","",""
"1687634","","Octo Wellness Hotel &amp;amp; Spa Jambi","2026-01-06","","KAB. BUNGO","",""
"1686995","","SALON &amp;amp; SPA DI KAMPUNG","2026-01-06","","Riau","",""
"1685887","","MARCH BEAUTY &amp;amp; SPA","2026-01-06","","KOTA PADANG","",""
"1684782","","epoch coffee &amp;amp; space","2026-01-06","","KAB. ASAHAN","",""
"1683809","","Svarasukma Coffee Space","2026-01-06","","KOTA BANDA ACEH","",""
"1683745","","Svarasukma Coffee Space","2026-01-06","","KOTA BANDA ACEH","",""
"1679169","","Ainsley Beauty &amp;amp; SPA","2026-01-06","","KAB. PASER","",""
"1677957","","OBELIX SALON &amp;amp; SPA","2026-01-06","","KOTA BANJARMASIN","",""
"1677919","","AINSLEY Beauty &amp;amp; SPA","2026-01-06","","Kalimantan Selatan","",""
"1677913","","Obelix Salon &amp;amp; Spa Cabang Pangkalanbun","2026-01-06","","Kalimantan Selatan","",""
"1677896","","Tiyana muslimah beauty spa &amp;amp; salon","2026-01-06","","KOTA BANJARMASIN","",""
"1677873","","Salon dan Spa Khusus Wanita","2026-01-06","","Kalimantan Selatan","",""
"1677851","","Bunda Esti Baby Spa","2026-01-06","","Kalimantan Selatan","",""
"1676736","","OBELIX SALON &amp;amp; SPA","2026-01-06","","Kalimantan Tengah","",""
"1675897","","Tim Senaira Home Spa","2026-01-06","","Kalimantan Barat","",""
"1674971","","Lina SPA &amp;amp; WELLNESS","2026-01-06","","Nusa Tenggara Barat","",""
"1674958","","Lina SPA &amp;amp; WELLNESS","2026-01-06","","KAB. LOMBOK BARAT","",""
"1674954","","Lina SPA &amp;amp; WELLNESS","2026-01-06","","KAB. LOMBOK BARAT","",""
"1674916","","LINA BOUTIQUE VILLAS &amp;amp; SPA","2026-01-06","","KAB. LOMBOK BARAT","",""
"1674883","","wanah space","2026-01-06","","Nusa Tenggara Barat","",""
"1673734","","Bali Masari Villas &amp;amp; Spa","2026-01-06","","KOTA DENPASAR","",""
"1673692","","Vespa Gunung Agung","2026-01-06","","Bali","",""
"1673682","","KOYA Spa Bali","2026-01-06","","Bali","",""
"1671288","","KULT COFFEE &amp;amp; SPACE","2026-01-06","","KAB. TULUNGAGUNG","",""
"1670111","","YAMA'S Space.","2026-01-06","","DI Yogyakarta","",""
"1666446","","Little Loma Space","2026-01-06","","DKI Jakarta","",""
"1663099","","RT SPAREPART","2026-01-06","","Jambi","",""
"1663077","","TOKO SPAREPARTS","2026-01-06","","Jambi","",""
"1661377","","Muslimah Prima Skin Care - Beauty Salon &amp;amp; Spa","2026-01-06","","KOTA PADANG","",""
"1659029","","Svarasukma Coffee Space","2026-01-06","","KOTA BANDA ACEH","",""
"1659011","","Svarasukma Coffee Space","2026-01-06","","KOTA BANDA ACEH","",""
"1655750","","VESPA PUTRA SULAWESI","2026-01-06","","KAB. MUNA BARAT","",""
"1655719","","VESPA PUTRA SULAWESI","2026-01-06","","KAB. MUNA BARAT","",""
"1652879","","KEDAI VESPA PALU","2026-01-06","","Sulawesi Tengah","",""
"1652859","","Mandalika Homespa","2026-01-06","","Sulawesi Tengah","",""
"1651762","","KEDAI VESPA PALU","2026-01-06","","Sulawesi Tengah","",""
"1649504","","Karta Spa","2026-01-06","","Kalimantan Timur","",""
"1649292","","ABC MOBIL SPAREPART","2026-01-06","","Kalimantan Timur","",""
"1647943","","Ainsley Beauty &amp;amp; SPA","2026-01-06","","KAB. PASER","",""
"1647702","","Salon dan Spa Khusus Wanita","2026-01-06","","Kalimantan Selatan","",""
"1647523","","OBELIX SALON &amp;amp; SPA","2026-01-06","","KOTA BANJARMASIN","",""
"1647519","","Tiyana muslimah beauty spa &amp;amp; salon","2026-01-06","","KOTA BANJARMASIN","",""
"1647376","","AINSLEY Beauty &amp;amp; SPA","2026-01-06","","Kalimantan Selatan","",""
"1643505","","I.O Service &amp;amp; Sparepart","2026-01-06","","Kalimantan Tengah","",""
"1643450","","Gardenia Resort and Spa","2026-01-06","","KAB. KUBU RAYA","",""
"1641634","","Cquita Salon &amp;amp; Day Spa Lombok","2026-01-06","","KAB. LOMBOK BARAT","",""
"1641633","","LINA BOUTIQUE VILLAS &amp;amp; SPA","2026-01-06","","Nusa Tenggara Barat","",""
"1641405","","Lina SPA &amp;amp; WELLNESS","2026-01-06","","Nusa Tenggara Barat","",""
"1641391","","Lina Boutique Villas &amp;amp; Spa","2026-01-06","","Nusa Tenggara Barat","",""
"1641369","","Lina Spa &amp;amp; Wellness","2026-01-06","","Nusa Tenggara Barat","",""
"1639614","","un space","2026-01-06","","Nusa Tenggara Barat","",""
"1639613","","Lina SPA &amp;amp; WELLNESS","2026-01-06","","Nusa Tenggara Barat","",""
"1639545","","Lina Boutique Villas &amp;amp; Spa","2026-01-06","","KAB. LOMBOK BARAT","",""
"1639253","","Solace Day Spa","2026-01-06","","Bali","",""
"1639230","","Kapulaga Spa","2026-01-06","","Bali","",""
"1638910","","Jaens Spa","2026-01-06","","KOTA DENPASAR","",""
"1637864","","Puri Gangga Resort &amp;amp; Spa","2026-01-06","","KOTA DENPASAR","",""
"1637836","","MONTEBELLO WELLNESS &amp;amp; SPA","2026-01-06","","Bali","",""
"1637825","","GORA SOCIAL SPACE","2026-01-06","","Bali","",""
"1637790","","Jungle Spa","2026-01-06","","KAB. GIANYAR","",""
"1636018","","W&uuml;ffy Space Raya","2026-01-06","","KAB. TANGERANG","",""
"1635911","","Soyana Salon &amp;amp; Spa","2026-01-06","","KOTA TANGERANG SELATAN","",""
"1635775","","Wuffy Space","2026-01-06","","KAB. TANGERANG","",""
"1633170","","Kult Coffee &amp;amp; Space","2026-01-06","","KAB. NGANJUK","",""
"1630554","","ROMANCE Hotel &amp;amp; Spa","2026-01-06","","DI Yogyakarta","",""
"1628762","","AYU WATER SPA &amp;amp; WELLNESS MANAGEMENT","2026-01-06","","KOTA SOLO","",""
"1628753","","BEEDAN BABY AND MOM SPA","2026-01-06","","KAB. WONOGIRI","",""
"1628708","","LARASWARA WELLNESS SPA","2026-01-06","","KAB. KARANGANYAR","",""
"1628681","","KITA PLAY SPACE","2026-01-06","","KAB. JEPARA","",""
"1628670","","AYU WATER SPA &amp;amp; WELLNESS MANAGEMENT","2026-01-06","","KOTA SOLO","",""
"1626329","","TALANOA KOPI AND SPACE","2026-01-06","","Jawa Barat","",""
"1626297","","Kmekaze coffee &amp;amp; listening space","2026-01-06","","Jawa Barat","",""
"1626263","","Loma Eatery &amp;amp; Social Space","2026-01-06","","KOTA BANJAR","",""
"1625733","","KANGEN KOPI &amp;amp; SPACE","2026-01-06","","KAB. CIREBON","",""
"1624076","","Little Loma Space","2026-01-06","","DKI Jakarta","",""
"1621646","","MALEEKA Beauty Spa &amp;amp; Wellness","2026-01-06","","KAB. KARIMUN","",""
"1620180","","Katama Coffee &amp;amp; Space","2026-01-06","","KOTA BANDAR LAMPUNG","",""
"1617728","","Rumahijo Coffee &amp;amp; Space","2026-01-06","","Sumatera Selatan","",""
"1617288","","Rumahijo Coffee &amp;amp; Space","2026-01-06","","Sumatera Selatan","",""
"1616505","","Octo Wellness Hotel &amp;amp; Spa","2026-01-06","","Jambi","",""
"1616410","","TOKO SPAREPARTS","2026-01-06","","Jambi","",""
"1614240","","Adipka Baby Spa &amp;amp; Wellness","2026-01-06","","KAB. SOLOK","",""
"1611703","","kalamera COFFEE SPACE","2026-01-06","","Sumatera Utara","",""
"1611149","","Star City Hotel &amp;amp; Spa","2026-01-06","","KAB. LABUHANBATU","",""
"1609068","","AYESHA BEAUTY SPA AND SKINCARE","2026-01-06","","Aceh","",""
"1608949","","Svarasukma Coffee Space","2026-01-06","","KOTA BANDA ACEH","",""
"1608790","","Sevty Beauty SPA","2026-01-06","","KOTA BANDA ACEH","",""
"1608762","","Svarasukma Coffee Space","2026-01-06","","KOTA BANDA ACEH","",""
"1707241","","Lait Coffee &amp;amp; Space","2026-01-05","","KAB. MUNA BARAT","",""
"1706124","","Utata Space","2026-01-05","","Sulawesi Selatan","",""
"1706038","","Utata Space","2026-01-05","","Sulawesi Selatan","",""
"1703321","","Ainsiey Beauty &amp;amp; SPA","2026-01-05","","KOTA BALIKPAPAN","",""
"1703302","","AINSLEY Beauty &amp;amp; Spa","2026-01-05","","KAB. PASER","",""
"1703275","","AINSLEY Beauty &amp;amp; SPA","2026-01-05","","Kalimantan Timur","",""
"1702092","","Ainsiey Beauty &amp;amp; SPA","2026-01-05","","KOTA BANJARMASIN","",""
"1699226","","LINA BOUTIQUE VILLAS &amp;amp; SPA","2026-01-05","","KAB. LOMBOK BARAT","",""
"1699224","","Lina SPA &amp;amp; WELLNESS","2026-01-05","","Nusa Tenggara Barat","",""
"1699175","","wan space","2026-01-05","","KAB. LOMBOK BARAT","",""
"1698003","","LOA spa","2026-01-05","","Bali","",""
"1697988","","Karsa Spa","2026-01-05","","Bali","",""
"1696787","","Wuffy Space Raya","2026-01-05","","KOTA TANGERANG SELATAN","",""
"1694297","","DUA SiSi Guest House, Eatery &amp;amp; Space","2026-01-05","","DI Yogyakarta","",""
"1690163","","Senaira Home Spa","2026-01-05","","KOTA BATAM","",""
"1690141","","MM BEAUTY SALON &amp;amp; SPA","2026-01-05","","KAB. KARIMUN","",""
"1687508","","RT SPAREPART","2026-01-05","","Jambi","",""
"1687465","","Octo Wellness Hotel &amp;amp; Spa","2026-01-05","","Jambi","",""
"1685794","","Adipka Baby Spa &amp;amp; Wellness","2026-01-05","","KAB. SOLOK","",""
"1683707","","Svarasukma Coffee Space","2026-01-05","","KOTA BANDA ACEH","",""
"1683667","","Svarasukma Coffee Space","2026-01-05","","KOTA BANDA ACEH","",""
"1680717","","SATUSAMA GAMING SPACE","2026-01-05","","Sulawesi Tengah","",""
"1679960","","JALURDUA SPACE","2026-01-05","","Sulawesi Utara","",""
"1679001","","AINSLEY Beauty &amp;amp; Spa","2026-01-05","","KAB. PASER","",""
"1678967","","ABC MOBIL SPAREPART","2026-01-05","","KOTA BONTANG","",""
"1677792","","Bunda Esti Baby Spa","2026-01-05","","Kalimantan Selatan","",""
"1674867","","Cquita Salon &amp;amp; Day Spa Lombok","2026-01-05","","Nusa Tenggara Barat","",""
"1674800","","Lina SPA &amp;amp; WELLNESS","2026-01-05","","KAB. LOMBOK BARAT","",""
"1674791","","Lina SPA &amp;amp; WELLNESS","2026-01-05","","Nusa Tenggara Barat","",""
"1673596","","MIER nails space","2026-01-05","","Bali","",""
"1669997","","ROMANCE Hotel &amp;amp; Spa / DYNASTY Hotel &amp;amp; Spa","2026-01-05","","DI Yogyakarta","",""
"1663502","","NAYBEAUTY SALON &amp;amp; SPA","2026-01-05","","Bengkulu","",""
"1662926","","Octo Wellness Hotel &amp;amp; Spa","2026-01-05","","Jambi","",""
"1658908","","Svarasukma Coffee Space","2026-01-05","","Aceh","",""
"1656390","","Perusahaan Bergerak dibidang Spare Part Motor dan lain lain","2026-01-05","","KAB. MUNA BARAT","",""
"1656352","","VESPA PUTRA SULAWESI","2026-01-05","","KAB. MUNA BARAT","",""
"1655670","","VESPA PUTRA SULAWESI","2026-01-05","","KAB. MUNA BARAT","",""
"1655650","","Gravity &amp;amp; Space COFFEE AND EATERY","2026-01-05","","KOTA BAU BAU","",""
"1654332","","SUNHEY SPACE","2026-01-05","","KOTA PARE PARE","",""
"1651298","","Malam Pagi Coffee &amp;amp; Space","2026-01-05","","Sulawesi Utara","",""
"1649195","","ABC MOBIL SPAREPART","2026-01-05","","KOTA BONTANG","",""
"1649147","","AINSLEY BEAUTY &amp;amp; SPA","2026-01-05","","Kalimantan Timur","",""
"1647815","","Kayumanis Nusa Dua Private Villa &amp;amp; Spa","2026-01-05","","KAB. KUTAI KARTANEGARA","",""
"1647061","","NDH Beauty &amp;amp; Spa","2026-01-05","","KOTA BANJARMASIN","",""
"1647056","","Obelix Salon &amp;amp; Spa Cabang Pangkalanbun","2026-01-05","","Kalimantan Selatan","",""
"1645710","","Bunda Esti Baby Spa","2026-01-05","","Kalimantan Selatan","",""
"1645083","","BabySpaPalangkaraya","2026-01-05","","Kalimantan Tengah","",""
"1645004","","Obelix Salon &amp;amp; Spa","2026-01-05","","Kalimantan Tengah","",""
"1643288","","Ayam Gepuk Shibuya Space","2026-01-05","","Kalimantan Tengah","",""
"1641353","","wn space","2026-01-05","","Nusa Tenggara Barat","",""
"1641321","","Lina SPA &amp;amp; WELLNESS","2026-01-05","","Nusa Tenggara Barat","",""
"1641241","","Moon Lombok Spa","2026-01-05","","Nusa Tenggara Barat","",""
"1639500","","wan space","2026-01-05","","KAB. LOMBOK BARAT","",""
"1639491","","Lina SPA &amp;amp; WELLNESS","2026-01-05","","KAB. LOMBOK BARAT","",""
"1639472","","GREEN LEAF HOTEL &amp;amp; SPA","2026-01-05","","Nusa Tenggara Barat","",""
"1639451","","The Chandi Boutique Resort &amp;amp; Spa","2026-01-05","","Nusa Tenggara Barat","",""
"1638877","","MIER nails space","2026-01-05","","Bali","",""
"1638866","","AMATI Spa Wellness Center","2026-01-05","","KAB. GIANYAR","",""
"1638728","","Puri Gangga Resort &amp;amp; Spa","2026-01-05","","KOTA DENPASAR","",""
"1638619","","Lash Nail and Spa Lounge Uluwatu","2026-01-05","","Bali","",""
"1638603","","Treatme Spa","2026-01-05","","Bali","",""
"1637737","","Cocoon Medical Spa","2026-01-05","","Bali","",""
"1637711","","Jaens Spa","2026-01-05","","Bali","",""
"1635570","","Wuffy Space Raya","2026-01-05","","KOTA TANGERANG SELATAN","",""
"1633607","","SIRENG SPAREPART HP","2026-01-05","","KAB. PASURUAN","",""
"1632951","","Fine Coworking Space","2026-01-05","","KAB. GRESIK","",""
"1630521","","Bejo &amp;amp; Licia Sparepart &amp;amp; Aksesoris Hp","2026-01-05","","DI Yogyakarta","",""
"1630408","","bunda umar MUSLIMAH DAILY SALON &amp;amp; SPA","2026-01-05","","DI Yogyakarta","",""
"1621477","","Senaira Home Spa","2026-01-05","","KOTA BATAM","",""
"1621245","","Arjuna cafe &amp;amp; space","2026-01-05","","KAB. KARIMUN","",""
"1618014","","NAYBEAUTY SALON &amp;amp; SPA","2026-01-05","","Bengkulu","",""
"1617158","","Octo Wellness Hotel &amp;amp; Spa Jambi","2026-01-05","","Jambi","",""
"1617062","","Octo Wellness Hotel &amp;amp; Spa Jambi","2026-01-05","","KAB. BUNGO","",""
"1616325","","Octo Wellness Hotel &amp;amp; Spa Jambi","2026-01-05","","Jambi","",""
"1616287","","Local Space","2026-01-05","","Jambi","",""
"1613961","","MARCH BEAUTY &amp;amp; SPA","2026-01-05","","KOTA PADANG","",""
"1612837","","Mouara Coffee &amp;amp; Space","2026-01-05","","KOTA BUKITTINGGI","",""
"1608861","","Svarasukma Coffee Space","2026-01-05","","Aceh","",""
"1608799","","ISLAND SPAREPART","2026-01-05","","KOTA BANDA ACEH","",""
"1608581","","Svarasukma Coffee Space","2026-01-05","","KOTA BANDA ACEH","",""
"1679860","","Alfazza baby SPA","2026-01-04","","Sulawesi Utara","",""
"1678928","","Ainsley Beauty &amp;amp; Spa","2026-01-04","","Kalimantan Timur","",""
"1678842","","Karta Spa","2026-01-04","","Kalimantan Timur","",""
"1677662","","Salon dan Spa Khusus Wanita","2026-01-04","","Kalimantan Selatan","",""
"1676592","","OBELIX SALON &amp;amp; SPA","2026-01-04","","Kalimantan Tengah","",""
"1676586","","Yulia MUSLIMAH BEAUTY SALON &amp;amp; SPA","2026-01-04","","Kalimantan Tengah","",""
"1676557","","AYAM GEPUK Shibuya Space","2026-01-04","","Kalimantan Tengah","",""
"1676539","","BabySpaPalangkaraya","2026-01-04","","Kalimantan Tengah","",""
"1676528","","Obelix Salon &amp;amp; Spa","2026-01-04","","Kalimantan Tengah","",""
"1674737","","wan space","2026-01-04","","KAB. LOMBOK BARAT","",""
"1674718","","Lina SPA &amp;amp; WELLNESS","2026-01-04","","Nusa Tenggara Barat","",""
"1674686","","Moon Lombok Spa","2026-01-04","","Nusa Tenggara Barat","",""
"1673494","","SenS Hotel &amp;amp; Spa Ubud","2026-01-04","","Bali","",""
"1673479","","Paw Space Bali","2026-01-04","","KOTA DENPASAR","",""
"1673462","","Parina spa","2026-01-04","","Bali","",""
"1673454","","amorabeautyspa","2026-01-04","","Bali","",""
"1671045","","ROEMAH REMPAH SPA","2026-01-04","","KAB. JOMBANG","",""
"1669848","","River Garden &amp;amp; Space","2026-01-04","","KOTA YOGYAKARTA","",""
"1669834","","Rajaklana Resort - Villa - Spa","2026-01-04","","DI Yogyakarta","",""
"1669827","","Momoo Mom Kids and Baby Spa","2026-01-04","","KAB. GUNUNG KIDUL","",""
"1668632","","YEOBO SPACE","2026-01-04","","KAB. KLATEN","",""
"1666224","","Little Loma Space","2026-01-04","","DKI Jakarta","",""
"1663484","","Iffa Salon &amp;amp; Spa","2026-01-04","","Bengkulu","",""
"1663280","","PUSPASARI","2026-01-04","","Sumatera Selatan","",""
"1662844","","GALAXY SPAREPART HP","2026-01-04","","KAB. BUNGO","",""
"1659958","","ASPACINDO KEDATON MOTOR","2026-01-04","","Sumatera Utara","",""
"1659952","","kalamera COFFEE SPACE","2026-01-04","","Sumatera Utara","",""
"1658790","","Svarasukma Coffee Space","2026-01-04","","KOTA BANDA ACEH","",""
"1656234","","VESPA PUTRA SULAWESI","2026-01-04","","KAB. MUNA BARAT","",""
"1656233","","VESPA PUTRA SULAWESI","2026-01-04","","KAB. MUNA BARAT","",""
"1653955","","Utata Space","2026-01-04","","Sulawesi Selatan","",""
"1651629","","Mandalika Homespa","2026-01-04","","Sulawesi Tengah","",""
"1651253","","Alfazza baby SPA","2026-01-04","","Sulawesi Utara","",""
"1649036","","PINK BEAUTY SPA","2026-01-04","","Kalimantan Timur","",""
"1649019","","Kaia Coffee &amp;amp; Space","2026-01-04","","KAB. PASER","",""
"1647764","","AINSLEY Beauty &amp;amp; SPA","2026-01-04","","Kalimantan Timur","",""
"1647757","","KARTA HOTEL &amp;amp; SPA","2026-01-04","","Kalimantan Timur","",""
"1647699","","Karta Spa","2026-01-04","","Kalimantan Timur","",""
"1647647","","Sagita Puspa Prima Abadi","2026-01-04","","KAB. PASER","",""
"1646964","","Ainsiey Beauty &amp;amp; SPA","2026-01-04","","KOTA BANJARMASIN","",""
"1645341","","Brew Coffee Space","2026-01-04","","Kalimantan Selatan","",""
"1645297","","MARWANGI DAY SPA","2026-01-04","","KOTA BANJARMASIN","",""
"1644937","","Obelix Salon &amp;amp; Spa","2026-01-04","","Kalimantan Tengah","",""
"1644922","","OBELIX SALON &amp;amp; SPA","2026-01-04","","Kalimantan Tengah","",""
"1643180","","Obelix Salon &amp;amp; Spa","2026-01-04","","Kalimantan Tengah","",""
"1641158","","Lina Boutique Villas &amp;amp; Spa","2026-01-04","","Nusa Tenggara Barat","",""
"1641153","","Lina SPA &amp;amp; WELLNESS","2026-01-04","","Nusa Tenggara Barat","",""
"1641071","","Wn space","2026-01-04","","KAB. LOMBOK BARAT","",""
"1639414","","Lina SPA &amp;amp; WELLNESS","2026-01-04","","Nusa Tenggara Barat","",""
"1639411","","MAMIKA Coffee and Creative Space","2026-01-04","","Nusa Tenggara Barat","",""
"1639405","","Moon Lombok Spa","2026-01-04","","Nusa Tenggara Barat","",""
"1639373","","Lina Spa &amp;amp; Wellness","2026-01-04","","Nusa Tenggara Barat","",""
"1639331","","Lina SPA &amp;amp; Wellness","2026-01-04","","Nusa Tenggara Barat","",""
"1638460","","GORA SOCIAL SPACE","2026-01-04","","Bali","",""
"1638406","","Parina Spa","2026-01-04","","Bali","",""
"1637533","","Jaens Spa","2026-01-04","","KAB. GIANYAR","",""
"1637513","","Setter Coworking Space","2026-01-04","","Bali","",""
"1637482","","Lolita Bali SPANISH BAR","2026-01-04","","Bali","",""
"1632875","","Rumah Baby Spa Baby Kids &amp;amp; Mom SPA","2026-01-04","","KAB. BLITAR","",""
"1630951","","Rajaklana Resort - Villa - Spa","2026-01-04","","DI Yogyakarta","",""
"1628265","","Puspa Beauty Lounge","2026-01-04","","KOTA SEMARANG","",""
"1628232","","BEEDAN BABY AND MOM SPA","2026-01-04","","KAB. WONOGIRI","",""
"1626078","","KARA FAMILY SPA &amp;amp; REFLEXOLOGY","2026-01-04","","KAB. BANDUNG BARAT","",""
"1623650","","deep spa","2026-01-04","","DKI Jakarta","",""
"1617636","","Rumahijo Coffee &amp;amp; Space","2026-01-04","","Sumatera Selatan","",""
"1617046","","Octo Wellness Hotel &amp;amp; Spa","2026-01-04","","Jambi","",""
"1614112","","D'ARRABELLE BEAUTY, SALON, &amp;amp; SPA","2026-01-04","","KOTA PEKANBARU","",""
"1614109","","Salon &amp;amp; Spa Di Kampung","2026-01-04","","Riau","",""
"1613635","","PT Transpacific Finance","2026-01-04","","Sumatera Barat","",""
"1613609","","EIGHTEA SPACE","2026-01-04","","Sumatera Barat","",""
"1612788","","Eightea Space","2026-01-04","","Sumatera Barat","",""
"1611132","","Star City Hotel &amp;amp; Spa","2026-01-04","","Sumatera Utara","",""
"1608708","","Sevty Beauty SPA","2026-01-04","","KOTA BANDA ACEH","",""
"1604405","","Moto 10 TOKO SPAREPART SEPEDA MOTOR","2026-01-04","","KOTA SURABAYA","",""
"1603147","","deep spa","2026-01-04","","DKI Jakarta","",""
"1576061","","Nadilla Salon &amp;amp; Spa","2026-01-04","","DI Yogyakarta","",""
"1576047","","Themy Spa &amp;amp; Salon","2026-01-04","","DI Yogyakarta","",""
"1576012","","Ekstens Coffee &amp;amp; Space","2026-01-04","","DI Yogyakarta","",""
"1576011","","Ekstens Coffee &amp;amp; Space","2026-01-04","","DI Yogyakarta","",""
"1576009","","Dua Sisi Eatery &amp;amp; Space","2026-01-04","","DI Yogyakarta","",""
"1573423","","Jerajis SPA","2026-01-04","","Bali","",""
"1573379","","KOYA Spa Bali","2026-01-04","","Bali","",""
"1682466","","VESPA PUTRA SULAWESI","2026-01-03","","Sulawesi Tenggara","",""
"1681682","","SUNHEY SPACE","2026-01-03","","KOTA PARE PARE","",""
"1678837","","PINK BEAUTY SPA","2026-01-03","","Kalimantan Timur","",""
"1678748","","PODIY Spa","2026-01-03","","KOTA BALIKPAPAN","",""
"1678746","","WEISZ GAMING SPACE","2026-01-03","","Kalimantan Timur","",""
"1677626","","REDLANE Coffee &amp;amp; Space","2026-01-03","","KOTA BANJARMASIN","",""
"1677588","","Yulia Muslimah Beauty Salon &amp;amp; Spa","2026-01-03","","Kalimantan Selatan","",""
"1677583","","Laluna SALON SPA","2026-01-03","","Kalimantan Selatan","",""
"1674614","","Lina SPA &amp;amp; Wellness","2026-01-03","","Nusa Tenggara Barat","",""
"1674595","","Lina Spa &amp;amp; Wellness","2026-01-03","","Nusa Tenggara Barat","",""
"1674572","","WW space","2026-01-03","","KAB. LOMBOK BARAT","",""
"1674563","","LINA BOUTIQUE VILLAS &amp;amp; SPA","2026-01-03","","Nusa Tenggara Barat","",""
"1674561","","wan space","2026-01-03","","KAB. LOMBOK BARAT","",""
"1674555","","Lina SPA &amp;amp; WELLNESS","2026-01-03","","Nusa Tenggara Barat","",""
"1673433","","Lolita Bali SPANISH BAR","2026-01-03","","Bali","",""
"1673360","","MIER nails space","2026-01-03","","Bali","",""
"1673357","","The Seminyak Beach Resort &amp;amp; Spa","2026-01-03","","KOTA DENPASAR","",""
"1672193","","Wuffy Space","2026-01-03","","KAB. TANGERANG","",""
"1671009","","PT Transpacific Finance","2026-01-03","","KAB. BANYUWANGI","",""
"1670921","","Klinik Dr.Nieg Beauty &amp;amp; Spa","2026-01-03","","KAB. BLITAR","",""
"1669782","","Choky Spaghetti Yogyakarta","2026-01-03","","DI Yogyakarta","",""
"1668569","","Shabira Mom &amp;amp; Baby HomeSpa","2026-01-03","","KAB. KLATEN","",""
"1668563","","Ayu Water Spa","2026-01-03","","KOTA SOLO","",""
"1668518","","SUNGAI SPACE","2026-01-03","","KOTA TEGAL","",""
"1663252","","Rumahijo Coffee &amp;amp; Space","2026-01-03","","Sumatera Selatan","",""
"1662808","","TOKO SPAREPARTS","2026-01-03","","Jambi","",""
"1661019","","Toko Sparepart Mobil Kota Solok","2026-01-03","","KAB. SOLOK","",""
"1659888","","Star City Hotel &amp;amp; Spa","2026-01-03","","Sumatera Utara","",""
"1655400","","VESPA PUTRA SULAWESI","2026-01-03","","Sulawesi Tenggara","",""
"1655387","","Perusahaan Bergerak dibidang Spare Part Motor dan lain lain","2026-01-03","","KAB. MUNA BARAT","",""
"1654602","","Partner Cafe &amp;amp; Space","2026-01-03","","Sulawesi Selatan","",""
"1653830","","Partner Cafe &amp;amp; Space","2026-01-03","","Sulawesi Selatan","",""
"1648967","","Ainsiey Beauty &amp;amp; SPA","2026-01-03","","KOTA BALIKPAPAN","",""
"1646722","","Marwangi Day Spa","2026-01-03","","KOTA BANJARMASIN","",""
"1646573","","A'LONG SPACE","2026-01-03","","Kalimantan Selatan","",""
"1645228","","Marwangi Day Spa","2026-01-03","","KOTA BANJARMASIN","",""
"1645189","","OBELIX SALON &amp;amp; SPA","2026-01-03","","KOTA BANJARMASIN","",""
"1644864","","OBELIX SALON &amp;amp; SPA","2026-01-03","","Kalimantan Tengah","",""
"1643149","","JARI JEMARI Beauty Bar and Spa","2026-01-03","","Kalimantan Barat","",""
"1641489","","Gardenia Resort and Spa","2026-01-03","","KAB. KUBU RAYA","",""
"1640956","","Southeast. Coffee Space &amp;amp; Eatery","2026-01-03","","KAB. LOMBOK BARAT","",""
"1639257","","Lina SPA &amp;amp; WELLNESS","2026-01-03","","Nusa Tenggara Barat","",""
"1639245","","Lina Boutique Villas &amp;amp; Spa","2026-01-03","","Nusa Tenggara Barat","",""
"1638278","","THE VIE SPA &amp;amp; STUDIO","2026-01-03","","Bali","",""
"1638267","","KOYA Spa Bali","2026-01-03","","Bali","",""
"1638241","","Parina spa","2026-01-03","","Bali","",""
"1637330","","UR SPA","2026-01-03","","KAB. GIANYAR","",""
"1633156","","Bimbi Baby Spa","2026-01-03","","KAB. NGANJUK","",""
"1633146","","Sabrina Baby Spa and Shop","2026-01-03","","KAB. MOJOKERTO","",""
"1632681","","Urban Bag Spa","2026-01-03","","KOTA SURABAYA","",""
"1630783","","ROMANCE Hotel &amp;amp; Spa / DYNASTY Hotel &amp;amp; Spa","2026-01-03","","DI Yogyakarta","",""
"1630766","","Galuh Beauty &amp;amp; Spa","2026-01-03","","DI Yogyakarta","",""
"1628092","","SEPAKAT COLLABORATIVE SPACE","2026-01-03","","KOTA MAGELANG","",""
"1627970","","SEPAKAT COLLABORATIVE SPACE","2026-01-03","","KOTA MAGELANG","",""
"1625993","","Keenari Eatery &amp;amp; Space","2026-01-03","","Jawa Barat","",""
"1625103","","Brie Makeup Space","2026-01-03","","KAB. CIREBON","",""
"1622868","","Little Loma Space","2026-01-03","","DKI Jakarta","",""
"1621274","","Arjuna cafe &amp;amp; space","2026-01-03","","KAB. KARIMUN","",""
"1621221","","Senaira Home Spa","2026-01-03","","Kepulauan Riau","",""
"1621108","","Senaira Home Spa","2026-01-03","","KOTA BATAM","",""
"1621102","","Little Moon &amp;amp; Space","2026-01-03","","KAB. KARIMUN","",""
"1617639","","Iffa Salon &amp;amp; Spa","2026-01-03","","Bengkulu","",""
"1617610","","PT TRANSPACIFIC FINANCE","2026-01-03","","Bengkulu","",""
"1616810","","Octo Wellness Hotel &amp;amp; Spa Jambi","2026-01-03","","Jambi","",""
"1615946","","Octo Wellness Hotel &amp;amp; Spa Jambi","2026-01-03","","Jambi","",""
"1615934","","TOKO SPAREPARTS","2026-01-03","","Jambi","",""
"1610572","","ASPACINDO KEDATON MOTOR","2026-01-03","","Sumatera Utara","",""
"1610564","","Aspacindo Kedaton Motor","2026-01-03","","Sumatera Utara","",""
"1608451","","Svarasukma Coffee Space","2026-01-03","","KOTA BANDA ACEH","",""
"1608339","","Svarasukma Coffee Space","2026-01-03","","KOTA BANDA ACEH","",""
"1608238","","ISLAND SPAREPART","2026-01-03","","KOTA BANDA ACEH","",""
"1604297","","Moto 10 TOKO SPAREPART SEPEDA MOTOR","2026-01-03","","KOTA SURABAYA","",""
"1602996","","deep spa","2026-01-03","","DKI Jakarta","",""
"1601626","","Perusahaan Bergerak dibidang Spare Part Motor dan lain lain","2026-01-03","","KAB. MUNA BARAT","",""
"1601625","","VESPA PUTRA SULAWESI","2026-01-03","","Sulawesi Tenggara","",""
"1601603","","VESPA PUTRA SULAWESI","2026-01-03","","KAB. MUNA BARAT","",""
"1600892","","Utata Space","2026-01-03","","Sulawesi Selatan","",""
"1598969","","Malam Pagi Coffee &amp;amp; Space","2026-01-03","","Sulawesi Utara","",""
"1598117","","KARTA HOTEL &amp;amp; SPA","2026-01-03","","Kalimantan Timur","",""
"1598086","","BJ Sparepart","2026-01-03","","KOTA BONTANG","",""
"1598078","","AINSLEY Beauty &amp;amp; SPA","2026-01-03","","KAB. PASER","",""
"1596875","","Salon dan Spa Khusus Wanita","2026-01-03","","Kalimantan Selatan","",""
"1596865","","Tiyana muslimah beauty spa &amp;amp; salon","2026-01-03","","KOTA BANJARMASIN","",""
"1593957","","Gayatri Spa Lombok","2026-01-03","","Nusa Tenggara Barat","",""
"1593887","","Lina Boutique Villa &amp;amp; Spa","2026-01-03","","Nusa Tenggara Barat","",""
"1593862","","Lina SPA &amp;amp; Wellness","2026-01-03","","Nusa Tenggara Barat","",""
"1593853","","Lina Boutique Villas &amp;amp; Spa","2026-01-03","","Nusa Tenggara Barat","",""
"1592742","","Pradnya Therapy Beauty &amp;amp; Spa","2026-01-03","","Bali","",""
"1592673","","RESTING KOALA SPA","2026-01-03","","KOTA DENPASAR","",""
"1592658","","Kapulaga Spa","2026-01-03","","Bali","",""
"1589059","","Bunda Umar Muslimah Daily Salon &amp;amp; Spa","2026-01-03","","DI Yogyakarta","",""
"1589045","","Tiga Roda Spareparts","2026-01-03","","DI Yogyakarta","",""
"1584237","","Little Moon &amp;amp; Space","2026-01-03","","KAB. KARIMUN","",""
"1578002","","ISLAND SPAREPART","2026-01-03","","KOTA BANDA ACEH","",""
"1575975","","Nadilla Salon &amp;amp; Spa","2026-01-03","","DI Yogyakarta","",""
"1575961","","Themy Spa &amp;amp; Salon","2026-01-03","","DI Yogyakarta","",""
"1575922","","Ekstens Coffee &amp;amp; Space","2026-01-03","","DI Yogyakarta","",""
"1575921","","Ekstens Coffee &amp;amp; Space","2026-01-03","","DI Yogyakarta","",""
"1575919","","Dua Sisi Eatery &amp;amp; Space","2026-01-03","","DI Yogyakarta","",""
"1575897","","Nadilla Salon &amp;amp; Spa","2026-01-03","","DI Yogyakarta","",""
"1575883","","Themy Spa &amp;amp; Salon","2026-01-03","","DI Yogyakarta","",""
"1575844","","Ekstens Coffee &amp;amp; Space","2026-01-03","","DI Yogyakarta","",""
"1575843","","Ekstens Coffee &amp;amp; Space","2026-01-03","","DI Yogyakarta","",""
"1575841","","Dua Sisi Eatery &amp;amp; Space","2026-01-03","","DI Yogyakarta","",""
"1575817","","Nadilla Salon &amp;amp; Spa","2026-01-03","","DI Yogyakarta","",""
"1575803","","Themy Spa &amp;amp; Salon","2026-01-03","","DI Yogyakarta","",""
"1575764","","Ekstens Coffee &amp;amp; Space","2026-01-03","","DI Yogyakarta","",""
"1575763","","Ekstens Coffee &amp;amp; Space","2026-01-03","","DI Yogyakarta","",""
"1575761","","Dua Sisi Eatery &amp;amp; Space","2026-01-03","","DI Yogyakarta","",""
"1573177","","Jerajis SPA","2026-01-03","","Bali","",""
"1573133","","KOYA Spa Bali","2026-01-03","","Bali","",""
"1573019","","Niko Spa","2026-01-03","","Bali","",""
"1682420","","Perusahaan Bergerak dibidang Spare Part Motor dan lain lain","2026-01-02","","KAB. MUNA BARAT","",""
"1682388","","VESPA PUTRA SULAWESI","2026-01-02","","KAB. MUNA BARAT","",""
"1681485","","Utata Space","2026-01-02","","KOTA MAKASSAR","",""
"1678722","","BJ SPAREPART","2026-01-02","","Kalimantan Timur","",""
"1678641","","My Baby Spa","2026-01-02","","Kalimantan Timur","",""
"1678629","","Ainsiey Beauty &amp;amp; SPA","2026-01-02","","KOTA BALIKPAPAN","",""
"1678627","","BJ SPAREPART","2026-01-02","","Kalimantan Timur","",""
"1676381","","I.O Service &amp;amp; Sparepart","2026-01-02","","Kalimantan Tengah","",""
"1674530","","Lina Boutique Villa &amp;amp; Spa","2026-01-02","","Nusa Tenggara Barat","",""
"1674501","","Cquita Salon &amp;amp; Day Spa Lombok","2026-01-02","","KAB. LOMBOK BARAT","",""
"1674466","","Wn space","2026-01-02","","KAB. LOMBOK BARAT","",""
"1674456","","LINA BOUTIQUE VILLAS &amp;amp; SPA","2026-01-02","","KAB. LOMBOK BARAT","",""
"1673308","","Lumi&egrave;re SPA","2026-01-02","","Bali","",""
"1673303","","Senja Traditional Spa","2026-01-02","","KAB. GIANYAR","",""
"1670877","","PT.SPARTA SUKSES LOGISTIK","2026-01-02","","KAB. MOJOKERTO","",""
"1669693","","Tiga Roda Spareparts","2026-01-02","","DI Yogyakarta","",""
"1669628","","SAMBISARI COFFEE &amp;amp; SPACE","2026-01-02","","DI Yogyakarta","",""
"1668475","","AMANSA SPA AND WELLNESS","2026-01-02","","KAB. KARANGANYAR","",""
"1668439","","KHITANSPACE","2026-01-02","","KAB. KLATEN","",""
"1668390","","SPACE BUILT","2026-01-02","","KOTA SOLO","",""
"1665086","","Senaira Home Spa","2026-01-02","","KOTA BATAM","",""
"1665080","","ESCAPE SPA GROUP","2026-01-02","","Kepulauan Riau","",""
"1665077","","Maleeka Beauty Spa &amp;amp; Wellness","2026-01-02","","KAB. KARIMUN","",""
"1665074","","Little Moon &amp;amp; Space","2026-01-02","","KAB. KARIMUN","",""
"1665070","","MM BEAUTY SALON &amp;amp; SPA","2026-01-02","","KAB. KARIMUN","",""
"1662709","","Octo Wellness Hotel &amp;amp; Spa Jambi","2026-01-02","","Jambi","",""
"1662674","","Octo Wellness Hotel &amp;amp; Spa Jambi","2026-01-02","","KAB. BUNGO","",""
"1662641","","Octo Wellness Hotel &amp;amp; Spa Jambi","2026-01-02","","Jambi","",""
"1661779","","D'ARRABELLE BEAUTY, SALON, &amp;amp; SPA","2026-01-02","","KOTA PEKANBARU","",""
"1658648","","Svarasukma Coffee Space","2026-01-02","","KOTA BANDA ACEH","",""
"1658606","","ISLAND SPAREPART","2026-01-02","","KOTA BANDA ACEH","",""
"1654318","","Utata Space","2026-01-02","","Sulawesi Selatan","",""
"1654239","","Utata Space","2026-01-02","","Sulawesi Selatan","",""
"1654222","","SUNHEY SPACE","2026-01-02","","KOTA PARE PARE","",""
"1651388","","Mandalika Homespa","2026-01-02","","Sulawesi Tengah","",""
"1650916","","Malam Pagi Coffee &amp;amp; Space","2026-01-02","","Sulawesi Utara","",""
"1649969","","Malam Pagi Coffee &amp;amp; Space","2026-01-02","","Sulawesi Utara","",""
"1648883","","The Kasih Villas &amp;amp; Spa","2026-01-02","","KAB. KUTAI KARTANEGARA","",""
"1648829","","ABC Mobil Sparepart","2026-01-02","","Kalimantan Timur","",""
"1648797","","Kayumanis Nusa Dua Private Villa &amp;amp; Spa","2026-01-02","","KAB. KUTAI KARTANEGARA","",""
"1648795","","Alindra Villas &amp;amp; Spa","2026-01-02","","KAB. KUTAI KARTANEGARA","",""
"1648633","","Namu Space","2026-01-02","","Kalimantan Utara","",""
"1647470","","Podiy Spa","2026-01-02","","KAB. PASER","",""
"1647404","","AINSLEY BEAUTY &amp;amp; SPA","2026-01-02","","Kalimantan Timur","",""
"1646510","","Tiyana muslimah beauty spa &amp;amp; salon","2026-01-02","","KOTA BANJARMASIN","",""
"1646439","","SPACEGROUND.ID","2026-01-02","","Kalimantan Selatan","",""
"1642934","","Gardenia Resort and Spa","2026-01-02","","KAB. KUBU RAYA","",""
"1642777","","BabySpaPalangkaraya","2026-01-02","","Kalimantan Tengah","",""
"1641245","","JARI JEMARI Beauty Bar and Spa","2026-01-02","","Kalimantan Barat","",""
"1640867","","Moon Lombok Spa","2026-01-02","","Nusa Tenggara Barat","",""
"1640852","","Lina SPA &amp;amp; WELLNESS","2026-01-02","","KAB. LOMBOK BARAT","",""
"1640806","","LINA BOUTIQUE VILLAS &amp;amp; SPA","2026-01-02","","Nusa Tenggara Barat","",""
"1640772","","Lina SPA &amp;amp; WELLNESS","2026-01-02","","Nusa Tenggara Barat","",""
"1640753","","WW space","2026-01-02","","KAB. LOMBOK BARAT","",""
"1640750","","Moon Lombok Spa","2026-01-02","","Nusa Tenggara Barat","",""
"1640745","","Lina SPA &amp;amp; WELLNESS","2026-01-02","","Nusa Tenggara Barat","",""
"1639098","","The Chandi Boutique Resort &amp;amp; Spa","2026-01-02","","Nusa Tenggara Barat","",""
"1639087","","Moon Lombok Spa","2026-01-02","","Nusa Tenggara Barat","",""
"1639042","","Moon Lombok Spa","2026-01-02","","Nusa Tenggara Barat","",""
"1639030","","Moon Lombok Spa","2026-01-02","","Nusa Tenggara Barat","",""
"1639028","","Lina SPA &amp;amp; WELLNESS","2026-01-02","","KAB. LOMBOK BARAT","",""
"1637984","","Senja Traditional Spa","2026-01-02","","KAB. GIANYAR","",""
"1637926","","Lumi&egrave;re SPA","2026-01-02","","Bali","",""
"1627860","","Frangipani Coffee &amp;amp; Space","2026-01-02","","KAB. KLATEN","",""
"1627489","","MUTIARA Baby Spa &amp;amp; Mom Care","2026-01-02","","KAB. PURWOREJO","",""
"1625760","","SA&Eacute; RAGA HOME SPA","2026-01-02","","KOTA BANDUNG","",""
"1625057","","Oliver Reflexy &amp;amp; Spa","2026-01-02","","Jawa Barat","",""
"1623322","","Little Loma Space","2026-01-02","","DKI Jakarta","",""
"1620972","","ESCAPE SPA GROUP","2026-01-02","","Kepulauan Riau","",""
"1619126","","Katama Coffee &amp;amp; Space","2026-01-02","","Lampung","",""
"1617895","","Iffa Salon &amp;amp; Spa","2026-01-02","","Bengkulu","",""
"1616646","","GALAXY SPAREPART HP","2026-01-02","","KAB. BUNGO","",""
"1615752","","Octo Wellness Hotel &amp;amp; Spa Jambi","2026-01-02","","Jambi","",""
"1613204","","Mouara Coffee &amp;amp; Space","2026-01-02","","KOTA BUKITTINGGI","",""
"1612250","","Muslimah Prima Skin Care - Beauty Salon &amp;amp; Spa","2026-01-02","","KOTA PADANG","",""
"1610352","","Star City Hotel &amp;amp; Spa","2026-01-02","","Sumatera Utara","",""
"1604184","","Moto 10 TOKO SPAREPART SEPEDA MOTOR","2026-01-02","","KOTA SURABAYA","",""
"1604043","","Moto 10 TOKO SPAREPART SEPEDA MOTOR","2026-01-02","","KOTA SURABAYA","",""
"1602854","","deep spa","2026-01-02","","DKI Jakarta","",""
"1600798","","Origi Space","2026-01-02","","KOTA PARE PARE","",""
"1599717","","Mandalika Homespa","2026-01-02","","Sulawesi Tengah","",""
"1599696","","Mandalika Homespa","2026-01-02","","Sulawesi Tengah","",""
"1599667","","Mandalika Homespa","2026-01-02","","Sulawesi Tengah","",""
"1598962","","JALURDUA SPACE","2026-01-02","","Sulawesi Utara","",""
"1598014","","BJ SPAREPART","2026-01-02","","Kalimantan Timur","",""
"1596773","","NDH Beauty &amp;amp; Spa","2026-01-02","","KOTA BANJARMASIN","",""
"1596771","","Bunda Esti Baby Spa","2026-01-02","","Kalimantan Selatan","",""
"1596742","","Marwangi Day Spa","2026-01-02","","KOTA BANJARMASIN","",""
"1596708","","SPACEGROUND.ID","2026-01-02","","Kalimantan Selatan","",""
"1595601","","BabySpaPalangkaraya","2026-01-02","","Kalimantan Tengah","",""
"1593825","","WW space","2026-01-02","","KAB. LOMBOK BARAT","",""
"1593819","","Lina SPA &amp;amp; Wellness","2026-01-02","","Nusa Tenggara Barat","",""
"1593791","","LINA BOUTIQUE VILLAS &amp;amp; SPA","2026-01-02","","KAB. LOMBOK BARAT","",""
"1593784","","Lina SPA &amp;amp; WELLNESS","2026-01-02","","Nusa Tenggara Barat","",""
"1593775","","Lina SPA &amp;amp; Wellness","2026-01-02","","Nusa Tenggara Barat","",""
"1593757","","Moon Lombok Spa","2026-01-02","","Nusa Tenggara Barat","",""
"1593747","","Lina SPA &amp;amp; WELLNESS","2026-01-02","","Nusa Tenggara Barat","",""
"1592599","","Lumi&egrave;re SPA","2026-01-02","","Bali","",""
"1592598","","Vespa Gunung Agung","2026-01-02","","Bali","",""
"1592588","","Lash Nail and Spa Lounge Uluwatu","2026-01-02","","Bali","",""
"1591346","","Wuffy Space Raya","2026-01-02","","KOTA TANGERANG SELATAN","",""
"1587768","","LARASWARA WELLNESS SPA","2026-01-02","","KAB. KARANGANYAR","",""
"1584226","","ESCAPE SPA GROUP","2026-01-02","","Kepulauan Riau","",""
"1582474","","NAYBEAUTY SALON &amp;amp; SPA","2026-01-02","","Bengkulu","",""
"1582255","","Rumahijo Coffee &amp;amp; Space","2026-01-02","","Sumatera Selatan","",""
"1581954","","Local Space","2026-01-02","","Jambi","",""
"1581940","","Octo Wellness Hotel &amp;amp; Spa Jambi","2026-01-02","","KAB. BUNGO","",""
"1580897","","Salon &amp;amp; Spa Di Kampung","2026-01-02","","Riau","",""
"1580265","","Endorphins Space","2026-01-02","","Sumatera Barat","",""
"1580210","","PT Transpacific Finance","2026-01-02","","Sumatera Barat","",""
"1579043","","Star City Hotel &amp;amp; Spa","2026-01-02","","Sumatera Utara","",""
"1579000","","Star City Hotel &amp;amp; Spa","2026-01-02","","KAB. LABUHANBATU","",""
"1577861","","Svarasukma Coffee Space","2026-01-02","","Aceh","",""
"1575741","","Nadilla Salon &amp;amp; Spa","2026-01-02","","DI Yogyakarta","",""
"1575729","","Themy Spa &amp;amp; Salon","2026-01-02","","DI Yogyakarta","",""
"1575694","","Ekstens Coffee &amp;amp; Space","2026-01-02","","DI Yogyakarta","",""
"1575693","","Ekstens Coffee &amp;amp; Space","2026-01-02","","DI Yogyakarta","",""
"1575691","","Dua Sisi Eatery &amp;amp; Space","2026-01-02","","DI Yogyakarta","",""
"1572851","","Jerajis SPA","2026-01-02","","Bali","",""
"1572807","","KOYA Spa Bali","2026-01-02","","Bali","",""
"1572693","","Niko Spa","2026-01-02","","Bali","",""
"1680472","","Mandalika Homespa","2026-01-01","","Sulawesi Tengah","",""
"1680436","","Mandalika Homespa","2026-01-01","","Sulawesi Tengah","",""
"1680416","","KEDAI VESPA PALU","2026-01-01","","Sulawesi Tengah","",""
"1679698","","JALURDUA SPACE","2026-01-01","","Sulawesi Utara","",""
"1679227","","Namu Space","2026-01-01","","Kalimantan Utara","",""
"1678582","","Kaia Coffee &amp;amp; Space","2026-01-01","","KAB. PASER","",""
"1678564","","Kayumanis Nusa Dua Private Villa &amp;amp; Spa","2026-01-01","","KAB. KUTAI KARTANEGARA","",""
"1678553","","MADDEN SPACE &amp;amp; COFFEE","2026-01-01","","KAB. PASER","",""
"1678521","","AINSLEY Beauty &amp;amp; SPA","2026-01-01","","Kalimantan Timur","",""
"1677346","","Tiyana muslimah beauty spa &amp;amp; salon","2026-01-01","","KOTA BANJARMASIN","",""
"1674430","","un space","2026-01-01","","Nusa Tenggara Barat","",""
"1674354","","Lina SPA &amp;amp; WELLNESS","2026-01-01","","KAB. LOMBOK BARAT","",""
"1674349","","wn space","2026-01-01","","Nusa Tenggara Barat","",""
"1673194","","MIER nails space","2026-01-01","","Bali","",""
"1673177","","RESTING KOALA SPA","2026-01-01","","Bali","",""
"1673143","","Pradnya Therapy Beauty &amp;amp; Spa","2026-01-01","","Bali","",""
"1671992","","Soyana Salon &amp;amp; Spa","2026-01-01","","KOTA TANGERANG SELATAN","",""
"1671987","","District 9 Coffee &amp;amp; Space","2026-01-01","","KOTA TANGERANG SELATAN","",""
"1669523","","Le GARECA SPACE","2026-01-01","","DI Yogyakarta","",""
"1669509","","LeGARECA SPACE","2026-01-01","","DI Yogyakarta","",""
"1669487","","Nadya SPA","2026-01-01","","DI Yogyakarta","",""
"1665040","","MM BEAUTY SALON &amp;amp; SPA","2026-01-01","","KAB. KARIMUN","",""
"1663213","","Rumahijo Coffee &amp;amp; Space","2026-01-01","","Sumatera Selatan","",""
"1662521","","Eleu Social &amp;amp; Working Space","2026-01-01","","Jambi","",""
"1661729","","Salon &amp;amp; Spa Di Kampung","2026-01-01","","Riau","",""
"1660896","","Mouara Coffee &amp;amp; Space","2026-01-01","","KOTA BUKITTINGGI","",""
"1658569","","AYESHA BEAUTY SPA AND SKINCARE","2026-01-01","","Aceh","",""
"1658557","","Svarasukma Coffee Space","2026-01-01","","KOTA BANDA ACEH","",""
"1652269","","Mandalika Homespa","2026-01-01","","Sulawesi Tengah","",""
"1652240","","SATUSAMA GAMING SPACE","2026-01-01","","Sulawesi Tengah","",""
"1650878","","JALURDUA SPACE","2026-01-01","","Sulawesi Utara","",""
"1650822","","OASIS JAPANESE HEAD SPA","2026-01-01","","Sulawesi Utara","",""
"1649823","","OASIS JAPANESE HEAD SPA","2026-01-01","","Sulawesi Utara","",""
"1648734","","The Calma Spa","2026-01-01","","KAB. KUTAI KARTANEGARA","",""
"1648674","","Karta Spa","2026-01-01","","Kalimantan Timur","",""
"1646376","","Bunda Esti Baby Spa","2026-01-01","","Kalimantan Selatan","",""
"1646338","","Tiyana muslimah beauty spa &amp;amp; salon","2026-01-01","","KOTA BANJARMASIN","",""
"1644655","","Serdadu Coffe Shop &amp;amp; Space","2026-01-01","","Kalimantan Selatan","",""
"1644648","","NDH Beauty &amp;amp; Spa","2026-01-01","","KOTA BANJARMASIN","",""
"1644507","","Ayam Gepuk Shibuya Space","2026-01-01","","Kalimantan Tengah","",""
"1640721","","Cquita Salon &amp;amp; Day Spa Lombok","2026-01-01","","Nusa Tenggara Barat","",""
"1640614","","Lina SPA &amp;amp; WELLNESS","2026-01-01","","Nusa Tenggara Barat","",""
"1640613","","LINA BOUTIQUE VILLAS &amp;amp; SPA","2026-01-01","","KAB. LOMBOK BARAT","",""
"1638952","","Lina SPA &amp;amp; WELLNESS","2026-01-01","","KAB. LOMBOK BARAT","",""
"1638934","","Lina Boutique Villas &amp;amp; Spa","2026-01-01","","Nusa Tenggara Barat","",""
"1637580","","Nugraha Lovina Seaview Resort &amp;amp; Spa","2026-01-01","","KAB. BANGLI","",""
"1637483","","Treatme Spa","2026-01-01","","Bali","",""
"1637138","","Parina spa","2026-01-01","","Bali","",""
"1637091","","The Kasih Villas &amp;amp; Spa","2026-01-01","","Bali","",""
"1636972","","LOA spa","2026-01-01","","Bali","",""
"1635014","","Wuffy Space Raya","2026-01-01","","KOTA TANGERANG SELATAN","",""
"1634971","","Wuffy Space","2026-01-01","","KAB. TANGERANG","",""
"1634923","","Sanghyang Indah Spa Resort","2026-01-01","","KOTA CILEGON","",""
"1634596","","Sanghyang Indah Spa Resort","2026-01-01","","KOTA CILEGON","",""
"1632545","","PT Transpacific Finance","2026-01-01","","KAB. BANYUWANGI","",""
"1632205","","Begawan Spaccio","2026-01-01","","KAB. MALANG","",""
"1629728","","HnBS Salon and Spa","2026-01-01","","DI Yogyakarta","",""
"1629717","","RCSM SPA &amp;amp; SALON MUSLIMAH","2026-01-01","","KOTA YOGYAKARTA","",""
"1629712","","ROMANCE Hotel &amp;amp; Spa / DYNASTY Hotel &amp;amp; Spa","2026-01-01","","DI Yogyakarta","",""
"1629676","","Denook Pregnancy Care &amp;amp; Babyspa","2026-01-01","","DI Yogyakarta","",""
"1627471","","Tariq Sparepart &amp;amp; Acc Hp","2026-01-01","","KAB. PATI","",""
"1627316","","Ayu Water Spa","2026-01-01","","KOTA SOLO","",""
"1622890","","tamura AUTOMOTIVE SPARE PARTS","2026-01-01","","KOTA ADM. JAKARTA BARAT","",""
"1620999","","Little Moon &amp;amp; Space","2026-01-01","","KAB. KARIMUN","",""
"1619317","","Katama Coffee &amp;amp; Space","2026-01-01","","KOTA BANDAR LAMPUNG","",""
"1617555","","NAYBEAUTY SALON &amp;amp; SPA","2026-01-01","","Bengkulu","",""
"1617533","","Rumahijo Coffee &amp;amp; Space","2026-01-01","","Sumatera Selatan","",""
"1617012","","Rumahijo Coffee &amp;amp; Space","2026-01-01","","Sumatera Selatan","",""
"1616574","","Octo Wellness Hotel &amp;amp; Spa Jambi","2026-01-01","","Jambi","",""
"1615428","","GALAXY SPAREPART HP","2026-01-01","","KAB. BUNGO","",""
"1615415","","RT SPAREPART","2026-01-01","","Jambi","",""
"1612137","","Toko Sparepart Mobil Kota Solok","2026-01-01","","KAB. SOLOK","",""
"1612124","","Endorphins Space","2026-01-01","","Sumatera Barat","",""
"1610467","","epoch coffee &amp;amp; space","2026-01-01","","KAB. ASAHAN","",""
"1610228","","Star City Hotel &amp;amp; Spa","2026-01-01","","Sumatera Utara","",""
"1610056","","Star City Hotel &amp;amp; Spa","2026-01-01","","Sumatera Utara","",""
"1607945","","Svarasukma Coffee Space","2026-01-01","","KOTA BANDA ACEH","",""
"1603920","","Moto 10 TOKO SPAREPART SEPEDA MOTOR","2026-01-01","","KOTA SURABAYA","",""
"1602690","","deep spa","2026-01-01","","DKI Jakarta","",""
"1600710","","Utata Space","2026-01-01","","Sulawesi Selatan","",""
"1597908","","Kayumanis Nusa Dua Private Villa &amp;amp; Spa","2026-01-01","","KAB. KUTAI KARTANEGARA","",""
"1597882","","PODIY Spa","2026-01-01","","KOTA BALIKPAPAN","",""
"1597828","","ABC MOBIL SPAREPART","2026-01-01","","Kalimantan Timur","",""
"1596684","","Yulia Muslimah Beauty Salon &amp;amp; Spa","2026-01-01","","Kalimantan Selatan","",""
"1595502","","OBELIX SALON &amp;amp; SPA","2026-01-01","","Kalimantan Tengah","",""
"1593695","","Lina SPA &amp;amp; WELLNESS","2026-01-01","","Nusa Tenggara Barat","",""
"1592461","","GORA SOCIAL SPACE","2026-01-01","","Bali","",""
"1592456","","MIER nails space","2026-01-01","","Bali","",""
"1590029","","Rumah Baby Spa Baby Kids &amp;amp; Mom SPA","2026-01-01","","KAB. BLITAR","",""
"1586442","","KANGEN KOPI &amp;amp; SPACE","2026-01-01","","KAB. CIREBON","",""
"1581821","","GALAXY SPAREPART HP","2026-01-01","","KAB. BUNGO","",""
"1581804","","Octo Wellness Hotel &amp;amp; Spa","2026-01-01","","Jambi","",""
"1581792","","Eleu Social &amp;amp; Working Space","2026-01-01","","Jambi","",""
"1580126","","Adipka Baby Spa &amp;amp; Wellness","2026-01-01","","KAB. SOLOK","",""
"1580113","","Mouara Coffee &amp;amp; Space","2026-01-01","","KOTA BUKITTINGGI","",""
"1578959","","kalamera COFFEE SPACE","2026-01-01","","Sumatera Utara","",""
"1578943","","Star City Hotel &amp;amp; Spa","2026-01-01","","Sumatera Utara","",""
"1575623","","Nadilla Salon &amp;amp; Spa","2026-01-01","","DI Yogyakarta","",""
"1575609","","Themy Spa &amp;amp; Salon","2026-01-01","","DI Yogyakarta","",""
"1575569","","Ekstens Coffee &amp;amp; Space","2026-01-01","","DI Yogyakarta","",""
"1575568","","Ekstens Coffee &amp;amp; Space","2026-01-01","","DI Yogyakarta","",""
"1575566","","Dua Sisi Eatery &amp;amp; Space","2026-01-01","","DI Yogyakarta","",""
"1575502","","Nadilla Salon &amp;amp; Spa","2026-01-01","","DI Yogyakarta","",""
"1575488","","Themy Spa &amp;amp; Salon","2026-01-01","","DI Yogyakarta","",""
"1575448","","Ekstens Coffee &amp;amp; Space","2026-01-01","","DI Yogyakarta","",""
"1575447","","Ekstens Coffee &amp;amp; Space","2026-01-01","","DI Yogyakarta","",""
"1575445","","Dua Sisi Eatery &amp;amp; Space","2026-01-01","","DI Yogyakarta","",""
"1572513","","Jerajis SPA","2026-01-01","","Bali","",""
"1572469","","KOYA Spa Bali","2026-01-01","","Bali","",""